pipeline,threshold,macro_f05
P5-Bwide,inf,0.05621
P5-Bwide,0.9999841817600447,0.6337575590015032
P5-Bwide,0.9999157894736842,0.6950760572755907
P5-Bwide,0.9999015036340922,0.6950863386608721
P5-Bwide,0.9997858672376874,0.7170604021239523
P5-Bwide,0.9997739216602377,0.7327704250885732
P5-Bwide,0.9997629294380692,0.7496830005977471
P5-Bwide,0.9997160560537578,0.7496851001648467
P5-Bwide,0.9997034359942304,0.7496878084981801
P5-Bwide,0.9996950968252775,0.77407206426957
P5-Bwide,0.9996758072370917,0.7740811551786608
P5-Bwide,0.9995851483094793,0.8163107996027947
P5-Bwide,0.9994195473835025,0.8364509169624459
P5-Bwide,0.9993807925165558,0.8474536341586429
P5-Bwide,0.9992402321032436,0.8598166672256109
P5-Bwide,0.9991669758015399,0.8598196569442256
P5-Bwide,0.9990545225338796,0.8730365898794445
P5-Bwide,0.9989506820566632,0.8783840683562912
P5-Bwide,0.9988499904646857,0.8783930266896245
P5-Bwide,0.99860529986053,0.8874279325739179
P5-Bwide,0.9982964224872232,0.8927368002111785
P5-Bwide,0.9982749599955564,0.8927377525921308
P5-Bwide,0.9982530571499876,0.903368632454769
P5-Bwide,0.9978970499506444,0.9062589029664558
P5-Bwide,0.9974424552429667,0.9084625007375859
P5-Bwide,0.997408351393262,0.9084648676843647
P5-Bwide,0.9972556178528466,0.913272627970576
P5-Bwide,0.9968654791154253,0.9142985122283547
P5-Bwide,0.9959395674862618,0.9199181323464604
P5-Bwide,0.9950453422660117,0.9205641373985943
P5-Bwide,0.9944237918215614,0.9220379842257151
P5-Bwide,0.9943127962085309,0.9247929333257188
P5-Bwide,0.9940107261049951,0.9291475372918685
P5-Bwide,0.9939849624060151,0.9305442804975459
P5-Bwide,0.993624975212371,0.9312512454594922
P5-Bwide,0.9934506384778313,0.9312563212170679
P5-Bwide,0.9932432432432432,0.9319293246352853
P5-Bwide,0.9931898179826143,0.9319310808570047
P5-Bwide,0.9928197398569785,0.9325656847285613
P5-Bwide,0.99258905256441,0.9349146405009578
P5-Bwide,0.9925581351598535,0.9349163071676246
P5-Bwide,0.992326765790085,0.9349174083581008
P5-Bwide,0.9920233964611948,0.9349198217780142
P5-Bwide,0.9918032786885246,0.9370314037035279
P5-Bwide,0.9914380239781968,0.9383849104308815
P5-Bwide,0.9911313196938523,0.9383872773776603
P5-Bwide,0.9906240410828011,0.9418810180260152
P5-Bwide,0.9903553043425937,0.9418828362078334
P5-Bwide,0.9892010436231571,0.9418845028745002
P5-Bwide,0.9882728613602911,0.9451588722180456
P5-Bwide,0.9878781257932271,0.9458638014223912
P5-Bwide,0.9874580899739366,0.9463463541136126
P5-Bwide,0.9854489385347516,0.9463475857851669
P5-Bwide,0.9853235784238842,0.9463565441185001
P5-Bwide,0.9831132621601198,0.9486273751457676
P5-Bwide,0.9826135727405682,0.9508573191476072
P5-Bwide,0.9821428571428571,0.9517297682863264
P5-Bwide,0.9804469273743017,0.9533677011007003
P5-Bwide,0.9803467925395795,0.9533704094340336
P5-Bwide,0.9796207225487783,0.9533741594340337
P5-Bwide,0.9786995791490785,0.9535066276988061
P5-Bwide,0.9765258215962441,0.9542016061799155
P5-Bwide,0.9755102040816327,0.9551346307847485
P5-Bwide,0.973960428830825,0.9551364489665667
P5-Bwide,0.9717916259438948,0.9551391572999001
P5-Bwide,0.966183574879227,0.9565455739444957
P5-Bwide,0.9644193259148385,0.9567349608352385
P5-Bwide,0.959731543624161,0.9572424071515817
P5-Bwide,0.9583333333333334,0.9574590157769421
P5-Bwide,0.9550561797752809,0.9587415524094653
P5-Bwide,0.9509803921568627,0.9592174229212331
P5-Bwide,0.950723497350105,0.9603123193641764
P5-Bwide,0.9502182327993279,0.9603137772200461
P5-Bwide,0.9487179487179487,0.9607980699095494
P5-Bwide,0.9444444444444444,0.9612310944568785
P5-Bwide,0.9433142389080882,0.9614910555087945
P5-Bwide,0.9414225941422594,0.9617450794021184
P5-Bwide,0.9404096834264432,0.9634308280232646
P5-Bwide,0.938239159001314,0.9647704084367378
P5-Bwide,0.9320987654320988,0.9650103456288598
P5-Bwide,0.9301773738936072,0.965012788810678
P5-Bwide,0.917349065807468,0.9652065985503488
P5-Bwide,0.9159663865546218,0.9656831395871769
P5-Bwide,0.9128205128205128,0.9659290729019118
P5-Bwide,0.9076923076923077,0.966122544932905
P5-Bwide,0.90625,0.9663896633888867
P5-Bwide,0.9035165655259064,0.9663872824365057
P5-Bwide,0.9029927032621827,0.966388383626982
P5-Bwide,0.896901326534189,0.9665103125823067
P5-Bwide,0.896551724137931,0.9665403399903525
P5-Bwide,0.8945987970345243,0.9665597087942073
P5-Bwide,0.8901683335142111,0.9665589512184497
P5-Bwide,0.8872875234018046,0.9666151264421398
P5-Bwide,0.8840579710144928,0.9666906969775251
P5-Bwide,0.8834569006968378,0.9666923043897206
P5-Bwide,0.8805309734513275,0.9669673815304551
P5-Bwide,0.8795513456024574,0.9669687668118405
P5-Bwide,0.8756476683937824,0.9674897592038896
P5-Bwide,0.8736673174428864,0.967804017902927
P5-Bwide,0.8661971830985915,0.9681291376789766
P5-Bwide,0.8518518518518519,0.9682149566460199
P5-Bwide,0.8387096774193549,0.9684175406258252
P5-Bwide,0.8383506597250849,0.9684155925738772
P5-Bwide,0.8355088713084147,0.9686005102084784
P5-Bwide,0.8310082307889081,0.9686114044318357
P5-Bwide,0.8220043173481596,0.9686088698696237
P5-Bwide,0.8171146605496848,0.9686099710600999
P5-Bwide,0.8125,0.9686807096814442
P5-Bwide,0.8105981112204649,0.968658124142521
P5-Bwide,0.8076923076923077,0.9687268214336416
P5-Bwide,0.8060767502025998,0.9687279226241178
P5-Bwide,0.8023832964961439,0.9687295410057363
P5-Bwide,0.8012820512820513,0.9689813535986223
P5-Bwide,0.7990746792443069,0.9689831717804405
P5-Bwide,0.7976618552536119,0.9689827645406216
P5-Bwide,0.7970297029702971,0.9691039755705226
P5-Bwide,0.7943262411347518,0.9693386155874144
P5-Bwide,0.7870932687535299,0.9693348655874144
P5-Bwide,0.7803397007886119,0.9693469168694658
P5-Bwide,0.7771739130434783,0.969454547660035
P5-Bwide,0.7702702702702703,0.96951886295376
P5-Bwide,0.7647058823529411,0.9695383138662348
P5-Bwide,0.7531143452508039,0.9696084805140368
P5-Bwide,0.75,0.9696058479382793
P5-Bwide,0.7443582400812057,0.9696073820291885
P5-Bwide,0.7380941370031892,0.9697205227963908
P5-Bwide,0.7272727272727273,0.9698055831962511
P5-Bwide,0.7228466482539663,0.9698151300660425
P5-Bwide,0.7217239868028669,0.9698184633993759
P5-Bwide,0.7144920371424148,0.9698839493936866
P5-Bwide,0.7019867549668874,0.9699060497324942
P5-Bwide,0.6923076923076923,0.9698634348990275
P5-Bwide,0.6915871805083085,0.9698589110895036
P5-Bwide,0.6888464164056697,0.96985599996554
P5-Bwide,0.687042621591798,0.9698583661775835
P5-Bwide,0.6846520705811753,0.9698583121964769
P5-Bwide,0.6785714285714286,0.9699123322384171
P5-Bwide,0.6770430940983826,0.969911009186469
P5-Bwide,0.6764905572839421,0.9699079632094575
P5-Bwide,0.6741071428571429,0.9696894969014819
P5-Bwide,0.6698781130823394,0.9696907469014819
P5-Bwide,0.6659341768560594,0.9696550550703429
P5-Bwide,0.6651026920012444,0.969655696095984
P5-Bwide,0.664489141468325,0.9696545945634171
P5-Bwide,0.6623983968979572,0.9696421703209928
P5-Bwide,0.66078250862056,0.969645252300288
P5-Bwide,0.6566843591094259,0.969640630786857
P5-Bwide,0.6547890794573793,0.9694471587077909
P5-Bwide,0.65419159500866,0.9693904184702947
P5-Bwide,0.6514410926940918,0.9693938203246072
P5-Bwide,0.6458333333333334,0.9692999927874183
P5-Bwide,0.6449341836310433,0.9692972404793618
P5-Bwide,0.625,0.9692960554967481
P5-Bwide,0.6123295048952508,0.9692827221634148
P5-Bwide,0.6112785143197332,0.9692351153398288
P5-Bwide,0.606425702811245,0.9690966643278653
P5-Bwide,0.6000231207289259,0.9690275375025285
P5-Bwide,0.5991185634399787,0.9690174805330282
P5-Bwide,0.594361706413395,0.9690197502698703
P5-Bwide,0.5852035723826231,0.9690223260274461
P5-Bwide,0.5760802839643765,0.9688583370590774
P5-Bwide,0.5709099184924361,0.9688595540461137
P5-Bwide,0.5652173913043478,0.9687563190070618
P5-Bwide,0.5635877397841981,0.968687662539369
P5-Bwide,0.5596330275229358,0.9684688017706766
P5-Bwide,0.5531914893617021,0.9683676738819048
P5-Bwide,0.5471680662954029,0.9683640591632899
P5-Bwide,0.5408138994984665,0.9683650687786746
P5-Bwide,0.5322459364613802,0.9680395505334963
P5-Bwide,0.523739636819263,0.9679917780636553
P5-Bwide,0.5115606936416187,0.9676008917654917
P5-Bwide,0.5044136714905151,0.9672539515646349
P5-Bwide,0.5,0.9671641439204547
P5-Bwide,0.4983372610497478,0.967166195202506
P5-Bwide,0.4981132075471696,0.9668663600563744
P5-Bwide,0.48511164448433125,0.9667274018290012
P5-Bwide,0.4782608695652174,0.9665912735406289
P5-Bwide,0.4687400989843593,0.9665877318739622
P5-Bwide,0.46111982899828596,0.9665762080644384
P5-Bwide,0.4536835692655358,0.9663126046825902
P5-Bwide,0.4519230769230769,0.9661500679837678
P5-Bwide,0.4477770903811049,0.9661406929837678
P5-Bwide,0.44636699550486425,0.9659096897887057
P5-Bwide,0.4421052631578947,0.9656348811201236
P5-Bwide,0.44187851255299637,0.9656301489772665
P5-Bwide,0.4378645445690153,0.9653288919547919
P5-Bwide,0.4299079972722698,0.9653028991959579
P5-Bwide,0.413340904379969,0.9651158080190323
P5-Bwide,0.4115925568624374,0.9651166688248931
P5-Bwide,0.40787867494332297,0.9651259112491355
P5-Bwide,0.40497205788971297,0.9651215738431206
P5-Bwide,0.40105931495033975,0.9648327031117657
P5-Bwide,0.4,0.9647992813758502
P5-Bwide,0.38975860085882225,0.9647379447905103
P5-Bwide,0.3730804000625263,0.964315533130648
P5-Bwide,0.3716890546630361,0.9639508212685076
P5-Bwide,0.37037037037037035,0.9637657982965627
P5-Bwide,0.3642765674336403,0.9635429176334428
P5-Bwide,0.35969273012172087,0.963511320794629
P5-Bwide,0.35652411650592636,0.9634905926202247
P5-Bwide,0.3507045048695506,0.9634908799765467
P5-Bwide,0.3487390202256686,0.9634896895003562
P5-Bwide,0.34597444369669667,0.9630120694752957
P5-Bwide,0.3407821229050279,0.962678769447818
P5-Bwide,0.335,0.9622975947628232
P5-Bwide,0.3331593014490878,0.96220654526751
P5-Bwide,0.32142857142857145,0.9619567963264141
P5-Bwide,0.31957310517596016,0.9619577627129687
P5-Bwide,0.31639216570922074,0.9617520756125588
P5-Bwide,0.29906542056074764,0.9614783791225467
P5-Bwide,0.29391650196483465,0.9614757851375844
P5-Bwide,0.29350306484358707,0.9614712556320021
P5-Bwide,0.28776978417266186,0.960870977710493
P5-Bwide,0.2838427947598253,0.9596410747211049
P5-Bwide,0.2741441508555612,0.9596400330544382
P5-Bwide,0.2609819121447029,0.9587137216887364
P5-Bwide,0.25880275851303924,0.958710801756657
P5-Bwide,0.2568155829853759,0.957929513737075
P5-Bwide,0.25602596412770373,0.9579292478336122
P5-Bwide,0.2551364878319144,0.957928184237121
P5-Bwide,0.24352331606217617,0.9571997026021262
P5-Bwide,0.2356641888320391,0.95654470864721
P5-Bwide,0.23229554415032178,0.9563214099807793
P5-Bwide,0.22729339475233462,0.9563181282470332
P5-Bwide,0.224,0.9547518909578625
P5-Bwide,0.2222222222222222,0.9547378460834792
P5-Bwide,0.22059803033854067,0.9547340960834793
P5-Bwide,0.21839080459770116,0.9543181847841601
P5-Bwide,0.2060613811550419,0.9543138843489324
P5-Bwide,0.2023634543149585,0.9543106303806783
P5-Bwide,0.19900497512437812,0.9537371806584133
P5-Bwide,0.19696969696969696,0.9532471866337183
P5-Bwide,0.1910569105691057,0.9525537934870646
P5-Bwide,0.18974676603411295,0.9523989208129052
P5-Bwide,0.18860122301243412,0.9516239824040004
P5-Bwide,0.18670840109471912,0.9515407267388677
P5-Bwide,0.18497109826589594,0.9502671913935751
P5-Bwide,0.17505629474323262,0.9502646899028176
P5-Bwide,0.17169999658795987,0.9502651660932938
P5-Bwide,0.16853932584269662,0.9495557808026034
P5-Bwide,0.16666666666666666,0.9482304221208363
P5-Bwide,0.16226972613283433,0.9480951831320936
P5-Bwide,0.15789473684210525,0.9474746930051681
P5-Bwide,0.1568627450980392,0.9472200793094618
P5-Bwide,0.15241027104635116,0.9472181045398808
P5-Bwide,0.14950018993857472,0.946865073465934
P5-Bwide,0.14031919298913398,0.9468620338015555
P5-Bwide,0.13157894736842105,0.944943528794364
P5-Bwide,0.13059068189782416,0.9441255045295607
P5-Bwide,0.1282682430932846,0.9437226813233116
P5-Bwide,0.1267512920104482,0.9437167130693433
P5-Bwide,0.12312312312312312,0.9418512059571127
P5-Bwide,0.11948013526434133,0.9411477072253182
P5-Bwide,0.11706656060847931,0.9411361199237309
P5-Bwide,0.11640254979661782,0.94113373897135
P5-Bwide,0.109912282329174,0.9399848906363385
P5-Bwide,0.10887347261350183,0.9399730156363385
P5-Bwide,0.10734463276836158,0.9386432589852716
P5-Bwide,0.10530178396945351,0.9386388780328906
P5-Bwide,0.10060420479269727,0.9376642934780507
P5-Bwide,0.09905310051523482,0.9376002809777089
P5-Bwide,0.09743589743589744,0.9369157857760125
P5-Bwide,0.0962794709033374,0.9369133315635583
P5-Bwide,0.08974358974358974,0.9366259811567653
P5-Bwide,0.08351893095768374,0.9338229070133154
P5-Bwide,0.08064516129032258,0.9332020096994285
P5-Bwide,0.07685975124108031,0.9311159986468203
P5-Bwide,0.07268103999677018,0.9311157821109233
P5-Bwide,0.06771709474072152,0.9294405641314513
P5-Bwide,0.06701291887197959,0.9280802250102066
P5-Bwide,0.06675224646983312,0.9257797708695202
P5-Bwide,0.06374501992031872,0.9247091831238856
P5-Bwide,0.06362501916384442,0.9246891831238856
P5-Bwide,0.0632235293319321,0.9212797950549372
P5-Bwide,0.05917373969930829,0.9210036134771445
P5-Bwide,0.05793060138522197,0.9210012071747382
P5-Bwide,0.05416591692965393,0.9209983065337126
P5-Bwide,0.053691275167785234,0.9205192739014711
P5-Bwide,0.0533294458951673,0.9205134760735681
P5-Bwide,0.05329767572806871,0.9205107237655117
P5-Bwide,0.052693986114058164,0.9199190128859811
P5-Bwide,0.052321708932132435,0.9198606828092974
P5-Bwide,0.051684864381548505,0.9197156503022423
P5-Bwide,0.05159696303328081,0.9197155492921414
P5-Bwide,0.05150976909413854,0.9176840853596926
P5-Bwide,0.05117083531889736,0.916784361146197
P5-Bwide,0.051001821493624776,0.9148131647024094
P5-Bwide,0.050808314087759814,0.9103911356595157
P5-Bwide,0.049024074367303175,0.9103883261357062
P5-Bwide,0.04698512839634249,0.9095916713422075
P5-Bwide,0.04310344827586207,0.9090324027529001
P5-Bwide,0.04225352112676056,0.9089111042031369
P5-Bwide,0.04008438818565401,0.9074981210071481
P5-Bwide,0.038535645472061654,0.9046954211484957
P5-Bwide,0.03774647887323944,0.8996735951893705
P5-Bwide,0.03759806447175024,0.8996719285227038
P5-Bwide,0.037037037037037035,0.8990928493439497
P5-Bwide,0.03672612801678909,0.8964100972275
P5-Bwide,0.03553299492385787,0.8937502568005139
P5-Bwide,0.03455351465986422,0.8937469610611655
P5-Bwide,0.03260052571141925,0.8886337372475219
P5-Bwide,0.03213957759412305,0.8841933517954065
P5-Bwide,0.031749916412922526,0.8841915666110125
P5-Bwide,0.03120963469915209,0.8824880077265665
P5-Bwide,0.030978293113076958,0.882484696049072
P5-Bwide,0.030476190476190476,0.8787561845080172
P5-Bwide,0.0277763524793916,0.8780660457085967
P5-Bwide,0.026043524794862646,0.8707012041784558
P5-Bwide,0.024228190522830602,0.8690035227829513
P5-Bwide,0.023931071942085855,0.86900158956115
P5-Bwide,0.023836024420058232,0.8689973790348343
P5-Bwide,0.023027732358425732,0.8687312629488401
P5-Bwide,0.021671826625386997,0.8618643778572868
P5-Bwide,0.02089009990917348,0.8557358146227406
P5-Bwide,0.0205490118672053,0.8522000059729637
P5-Bwide,0.01969076533512587,0.8521969663085852
P5-Bwide,0.01932259548978919,0.8521941694613948
P5-Bwide,0.01849579241266096,0.8521939611280615
P5-Bwide,0.018384646715497104,0.851233249396296
P5-Bwide,0.018115942028985508,0.849930854571952
P5-Bwide,0.017909190561127365,0.8499243990118533
P5-Bwide,0.017380004255137506,0.8493845871510968
P5-Bwide,0.01721383366497774,0.8450579818890183
P5-Bwide,0.016990956426418197,0.8361454753215855
P5-Bwide,0.01639344262295082,0.8357829451361583
P5-Bwide,0.015228426395939087,0.8353019325815066
P5-Bwide,0.015060240963855422,0.8336092249605361
P5-Bwide,0.01431965526220749,0.8336047581146578
P5-Bwide,0.014179601135625441,0.8336028157587682
P5-Bwide,0.014004791844986302,0.8336010179242496
P5-Bwide,0.013877720884324747,0.8335995166987594
P5-Bwide,0.013361528674155378,0.8335966600866229
P5-Bwide,0.012951969778737183,0.8248599519749578
P5-Bwide,0.012739546212639974,0.8248588423135055
P5-Bwide,0.012656112297635204,0.8194052560928368
P5-Bwide,0.012621643450236414,0.8194009503350298
P5-Bwide,0.012560503144122662,0.8194004968202906
P5-Bwide,0.01251180967231559,0.8186684690919284
P5-Bwide,0.01207539859909427,0.8058346816966879
P5-Bwide,0.011764527897899203,0.8058326875985392
P5-Bwide,0.011345134025700651,0.8058311002969519
P5-Bwide,0.011102566550085026,0.8058275263082166
P5-Bwide,0.010771992818671455,0.8033725710818633
P5-Bwide,0.0103819270848974,0.8033708171317706
P5-Bwide,0.010105317282490924,0.8019445567608373
P5-Bwide,0.009892364856170628,0.8019424514976794
P5-Bwide,0.009321035665052612,0.7947248128103509
P5-Bwide,0.009182333479536411,0.7944808777796445
P5-Bwide,0.009099085203882903,0.7944766476390757
P5-Bwide,0.008914290457510602,0.7944753073683235
P5-Bwide,0.008609671585370834,0.782623359815036
P5-Bwide,0.00815510336093656,0.782621254551878
P5-Bwide,0.007585513914621909,0.7826185429531319
P5-Bwide,0.006993895024232908,0.7826166356310632
P5-Bwide,0.006513760345182765,0.7770981096193934
P5-Bwide,0.006196746707978312,0.7747490302532313
P5-Bwide,0.00583203732503888,0.7611585364986997
P5-Bwide,0.0055147058823529415,0.7598569808869651
P5-Bwide,0.005128155491854173,0.7598535086647429
P5-Bwide,0.004914004914004914,0.7583299798956274
P5-Bwide,0.0047158103747828245,0.7507493184926648
P5-Bwide,0.0045116694185510856,0.7465557889188793
P5-Bwide,0.0044272029914601855,0.7390911130490877
P5-Bwide,0.004399960670286358,0.7360718825759752
P5-Bwide,0.004324843825084094,0.73245854283872
P5-Bwide,0.004120455028131329,0.7324558615490143
P5-Bwide,0.003976143141153081,0.730314946353844
P5-Bwide,0.003909304143862392,0.7221110654741166
P5-Bwide,0.0034934334586480004,0.7221102258689779
P5-Bwide,0.0030349013657056147,0.7197606746826969
P5-Bwide,0.0027994193864145918,0.7197593016849851
P5-Bwide,0.0022886488802882675,0.7197581921356196
P5-Bwide,0.001961425302386401,0.7049423296919957
P5-Bwide,0.0019043910268043986,0.6972427973318316
P5-Bwide,0.001801083463655654,0.697241655651874
P5-Bwide,0.001780723174524336,0.6954866242865639
P5-Bwide,0.0016416991586291811,0.6857287562660069
P5-Bwide,0.0015378700499807767,0.681967681119591
P5-Bwide,0.001506993629461487,0.6819641071308559
P5-Bwide,0.001411314696440106,0.6819630634875921
P5-Bwide,0.0012116316639741518,0.6781868162395883
P5-Bwide,0.0011554015020219526,0.670530773843113
P5-Bwide,0.0011286833776611184,0.6705284068963343
P5-Bwide,0.001114417371339404,0.6652201714564193
P5-Bwide,0.0009439899307740718,0.6581196429455867
P5-Bwide,0.0007966394366085643,0.6581173779883218
P5-Bwide,0.0007079144839303412,0.6493288470530765
P5-Bwide,0.0005270330115008522,0.6382914219012586
P5-Bwide,0.00030664549145144776,0.6144941736000931
P5-Bwide,0.00029348951568163983,0.6144930797025974
P5-Bwide,0.0002636022837222066,0.6050983652955622
P5-Bwide,0.00021117935880504652,0.6050960394331143
P5-Bwide,0.00015451174289245981,0.5835382759436859
P5-Bwide,9.491815690668121e-05,0.566129659481757
P5-Bwide,7.31791089666779e-05,0.5542909627213242
P5-Bwide,5.739539688916949e-05,0.5373865498190423
P5-Bwide,4.12780097294365e-05,0.5228403108470343
P5-Bwide,2.2118021764133417e-05,0.49435460201154957
P5-Bwide,1.0470311690628665e-05,0.4943540103221656
P5-Bwide,0.0,0.10659198649960679
P6,inf,0.05621
P6,0.9999898319757303,0.6299600714703835
P6,0.9999766570872108,0.6299638748891868
P6,0.9999007699868832,0.6299822082225202
P6,0.9998643331976665,0.7008301531110842
P6,0.9998354782361101,0.7262049161970575
P6,0.9998088635362007,0.746472314530692
P6,0.9997124527633284,0.7464737728640253
P6,0.9996898870825812,0.7569382954253581
P6,0.9996669171999036,0.7686962743844473
P6,0.9996557264172595,0.7987740528720542
P6,0.9996066089693155,0.8081749406383139
P6,0.9994778813223749,0.8290472048800089
P6,0.9994158878504673,0.8521248306802796
P6,0.9992706053975201,0.860451891427465
P6,0.9991830894063907,0.8604538235645162
P6,0.9990238715529445,0.8670179976203363
P6,0.9988851727982163,0.8722281010204928
P6,0.9986374233162755,0.8744270209522963
P6,0.998567335243553,0.8803571915629739
P6,0.9984245766049625,0.888211522482635
P6,0.9981200646769558,0.888214135425248
P6,0.9976355146217393,0.9001257623280684
P6,0.9972658920027341,0.9087389180526971
P6,0.9969656749044441,0.9153305013132955
P6,0.9967320261437909,0.9203511142766511
P6,0.9961590254039603,0.9203541039952657
P6,0.9955167089026167,0.9203569018836519
P6,0.995398773006135,0.9277489968339941
P6,0.9945429364591524,0.9324965818295898
P6,0.9939400407935827,0.9324999124572955
P6,0.9935483870967742,0.9328001684896032
P6,0.9934704158596843,0.9344692676908634
P6,0.9932659932659933,0.9357541729585959
P6,0.9931192660550459,0.9374653946691651
P6,0.9931046205176484,0.9374679677211131
P6,0.9929712351372805,0.9374705917637371
P6,0.992822966507177,0.9395005264535072
P6,0.9927652529680858,0.9395016759290317
P6,0.9926998307823106,0.939502628309984
P6,0.9926233156244433,0.9406762184252028
P6,0.9919936823469846,0.9406778850918696
P6,0.9918638113403655,0.9406798790782754
P6,0.9915179191747396,0.9406812643596607
P6,0.9913793103448276,0.9414960620051804
P6,0.9905283526411527,0.9423523211217222
P6,0.9900990099009901,0.942751089894608
P6,0.9892817426455377,0.9427629080764263
P6,0.9883720930232558,0.9432026637537697
P6,0.9858356940509915,0.9439135323737531
P6,0.9830508474576272,0.9465173461825152
P6,0.9804241435562806,0.9496486141040901
P6,0.9767035608307294,0.9496505648616659
P6,0.9735210687057494,0.949758772229869
P6,0.9717261904761905,0.9511239596648626
P6,0.970775925270677,0.9522151878226163
P6,0.9700939639472285,0.9522167219135254
P6,0.9674329501915708,0.9546867866723305
P6,0.9673590933948416,0.9546894950056639
P6,0.9670619235836627,0.9561432645567425
P6,0.9661538461538461,0.956791095568179
P6,0.9654808816778689,0.9567927029803746
P6,0.9636363636363636,0.9569714370281333
P6,0.9629629629629629,0.9570323039277336
P6,0.9611650485436893,0.9574374142654285
P6,0.9592111351645735,0.9578171984442561
P6,0.9585062240663901,0.9586419998078175
P6,0.9583021803443497,0.9590777511507075
P6,0.9561752988047809,0.9594266157544419
P6,0.9549039918165427,0.9594303657544418
P6,0.9539634273163128,0.9594958181063113
P6,0.9516129032258065,0.9605184041559014
P6,0.9487186333660439,0.9605199220130443
P6,0.9464285714285714,0.9606053890150714
P6,0.9463030436113685,0.9606146314393138
P6,0.9430604982206405,0.961071776370063
P6,0.9392753639887083,0.9614849037299318
P6,0.937031509141555,0.9614848464342863
P6,0.9338103756708408,0.9622864671382207
P6,0.9318196395202273,0.962676916952198
P6,0.9303391938115632,0.9626780181426743
P6,0.9264705882352942,0.9628837891247757
P6,0.9173585895179613,0.9628847355346875
P6,0.9117647058823529,0.9629930595895952
P6,0.9107692307692308,0.9634017033234082
P6,0.9078947368421053,0.9639806601112039
P6,0.9044714326459589,0.9642641780562814
P6,0.8996686501701939,0.964274935632039
P6,0.8963607970769686,0.9644948094999817
P6,0.8837209302325582,0.9646862109819002
P6,0.8814432989690721,0.9650903620518131
P6,0.8734881313639582,0.9652335602100724
P6,0.8704066845134982,0.9652374563139684
P6,0.8703284284214002,0.9652389741711114
P6,0.8648648648648649,0.96559128594276
P6,0.863698041249011,0.9655922383237123
P6,0.8584905660377359,0.9657451214459102
P6,0.8563197709709875,0.9657436411827524
P6,0.8556017731164454,0.9657450237585099
P6,0.854689736608783,0.9657475995160858
P6,0.8529959109447359,0.9657956129950387
P6,0.8421052631578947,0.9661098258596039
P6,0.8375,0.9664410839957644
P6,0.8260869565217391,0.9665094404490076
P6,0.8227466627610763,0.9665108410092317
P6,0.8214285714285714,0.9667288919557209
P6,0.8169014084507042,0.9668050270983227
P6,0.8125,0.966850373224417
P6,0.803921568627451,0.9669749148589795
P6,0.7995227682334844,0.9672070009701375
P6,0.7931034482758621,0.9672361085671045
P6,0.7895586913470583,0.9673809245335532
P6,0.7840909090909091,0.9674559864282243
P6,0.781804712738285,0.9675889620163688
P6,0.7773948147107045,0.9675909127739446
P6,0.7722334446061448,0.9675925794406113
P6,0.7695396688925616,0.9675945301981871
P6,0.7672289427198479,0.9676386063646089
P6,0.7597785265305629,0.9676501930366864
P6,0.7578536222398327,0.9676512779321832
P6,0.7560975609756099,0.9676741262222618
P6,0.7516162273310084,0.9677233125648138
P6,0.7463179028161367,0.9677333125648139
P6,0.7444444444444445,0.9677216419172637
P6,0.7436531988272637,0.9677227978312422
P6,0.7411753304796725,0.9677257554985749
P6,0.7407407407407407,0.9677120694869896
P6,0.7395964493160505,0.9676840928611148
P6,0.7392689762768969,0.9676856269520239
P6,0.7385946990146406,0.9676761031425001
P6,0.7328407159313967,0.9676050885300337
P6,0.7246924155092737,0.9676070072363275
P6,0.7188208616780045,0.9676795612096648
P6,0.7058482922596352,0.9676786580897963
P6,0.7017543859649122,0.9676586329938759
P6,0.6990291262135923,0.9675696991801518
P6,0.6932148657220321,0.9675669864360639
P6,0.691186390395355,0.9675644369855145
P6,0.6880001766788764,0.9675659413145189
P6,0.6875851779119679,0.9675668936954712
P6,0.6851340231386271,0.9675675749489575
P6,0.6842451998553037,0.9675666090398666
P6,0.6797965812357847,0.967553124466364
P6,0.6753246753246753,0.9675791480402456
P6,0.6556522679627242,0.9675833002411821
P6,0.652348029117259,0.9675820181899001
P6,0.6484437990202441,0.967584593947476
P6,0.6357325816968555,0.9675835372177763
P6,0.6319522715797229,0.9674993095581974
P6,0.6219606627918972,0.9674964664209424
P6,0.6,0.9675078673664882
P6,0.5878220140515222,0.9672373081831316
P6,0.5847547531152221,0.9672362321623782
P6,0.580425524732047,0.9671882839826818
P6,0.5701828809187417,0.9666001319282569
P6,0.5689655172413792,0.9665755981817234
P6,0.5686274509803921,0.9664734166333174
P6,0.567574377803787,0.966470083299984
P6,0.5665411730406689,0.9664714685813692
P6,0.5631131481757651,0.9664765061753543
P6,0.5601399658829469,0.9663795070603893
P6,0.5555555555555556,0.966376397313943
P6,0.5535714285714286,0.9663215110569902
P6,0.551256911597637,0.9663203205807996
P6,0.5495048766991747,0.9663225117229908
P6,0.546875,0.9662796722294201
P6,0.5452508323989983,0.9662484374845959
P6,0.5391304347826086,0.9661434998674293
P6,0.5362318840579711,0.9659833318974526
P6,0.5328947368421053,0.9659023813729359
P6,0.5315315315315314,0.9657861460065006
P6,0.5249000432748409,0.9657821657433427
P6,0.5185185185185184,0.9655295945022776
P6,0.5123898552352165,0.9655329278356111
P6,0.5,0.9650576756599397
P6,0.4971146535538938,0.9650594938417579
P6,0.4902884826322762,0.9650557219119333
P6,0.47922431019926864,0.9650500076262192
P6,0.47058823529411764,0.9650484747652198
P6,0.4699455888177043,0.9650467508029076
P6,0.4691455448015331,0.9650473758029077
P6,0.4685892140503299,0.9650489972207055
P6,0.46749267811321077,0.9650483722207055
P6,0.4661016949152541,0.9649141764096146
P6,0.4630910964132245,0.9649013192667575
P6,0.45689655172413796,0.9647944040866886
P6,0.4518679655021234,0.9644102881642757
P6,0.4438199395706818,0.9644071987333813
P6,0.4375,0.9643702966291949
P6,0.4243584573933141,0.9637213741045928
P6,0.41818181818181815,0.9632539751620344
P6,0.41179087406930936,0.9632512635632883
P6,0.40764331210191085,0.9629681337484565
P6,0.4,0.96262730760385
P6,0.39710292295003147,0.9626227837943261
P6,0.3880286390727598,0.9626042221908142
P6,0.38461538461538464,0.9623969509946304
P6,0.375,0.9622962423147433
P6,0.36816796724821765,0.9622938753679645
P6,0.3584108713456798,0.961867715133702
P6,0.35714285714285715,0.9616729733600698
P6,0.33787168388248706,0.9616677746052807
P6,0.3333333333333333,0.9614640085731851
P6,0.3313670776319587,0.9614650181885698
P6,0.3291139240506329,0.9610713710575165
P6,0.3276963053779785,0.9610597837559293
P6,0.3209432192029195,0.961046450422596
P6,0.30977617303218224,0.9606412511168482
P6,0.3087774769202271,0.9606395523988995
P6,0.30434782608695654,0.9599511702666255
P6,0.30400927328111915,0.9599457316701343
P6,0.3039309812890134,0.9599449633820499
P6,0.30316871384588834,0.9595517425302446
P6,0.3,0.9591100983635195
P6,0.2980132450331126,0.9588762329428775
P6,0.29607500036705364,0.9588746178757981
P6,0.2936157051319919,0.9588756274911828
P6,0.292668438007565,0.9588745215003994
P6,0.2867315144912877,0.958714001924744
P6,0.28327286977074606,0.957845263293887
P6,0.28125,0.9577403081244035
P6,0.2809446004025229,0.9577370541561495
P6,0.27722772277227725,0.9575283796271342
P6,0.27494359320805434,0.9575271891509439
P6,0.27324629459906946,0.9565351273808205
P6,0.27270937078879587,0.956426814110444
P6,0.26431442371093844,0.9564246572476989
P6,0.2588549979292506,0.9564302128032546
P6,0.25826428609856333,0.9564252503972396
P6,0.25609756097560976,0.9562168170878722
P6,0.2536564620813269,0.9556427635826492
P6,0.25263157894736843,0.9548437596317031
P6,0.24987086307254558,0.9546252628036594
P6,0.24358974358974358,0.9542961899682683
P6,0.23769250024105187,0.9541670708888321
P6,0.23469387755102042,0.9536815565810872
P6,0.2328767123287671,0.9530291508647785
P6,0.22837067802933406,0.9530250437219214
P6,0.22551928783382788,0.9521248662368487
P6,0.22435897435897437,0.9510228989753913
P6,0.2230359918962276,0.9510204599926297
P6,0.21786209272776488,0.9510110849926298
P6,0.2134533479831269,0.9509703027820969
P6,0.20869565217391303,0.9506554878868505
P6,0.2021803677087378,0.9503929162931185
P6,0.2,0.9503815032851214
P6,0.19753086419753085,0.9501993534763459
P6,0.19515636074136397,0.9490121078820679
P6,0.19240342037387553,0.9483971973550305
P6,0.17857142857142858,0.9478889252701418
P6,0.17065365540204727,0.9474902038361035
P6,0.16666666666666666,0.9473661365677644
P6,0.1622600119032625,0.9471983667046765
P6,0.15555555555555556,0.9469448968536872
P6,0.14708664943142755,0.94687373401789
P6,0.1391590447078817,0.9457797734856436
P6,0.1375,0.945074701942263
P6,0.1366120218579235,0.9441393594966256
P6,0.13291139240506328,0.9431722547632697
P6,0.13180267721050326,0.9431701495001119
P6,0.12569868010677845,0.9426559173307086
P6,0.12376914352374717,0.9426531909495384
P6,0.12341971728429497,0.9426482285435235
P6,0.11256086017520353,0.942645188879145
P6,0.1111111111111111,0.9422832678367616
P6,0.10852751086158224,0.9422790573104459
P6,0.10416666666666667,0.9377982621112988
P6,0.1034043253745628,0.9377946881225635
P6,0.1,0.9377653597793975
P6,0.09787234042553192,0.937126792034952
P6,0.09672131147540984,0.9351501775859516
P6,0.09626699701666643,0.9337508406559362
P6,0.09527426242975785,0.9337485014746495
P6,0.09512924166309392,0.9337106636771177
P6,0.09468938417536764,0.933706780893235
P6,0.09282693783678457,0.9337034475599015
P6,0.09251919964183936,0.9337011020659818
P6,0.08709512997547024,0.9328959010183482
P6,0.08415841584158416,0.930011991729987
P6,0.07692307692307693,0.9295471568917992
P6,0.0707070707070707,0.9285429295016464
P6,0.05718270571827057,0.9265345920124384
P6,0.055944055944055944,0.9260981891604563
P6,0.05514382021711374,0.926000393878943
P6,0.0549645390070922,0.9240768235669019
P6,0.05263157894736842,0.922487417263145
P6,0.05172413793103448,0.9198893076083282
P6,0.05,0.9187130717524399
P6,0.049364024896704724,0.9178664818766239
P6,0.048347250018461546,0.9178630819661895
P6,0.04815864022662889,0.9140504869413607
P6,0.04680387381185732,0.9140476438041057
P6,0.046228710462287104,0.9128496201464392
P6,0.04560260586319218,0.9120158555770472
P6,0.045317220543806644,0.9094892077363319
P6,0.04421768707482993,0.9067437599020773
P6,0.04073033707865169,0.9026162111718533
P6,0.04,0.9025014619197486
P6,0.0389908256880734,0.9011339511456391
P6,0.03789866282903363,0.9011312433958726
P6,0.035864978902953586,0.8995247457235279
P6,0.034623217922606926,0.896528963990836
P6,0.03356133348354818,0.8965271602390323
P6,0.03179262905082421,0.8963953829827586
P6,0.031411164784711385,0.8955081394074086
P6,0.02895752895752896,0.8930592259330077
P6,0.0288659793814433,0.8917614652574138
P6,0.026222537207654145,0.8804797414029473
P6,0.02581468917917244,0.8776411754474868
P6,0.025669642857142856,0.8726958273846264
P6,0.02539729306262209,0.8726939381970518
P6,0.024851489306855705,0.8726936623349828
P6,0.02444207530934125,0.8726880528840691
P6,0.024096385542168676,0.8724784044901099
P6,0.02368590569282873,0.8676203627009588
P6,0.0228573282209119,0.8644235068755326
P6,0.022850332323725707,0.8644189830660088
P6,0.022821576763485476,0.8630733552835422
P6,0.022134297291575473,0.8614879264884596
P6,0.021956087824351298,0.8601539135172203
P6,0.021806853582554516,0.85459973849914
P6,0.0212501866023349,0.8545955083585711
P6,0.021116726702646454,0.8545903470682485
P6,0.02032520325203252,0.8539192833039174
P6,0.0196754650533496,0.8525119915585689
P6,0.019230769230769232,0.85229338112083
P6,0.018683147546622036,0.8521477958267549
P6,0.018461538461538463,0.8504324909841066
P6,0.016985138004246284,0.849211270964042
P6,0.01524390243902439,0.8458189176863239
P6,0.015070154627214984,0.8453228491789087
P6,0.014849921011058451,0.8345193334604006
P6,0.014218009478672985,0.8336370873570873
P6,0.013333333333333334,0.8291133319522092
P6,0.013092218187756502,0.8280074164467701
P6,0.012897511388208922,0.8280062030768067
P6,0.012219451371571072,0.8190374285008803
P6,0.011824324324324325,0.8177822247301961
P6,0.011038635223281485,0.8054001709894499
P6,0.010560895009971634,0.8053966864159473
P6,0.009837678307919331,0.8009752418668806
P6,0.009727363231313789,0.8009738305765581
P6,0.009257053175419139,0.8009713793980531
P6,0.008901635575868925,0.8009680826947565
P6,0.008630680839371564,0.8009662254871596
P6,0.00813521479671315,0.8004557158273868
P6,0.008084655650781198,0.8004552623126476
P6,0.007829822005444308,0.8004530703141169
P6,0.007778738115816767,0.7952664564872609
P6,0.007438894792773645,0.7870473694023483
P6,0.007407070988209646,0.78704540255647
P6,0.006734006734006734,0.781812490077602
P6,0.00655997794500404,0.7818111170798903
P6,0.00631911532385466,0.7804591938204442
P6,0.005757894334342128,0.7804567258219207
P6,0.005330058495063809,0.7793671049759233
P6,0.005235602094240838,0.7789412805468167
P6,0.005031016570546453,0.7761160401581891
P6,0.004900043113071642,0.7733012000696622
P6,0.0045662100456621,0.7705496315847008
P6,0.004550413193279307,0.7705468855892774
P6,0.004505330752188318,0.7705438515335499
P6,0.00401965163019205,0.765250631522093
P6,0.003782925055113167,0.7652465839030453
P6,0.0037487051708996015,0.7652455232245935
P6,0.003607034872872192,0.7569150474108204
P6,0.003436426116838488,0.7553421167166624
P6,0.0034097954122752636,0.7493454089376825
P6,0.0033461231039778987,0.7493413613186349
P6,0.00332718539560242,0.7474410966164894
P6,0.0033132159680279174,0.7474396148285279
P6,0.0031880989825907066,0.7474368510563525
P6,0.0031547299952320467,0.7474328034373048
P6,0.00303951367781155,0.7405810727542078
P6,0.002852442684702147,0.7377630506504217
P6,0.0026455026455026454,0.7369394309869691
P6,0.0023059185242121443,0.7230461085512258
P6,0.0020661343524329633,0.7160569429880542
P6,0.0019914055130489466,0.6984065978304114
P6,0.0016981132075471698,0.6806114864320971
P6,0.0013181019332161687,0.6757973316591442
P6,0.0011776817340133695,0.6757963654755694
P6,0.0010286921798332127,0.6757946765677014
P6,0.0009635947450768066,0.6711842547103262
P6,0.0008310501744076228,0.6694857348354952
P6,0.0007704160246533128,0.6631441362163867
P6,0.0006997900629811056,0.6572130227358755
P6,0.0006902275314946477,0.657211832259685
P6,0.0006319442443555852,0.6572101496644501
P6,0.000513120201599409,0.6572069591882597
P6,0.0004985385710333473,0.6543113514857082
P6,0.0004770944881453805,0.6509820227635439
P6,0.0004396963228383173,0.650979062464245
P6,0.0003976824899928962,0.6509683456183668
P6,0.00037117322337070787,0.6471780561512104
P6,0.0003207116972954973,0.6334313443472455
P6,0.0002697599136768276,0.617746760784374
P6,0.00022165594644729572,0.6177454447851459
P6,8.584427847883938e-05,0.6044009652571901
P6,4.787225644268816e-05,0.6044001899585649
P6,0.0,0.15501292800697128
P8,inf,0.05621
P8,0.9999814543455721,0.6502609414256838
P8,0.999946364975534,0.6502641559807365
P8,0.9999008723235527,0.6986285603206378
P8,0.9998270494638534,0.7190937549537858
P8,0.9997959779975552,0.7191012824263134
P8,0.9997050147492625,0.7349536820801068
P8,0.9996765847347995,0.781376784251179
P8,0.9995790359924226,0.8067619374369882
P8,0.999559686049478,0.8067636936587076
P8,0.9994678020223523,0.8325520677433458
P8,0.9993991963005797,0.8325613534576316
P8,0.9993693228248226,0.8537440057822133
P8,0.999366464117923,0.853751509389717
P8,0.9992798402338614,0.8537538763364957
P8,0.9992094861660079,0.8735045657603998
P8,0.998970665802434,0.8735160255871621
P8,0.9988700564971752,0.8785600000299741
P8,0.9987802457994158,0.8785615598590341
P8,0.9987052386333354,0.8785716951404193
P8,0.998478856099787,0.8883632802541149
P8,0.9982750555289993,0.891522779114181
P8,0.9980959427557354,0.891525041018943
P8,0.9979296066252588,0.894130566495324
P8,0.9978038067349927,0.8978003543371555
P8,0.9976105973244396,0.9063420608282914
P8,0.9975183687295466,0.9063446338802394
P8,0.9972925463808915,0.9127832865858918
P8,0.9963994904896507,0.9174974829724181
P8,0.9961993235233623,0.9214910041023442
P8,0.9959907042426757,0.9226688096198599
P8,0.9952451411144126,0.9253109370313983
P8,0.99522930997771,0.9253116442274282
P8,0.9949016486014687,0.9253148770362859
P8,0.9946731715249333,0.9261555904263165
P8,0.9945097336549047,0.9261646975691737
P8,0.9944272055173667,0.9261664125208887
P8,0.9940897787078405,0.927844836458839
P8,0.9933375213834192,0.9278477968317995
P8,0.9923862200491292,0.9348264617458518
P8,0.9921052631578947,0.9376515123139936
P8,0.9912848691880694,0.9376615123139936
P8,0.9904761904761905,0.9415131369017347
P8,0.988880063542494,0.94428079802366
P8,0.9877324887861181,0.9450603437659754
P8,0.9871699339124532,0.9450625349081666
P8,0.9860838783777562,0.945066239181834
P8,0.9855072463768116,0.9457831907466008
P8,0.9850988123634015,0.9459364521105974
P8,0.9849101045076019,0.9459374617259821
P8,0.984411804002485,0.9459396960970033
P8,0.983957219251337,0.9463608608334488
P8,0.98252060508945,0.9463638547511203
P8,0.9811320754716981,0.9472018441645977
P8,0.9792353540196754,0.9473684653692149
P8,0.9790927776526118,0.9473751915596912
P8,0.9780243813255013,0.9480443064404765
P8,0.9771784232365145,0.9491166044643491
P8,0.975609756097561,0.9497417026948438
P8,0.9747899159663865,0.9514831858508944
P8,0.9741103893784997,0.951493570466279
P8,0.9718543046357616,0.9529000630840472
P8,0.9706062112324012,0.9529013130840471
P8,0.9693700613527316,0.9542968955271067
P8,0.96849327095396,0.9548183399420723
P8,0.9681529597814444,0.9554061136745846
P8,0.96599613898006,0.9554082132416842
P8,0.9645669291338582,0.9558089357032915
P8,0.9641935306446248,0.9558628368020172
P8,0.963892508400527,0.9568177248739009
P8,0.9627192982456141,0.9577080629534543
P8,0.9618165775191108,0.9579591641472295
P8,0.961666746922016,0.9579615310940083
P8,0.9611133233207613,0.9581027885044536
P8,0.9569475803732371,0.9581043063615965
P8,0.9560691990759216,0.9581062250678903
P8,0.9545573916094904,0.9586481020767833
P8,0.9534892755504196,0.9586576258863071
P8,0.9529102061886234,0.958717419368093
P8,0.9492827074238902,0.9587184422288502
P8,0.9463067429715868,0.9596542516598551
P8,0.945092617094616,0.959972654139538
P8,0.9429144761322458,0.959974856936741
P8,0.9411764705882353,0.9600265303582065
P8,0.9401687851403356,0.9601783749807694
P8,0.9397590361445783,0.9605308317766962
P8,0.9321755935441579,0.9613256178500661
P8,0.927038626609442,0.9616833351011159
P8,0.9259259259259259,0.9617330419887549
P8,0.9214285714285714,0.9619878752672931
P8,0.9187467688716496,0.9623861381681553
P8,0.9181247542272875,0.9623856995716642
P8,0.9161099538499783,0.9623875745716641
P8,0.9145569620253164,0.9631837268246826
P8,0.9132653061224489,0.9635383650382774
P8,0.9127546035301558,0.9635423233716108
P8,0.9114695119445498,0.9635436486517229
P8,0.9099248961272633,0.9637590732525647
P8,0.9090909090909091,0.9637846469709613
P8,0.9047619047619048,0.9639733893833863
P8,0.9021739130434783,0.9645262659257254
P8,0.8885932329491071,0.9645305678737774
P8,0.887222190085446,0.9647238205397032
P8,0.8821610025077066,0.9650951408041548
P8,0.8780759074797433,0.9650965260855401
P8,0.8722222222222222,0.9653670030939966
P8,0.8658003167272288,0.9653683883753819
P8,0.8606337446642868,0.9657445687599613
P8,0.8536684249739636,0.9659073909902713
P8,0.8499043587142047,0.9660425996389825
P8,0.8476973353056351,0.9660407841627922
P8,0.8409464956002882,0.9663012046786431
P8,0.8402061855670103,0.9665294039970147
P8,0.8354393174743104,0.9665349574965841
P8,0.8316329651297103,0.9665478025341093
P8,0.8267799836481233,0.9665467389376182
P8,0.8205128205128205,0.9667923802612329
P8,0.8139372537281998,0.9667932410670937
P8,0.8085778742295102,0.9667879338980023
P8,0.8076923076923077,0.9668140110707966
P8,0.8,0.9668254266575392
P8,0.7909578855407039,0.9668263272390255
P8,0.7857459313830989,0.9668296032767134
P8,0.7844311377245509,0.966972511086653
P8,0.7755102040816326,0.9669958438125822
P8,0.7721952205070618,0.9669900953202076
P8,0.7679324894514767,0.967186926832466
P8,0.7676156783476286,0.9671888775900418
P8,0.7601131755038272,0.967191036680951
P8,0.7571428571428571,0.9672286912467071
P8,0.7550949429125979,0.9672830748005097
P8,0.7516327976319714,0.967285126082561
P8,0.746031746031746,0.9674060363253596
P8,0.7434985142206907,0.9674053860809961
P8,0.74,0.9674263262786907
P8,0.7393602604878403,0.9674286932254694
P8,0.7387762710459019,0.967427587234686
P8,0.7347751414418183,0.9674240518811508
P8,0.7235288926711791,0.9673867449732825
P8,0.7222222222222222,0.9673327857988748
P8,0.720071596907657,0.967309122894747
P8,0.712554150784943,0.9673079324185566
P8,0.7025032776703966,0.967304899837103
P8,0.7014112745407294,0.9673069547610585
P8,0.6986301369863014,0.967285535108499
P8,0.688317716500265,0.9673036070106873
P8,0.6826855271437549,0.9673202726258058
P8,0.682104169737741,0.9673196476258058
P8,0.6705726858995292,0.9673223368262792
P8,0.6691176470588235,0.9673532809016284
P8,0.6630207176976969,0.967298587212594
P8,0.6527777777777778,0.9672631490432105
P8,0.6511627906976745,0.9672110502378661
P8,0.6428571428571429,0.9672096230249214
P8,0.6345097769680266,0.9672113041056571
P8,0.6293436293436292,0.9670278970156467
P8,0.628066363665162,0.9670295527128906
P8,0.6269729721044367,0.9669440641128606
P8,0.6236047172521597,0.9669451653033369
P8,0.6194631772071855,0.9669412605414321
P8,0.6189173916570249,0.9669478534019631
P8,0.6172012647168377,0.9669473636833483
P8,0.6142857142857143,0.9669456768810759
P8,0.6133330145731278,0.9669441134445125
P8,0.6122448979591836,0.9667043420078288
P8,0.6027150596482133,0.9666808428386292
P8,0.5998500275252815,0.9665739355372723
P8,0.5979396201723381,0.9665721752745466
P8,0.5952380952380952,0.966526042826226
P8,0.5925334513894384,0.9664977266850967
P8,0.5896587845228424,0.966499111966482
P8,0.588227254209856,0.966493058651376
P8,0.5869306397715645,0.9663334410072902
P8,0.5863972904914196,0.9662389521457335
P8,0.5838053273386078,0.9662156996849026
P8,0.5796551857328992,0.9662114891585869
P8,0.5719422479547678,0.9662380009095193
P8,0.5670808997466147,0.9662015265206162
P8,0.5544277029526354,0.9659741500400845
P8,0.5492957746478874,0.9658078981538034
P8,0.5237058708743039,0.9658013504295206
P8,0.5185465135113838,0.9658004473096521
P8,0.5081524955149205,0.9657083176875816
P8,0.5067695735425668,0.965707917046556
P8,0.503714173727713,0.9657052087132225
P8,0.5025898829511648,0.965704305593354
P8,0.5000000000000001,0.9654549821001901
P8,0.49875713427340024,0.9654439921083374
P8,0.4921517009328809,0.9654412143305597
P8,0.49115044247787604,0.9651842381219929
P8,0.48810333653717214,0.9649832234518572
P8,0.4782608695652174,0.964664292127714
P8,0.4770980037751877,0.9646628017430987
P8,0.4702579727401041,0.9644314812421201
P8,0.4688071608074961,0.96443048654716
P8,0.46153846153846156,0.9643436278826467
P8,0.44621513944223107,0.9638612538014796
P8,0.43463342964239804,0.9638289592009006
P8,0.43312278942639865,0.9637979032998714
P8,0.42201834862385323,0.9635800937546228
P8,0.41369047619047616,0.9628294766751166
P8,0.41129490277600783,0.9628187223647718
P8,0.40839768775479807,0.9628149504349472
P8,0.39344262295081966,0.96225271899277
P8,0.3864867833772393,0.9619859086980528
P8,0.38571428571428573,0.9610285769004914
P8,0.3827202794361493,0.9610296780909675
P8,0.375,0.9608913270676481
P8,0.3670497810119703,0.9608899829816265
P8,0.35185185185185186,0.9607827273387977
P8,0.3501782318057298,0.960586681127804
P8,0.343558282208589,0.9599033833211921
P8,0.33512475315196666,0.9599047123441806
P8,0.33175728909296426,0.959894784031615
P8,0.32545509762313807,0.959637813342257
P8,0.323719969253595,0.9596281605644792
P8,0.3157894736842105,0.9594457154090551
P8,0.3091650096518262,0.9594423680701195
P8,0.30666666666666664,0.958906795324486
P8,0.3039073691822703,0.9589037298482955
P8,0.2979996756188226,0.9589028562566919
P8,0.2957816782312664,0.9588995745229457
P8,0.29411764705882354,0.9587177938862204
P8,0.287800921939475,0.958715101578528
P8,0.28437990328343454,0.9584664851421582
P8,0.280002620465535,0.9584679114242096
P8,0.2788104089219331,0.957731116643313
P8,0.2769612358447335,0.9577300749766463
P8,0.272,0.9572810155585142
P8,0.26902173913043476,0.9563401676821668
P8,0.26363636363636367,0.9557833833159309
P8,0.2590640719748362,0.9552392923428783
P8,0.25275290609324497,0.9552337050412911
P8,0.24705882352941178,0.9550665158516536
P8,0.24221479580242947,0.9542830717826508
P8,0.23920429659812728,0.9542403804344473
P8,0.23501484786597884,0.9542356482915901
P8,0.22522522522522523,0.9536864312029116
P8,0.22328781668791448,0.9536801768037162
P8,0.22038546730366806,0.9532978711249818
P8,0.2168141592920354,0.9526983377023203
P8,0.21212121212121213,0.9515154676520273
P8,0.20588235294117646,0.9514188538960203
P8,0.20430815618681183,0.950887290537691
P8,0.20365507150243237,0.9508860943654422
P8,0.19672131147540983,0.9495300452489368
P8,0.1944186129115526,0.9495299286988202
P8,0.19065824300787637,0.9495247774586509
P8,0.18888888888888888,0.9481227251947397
P8,0.18786855569229644,0.9481186342856487
P8,0.18522381155108775,0.9481156259026222
P8,0.18450833377040998,0.9481121413291196
P8,0.1826878543376845,0.947408023896652
P8,0.1774193548387097,0.9472610842587731
P8,0.17647058823529413,0.9472092965717847
P8,0.1743218535306016,0.9461267119952501
P8,0.1732283464566929,0.9457516928387627
P8,0.16695811808379588,0.9457406479066833
P8,0.16059935042374723,0.945731241056224
P8,0.1541605555169301,0.9457291357930661
P8,0.15123807390067315,0.944863805388822
P8,0.14590762621157272,0.9448493609443775
P8,0.1313022661168033,0.9440388825650569
P8,0.13025187861820126,0.9432912132540876
P8,0.125,0.9414679744363109
P8,0.1232876712328767,0.9413298301203797
P8,0.12121212121212122,0.9412357221907848
P8,0.11754755396083717,0.9412303626172821
P8,0.11669828905203897,0.9412285633748577
P8,0.11268025326217529,0.9405478327471313
P8,0.1095890410958904,0.9396658579089692
P8,0.1069583725442805,0.9394962460398957
P8,0.10365853658536585,0.9375652804764085
P8,0.09273199613142119,0.9349680390055973
P8,0.08605341246290801,0.9331929804258946
P8,0.07977075290259115,0.9324650830613803
P8,0.07930631055814487,0.9324623192892048
P8,0.07909604519774012,0.9309360745799847
P8,0.07755398904806851,0.9308386598971151
P8,0.0703851261620186,0.9274575260898381
P8,0.06849467417369638,0.9274454208266802
P8,0.06588186752952573,0.9267860710557552
P8,0.06506180987884275,0.9267843260191825
P8,0.06315789473684211,0.9264039781492928
P8,0.06040268456375839,0.9241906319091866
P8,0.05740567234376758,0.9238163957930764
P8,0.05684070198555876,0.9237213545347988
P8,0.05567766422116071,0.9237219795347987
P8,0.0550011590984695,0.9219462341198945
P8,0.05472636815920398,0.9213601159357453
P8,0.05303030303030303,0.9192013579741496
P8,0.052413877333129355,0.9191290702560238
P8,0.05154639175257732,0.9172356994866432
P8,0.05063633689269927,0.9160416606042732
P8,0.04768115249448834,0.9154350687583599
P8,0.04470535972615999,0.9129106179131176
P8,0.04422269605926819,0.9121269234728733
P8,0.04196980311254875,0.9106087285267608
P8,0.03993902048892846,0.906576729587752
P8,0.0395563539943111,0.904718665079575
P8,0.03861003861003861,0.9027414262234725
P8,0.037369405737879446,0.9027357119377584
P8,0.0364963503649635,0.9001120545175296
P8,0.03521939953810624,0.8954411088017379
P8,0.03326612903225806,0.8806784813760948
P8,0.031404370225802,0.8792890723315022
P8,0.030706243602865915,0.8765904071387874
P8,0.029579546243474503,0.8765872299939241
P8,0.028824833702882482,0.8730638971816526
P8,0.027477365694320532,0.8730609601770636
P8,0.026402640264026403,0.872243850208839
P8,0.02568465954830765,0.8722362589112477
P8,0.024900704538953038,0.8722335066031912
P8,0.024096385542168676,0.8715756210856294
P8,0.021922428330522766,0.861821568732161
P8,0.01964186137915938,0.8608235270459293
P8,0.019362898188632103,0.8564373040559384
P8,0.016843971631205674,0.8523188610888197
P8,0.016129032258064516,0.8521429532684952
P8,0.015985693605020092,0.8521371554405922
P8,0.015908001606354437,0.8521352842796417
P8,0.015799868334430547,0.8415566592598388
P8,0.015587598966331651,0.8415545026000734
P8,0.01520916049672038,0.8396550368856276
P8,0.015037593984962405,0.833471335743964
P8,0.01458928487568457,0.8334693932152283
P8,0.014130538795984844,0.8334655104313456
P8,0.01380897583429229,0.8315100393851392
P8,0.013027618551328817,0.8267691519975224
P8,0.01273560876209883,0.8223477836047426
P8,0.012419394649688848,0.822344725176684
P8,0.012379886504991444,0.8199719897877691
P8,0.011964273053348013,0.819969085441891
P8,0.011879302309327957,0.8199670936172904
P8,0.011391959041698721,0.8199614841663767
P8,0.011289850958413901,0.8195940177427757
P8,0.010919434625572584,0.8195906910646648
P8,0.010689990281827016,0.8126041015184212
P8,0.009814483422092138,0.8061272987863498
P8,0.009183585446708909,0.806125256939308
P8,0.008938446203415322,0.7976290472381411
P8,0.008902077151335312,0.7969613653722043
P8,0.008582452954737241,0.7899470991156694
P8,0.008357033774167601,0.7899458759113375
P8,0.00812513838489852,0.7899425642230259
P8,0.0076272947607262925,0.7844254057121668
P8,0.007530838379047396,0.7844226292056832
P8,0.007168707790554536,0.7844196106409146
P8,0.007073471960568403,0.7844172271283697
P8,0.006956687902422451,0.7826163929423615
P8,0.006816768345155323,0.7826119484979172
P8,0.006581391788570309,0.7778841856951175
P8,0.006306606702133368,0.777881139718106
P8,0.00609153290126298,0.777876812232726
P8,0.005962059620596206,0.7743486164137466
P8,0.005662744536313171,0.7743408386359688
P8,0.005411924319616814,0.7743396000509601
P8,0.005140944296782956,0.7684829647189817
P8,0.005083499556680412,0.7636603248513507
P8,0.0045993479074425345,0.7636574677084935
P8,0.0042670377248003885,0.7636559622682348
P8,0.004169562195969423,0.7560312836778654
P8,0.003968253968253968,0.7516760489046558
P8,0.0038827498493106565,0.7516739436414979
P8,0.0036211625629980087,0.7516718033445189
P8,0.0035778175313059034,0.7495061977001383
P8,0.003519356460532931,0.7456789454189315
P8,0.003389830508474576,0.7426985987641389
P8,0.003300303580976346,0.7408949568413886
P8,0.0032707957163682568,0.7408942018727344
P8,0.003131443578118929,0.7408878652974324
P8,0.003085600513454051,0.740886001364534
P8,0.003009621485504598,0.7336500140248857
P8,0.002860320991577944,0.7225976826485819
P8,0.002749770852428964,0.7205621489520739
P8,0.0022773918658311244,0.7151062283783342
P8,0.002232142857142857,0.7092455092999359
P8,0.002053388090349076,0.7050880886576631
P8,0.00193035212882632,0.7050875459760642
P8,0.0018767305976322961,0.7050863395509104
P8,0.0017077335935594047,0.6982337468060793
P8,0.001607717041800643,0.6949204826034449
P8,0.0015743514449721853,0.6949181788094153
P8,0.0014716500832544094,0.6949154316163072
P8,0.001424337025024983,0.6898135689781266
P8,0.0012241197459858947,0.6863480950759997
P8,0.0010960388337667212,0.6849544534741563
P8,0.0010171562536296927,0.6718058817744568
P8,0.0009790887878887808,0.671803842974293
P8,0.0009186573762188471,0.6718018101507947
P8,0.0007637132046538395,0.6614012150932409
P8,0.0007127583749109052,0.6592262458365119
P8,0.0006640106241699867,0.6551968203461377
P8,0.0004730983149545872,0.6505070127905455
P8,0.00036120642947444465,0.6425385687337009
P8,0.0003018334854840304,0.6249218694442392
P8,0.00019757019256280342,0.6249193099204298
P8,0.0001319609395618897,0.5990927966650099
P8,0.00012547766553671204,0.5990914683211723
P8,5.689792650571513e-05,0.5900322036660302
P8,0.0,0.1550129280070064
P4-C,inf,0.05621
P4-C,0.9999976935297894,0.6405822860600444
P4-C,0.9999804520200039,0.640584326372673
P4-C,0.9998933025150014,0.6929984028991841
P4-C,0.9998269297334718,0.7356594435850035
P4-C,0.9997050147492625,0.7515181911516485
P4-C,0.9996825396825397,0.7861420976184136
P4-C,0.9995911692559281,0.7951760753161793
P4-C,0.9995774125608321,0.7951783074590366
P4-C,0.9995524247744121,0.8086046369643017
P4-C,0.9995323355819871,0.8226665054070788
P4-C,0.9995097269684776,0.83716037329826
P4-C,0.9993693228248226,0.8475362084536768
P4-C,0.9993184907159869,0.8475426731001415
P4-C,0.9992004264392325,0.8658646748796002
P4-C,0.9990949654216877,0.8658663211098712
P4-C,0.9990658570761326,0.8786065971408821
P4-C,0.9987052386333354,0.8786093054742153
P4-C,0.998509685246412,0.8877201432204828
P4-C,0.9981385397526618,0.8908715193699261
P4-C,0.9979747761032937,0.8908748527032595
P4-C,0.9978908799358182,0.8934794690887314
P4-C,0.997618841573655,0.8934834050832925
P4-C,0.9975708502024292,0.8968381617705212
P4-C,0.9975458522977423,0.9012334809205717
P4-C,0.9974853019516329,0.901242723344814
P4-C,0.9973829679769622,0.905641250000368
P4-C,0.9971671388101983,0.9130096089961119
P4-C,0.9969088098918083,0.9192198896146138
P4-C,0.9963636363636363,0.9205320089681824
P4-C,0.9962121212121212,0.9238465916187204
P4-C,0.9959919839679359,0.9250250974163482
P4-C,0.9959899229134379,0.925027048173924
P4-C,0.9952408736039798,0.9256324880031498
P4-C,0.9949472418385843,0.9256348939171282
P4-C,0.9946350930413351,0.9256421445831289
P4-C,0.9945834370202856,0.925644092635077
P4-C,0.9942279942279942,0.9273231736243093
P4-C,0.9935483870967742,0.9287710783223061
P4-C,0.9925512104283054,0.9351332197630744
P4-C,0.9922937863433056,0.9370534042209596
P4-C,0.9919027890185846,0.9379679862403071
P4-C,0.9902912621359223,0.9394929306974468
P4-C,0.988880063542494,0.9433916242356716
P4-C,0.9879518072289156,0.9450423003678514
P4-C,0.9869874785821952,0.9460973710456565
P4-C,0.9852941176470589,0.9467431830437122
P4-C,0.9848858376810559,0.946745549990491
P4-C,0.9825532878033192,0.9467477863324048
P4-C,0.981075471129688,0.9467491868926289
P4-C,0.9790927776526118,0.9467507642735813
P4-C,0.9777503090234858,0.9484190428307677
P4-C,0.9772727272727273,0.9491585022981466
P4-C,0.9765044341062318,0.950152100426117
P4-C,0.9763631656916697,0.9501537670927837
P4-C,0.9757118271914441,0.9501569516165933
P4-C,0.9755501222493888,0.9511105153616284
P4-C,0.97469161216421,0.9513241278832579
P4-C,0.9741103893784997,0.9513347528832579
P4-C,0.9733333333333334,0.9514644187774974
P4-C,0.9728459978811776,0.9514669945350733
P4-C,0.9718483866227421,0.9527457215615546
P4-C,0.9709571541398527,0.9530623671275027
P4-C,0.9708502912134568,0.9532350219524688
P4-C,0.9707602339181286,0.9536322783669271
P4-C,0.9704717261943928,0.9536339450335938
P4-C,0.9700495681410566,0.9544995911286083
P4-C,0.96849327095396,0.9545015803759201
P4-C,0.9666855867084762,0.954742527526616
P4-C,0.9656729154256979,0.954751902526616
P4-C,0.965330021782765,0.9547539128080014
P4-C,0.9644682910744495,0.9547557443098328
P4-C,0.9639278557114228,0.9557661978612708
P4-C,0.9628945744759978,0.9571322787509038
P4-C,0.9620253164556962,0.9577993695437302
P4-C,0.9612640298388684,0.9578031195437303
P4-C,0.9606595807203663,0.9578156925956782
P4-C,0.9582053889119678,0.9578170568429901
P4-C,0.9571347825227545,0.9578191997001331
P4-C,0.9565332540509418,0.9578217754577089
P4-C,0.9561662564698399,0.9578249139858473
P4-C,0.9552869571438907,0.9581971764685161
P4-C,0.9545454545454546,0.9583463468860799
P4-C,0.95,0.9590519946006678
P4-C,0.9477401541263262,0.9599873278411966
P4-C,0.9463067429715868,0.9599839845872283
P4-C,0.9444911641160616,0.9601186398356413
P4-C,0.9412096521251279,0.9601216917836932
P4-C,0.94,0.9601975040019924
P4-C,0.9374287452695939,0.9605991136815775
P4-C,0.9371428571428572,0.960901142822713
P4-C,0.9355742296918768,0.9613629001020423
P4-C,0.9285714285714286,0.9621445544348679
P4-C,0.9230769230769231,0.9621604631460794
P4-C,0.9196125767099858,0.9625994137354944
P4-C,0.9171270718232044,0.9628658315485171
P4-C,0.9132653061224489,0.9630960726260895
P4-C,0.9105224684032263,0.9630974552018472
P4-C,0.9089595501337334,0.9635415802088729
P4-C,0.9047619047619048,0.9637292809546311
P4-C,0.9014665781674598,0.9645212727803315
P4-C,0.8993911250067018,0.9645222734463321
P4-C,0.8923076923076924,0.9646255833125407
P4-C,0.888,0.9648214117360422
P4-C,0.8783699931515927,0.9648227970174275
P4-C,0.875,0.9648250301242333
P4-C,0.8741477485298579,0.9651524647544037
P4-C,0.8654545454545455,0.9654410792734784
P4-C,0.8640924728885555,0.9654422287490029
P4-C,0.8606337446642868,0.9654436140303881
P4-C,0.857723067349248,0.9654451481212972
P4-C,0.8536684249739636,0.9656772951704778
P4-C,0.8507462686567164,0.9659484458438208
P4-C,0.8488107156989232,0.9659474068827819
P4-C,0.8431372549019608,0.9659816609409049
P4-C,0.8402061855670103,0.9662102448746611
P4-C,0.837316026086687,0.9663595283923183
P4-C,0.8333333333333334,0.9663724014616076
P4-C,0.8297872340425532,0.9664232631461641
P4-C,0.8275553117529494,0.966424781003307
P4-C,0.8200615565620618,0.9666479255991981
P4-C,0.8159368099474922,0.9668074763865282
P4-C,0.8095238095238095,0.9668504233779419
P4-C,0.8051948051948052,0.9668569319746158
P4-C,0.7906211952299989,0.9668598233969189
P4-C,0.7829098335639526,0.9669797251069039
P4-C,0.7692307692307693,0.9670634753629374
P4-C,0.7676156783476286,0.9670654261205132
P4-C,0.7646954700889212,0.9670667198268069
P4-C,0.7560856161982351,0.9671041522617527
P4-C,0.75,0.9672283873556651
P4-C,0.7393602604878403,0.9672794031277275
P4-C,0.7222222222222222,0.9673447014238141
P4-C,0.7211885837758691,0.9673466494757621
P4-C,0.7207977207977209,0.9673226639909891
P4-C,0.720243127207707,0.9672908654740727
P4-C,0.7183986269470106,0.9672818130547179
P4-C,0.7163189783204182,0.9672689559118608
P4-C,0.7101650954979442,0.9672645499940832
P4-C,0.7100170656532989,0.9673011100491196
P4-C,0.7097791798107255,0.9672984760958754
P4-C,0.705507413441988,0.9673127830150402
P4-C,0.7017543859649122,0.9673131503393148
P4-C,0.7006713166005153,0.9673145356207
P4-C,0.6973684210526315,0.9672854347350017
P4-C,0.6826467489055549,0.9673003912394125
P4-C,0.6691176470588235,0.967329684673736
P4-C,0.6630207176976969,0.9673295358642122
P4-C,0.6578947368421053,0.9672965834496811
P4-C,0.6460336045602326,0.9671210518909692
P4-C,0.6428571428571429,0.9669124540217152
P4-C,0.6344827586206897,0.9669058481807864
P4-C,0.6280678507356965,0.9669145661295044
P4-C,0.6226415094339622,0.9668138319562765
P4-C,0.6172012647168377,0.9667001437726259
P4-C,0.6086956521739131,0.966538718082268
P4-C,0.6067245342566991,0.9665325929655548
P4-C,0.6,0.966513256717008
P4-C,0.5952380952380952,0.9664644535293391
P4-C,0.5907963312414376,0.9664632573570904
P4-C,0.5867461581880847,0.9664579097927773
P4-C,0.5863972904914196,0.9663634209312206
P4-C,0.5769230769230769,0.966147663541401
P4-C,0.5564516129032258,0.965996317392617
P4-C,0.5476130120466062,0.9658074628395457
P4-C,0.5407925256552014,0.9658073462894291
P4-C,0.5373277091210198,0.9658085487217926
P4-C,0.5306685325533517,0.9658100828127018
P4-C,0.5231481481481483,0.9656230279446366
P4-C,0.5092592592592591,0.9655090978428341
P4-C,0.5080657561310483,0.9655089812927177
P4-C,0.5054305192583568,0.9655107074831938
P4-C,0.5030466394376284,0.9655095170070033
P4-C,0.5015923238680786,0.9655076674772228
P4-C,0.49669854941956876,0.9654888476817114
P4-C,0.493612677032784,0.9654855044277432
P4-C,0.49065420560747663,0.9652868354053805
P4-C,0.48494983277591974,0.9648672952453663
P4-C,0.4838709677419355,0.9648260736406267
P4-C,0.4811578055221,0.9648237009977897
P4-C,0.47006763461421436,0.9645917554968111
P4-C,0.46121300994299197,0.9645302401914236
P4-C,0.455928863689572,0.9642169889313649
P4-C,0.4482758620689655,0.9641379793564167
P4-C,0.44372914901281973,0.9640121616791855
P4-C,0.43312278942639865,0.9640111049494859
P4-C,0.4175257731958763,0.9635495379387803
P4-C,0.41180024737425175,0.9627933653037185
P4-C,0.40839768775479807,0.9621858468058566
P4-C,0.4,0.962101050628286
P4-C,0.39367135219521143,0.9621001703232461
P4-C,0.38677007101051536,0.9616213427276077
P4-C,0.37777777777777777,0.9614519438020162
P4-C,0.3748911906300709,0.9613996449748866
P4-C,0.37433155080213903,0.9610783384917732
P4-C,0.37168141592920356,0.9604966708287495
P4-C,0.3670497810119703,0.9604928988989249
P4-C,0.3611111111111111,0.960443566246943
P4-C,0.35185185185185186,0.9603363106041143
P4-C,0.343558282208589,0.9596585584324229
P4-C,0.3402521023322686,0.9596597453011098
P4-C,0.334762031993082,0.9596584222491618
P4-C,0.3326874706975421,0.9595860964799888
P4-C,0.32788485550986435,0.959580290619183
P4-C,0.3238095238095238,0.9593601089185547
P4-C,0.30666666666666664,0.9589437618600393
P4-C,0.30221661578877457,0.9589397142409916
P4-C,0.2978043294481717,0.9589355037146758
P4-C,0.29178611899218987,0.9587521277125315
P4-C,0.287800921939475,0.9587487943791981
P4-C,0.277199014222408,0.9584995849941104
P4-C,0.2727272727272727,0.9584034164592814
P4-C,0.26792234721702773,0.9574630296342712
P4-C,0.2675176911907713,0.956346223448854
P4-C,0.2662145123661429,0.956146255054328
P4-C,0.26619226086979647,0.9561420445280123
P4-C,0.2646844799171137,0.956139586006142
P4-C,0.2639893892626895,0.9561350621966183
P4-C,0.2625,0.9552149354629422
P4-C,0.26078480921027986,0.9551388634783532
P4-C,0.2552518951446501,0.9551353789048506
P4-C,0.25146560700001214,0.9551329539964256
P4-C,0.2482549236835747,0.9551182413527475
P4-C,0.24,0.954572926750063
P4-C,0.23035044479847847,0.9541434388933688
P4-C,0.22557295959484477,0.9524484406334284
P4-C,0.22328781668791448,0.9518987929003435
P4-C,0.21968809569215375,0.9518981358490615
P4-C,0.21428571428571427,0.9512401504827795
P4-C,0.20555555555555555,0.9499722252467129
P4-C,0.2012987012987013,0.9496636291795734
P4-C,0.20002367788105826,0.9496603277441668
P4-C,0.19920875701835505,0.9496210061786229
P4-C,0.19561301641698875,0.949617025915465
P4-C,0.1903000208952658,0.9495581918144006
P4-C,0.18876756167396883,0.9482102986018609
P4-C,0.18768947994423485,0.948204102429612
P4-C,0.18604651162790697,0.9480356286478631
P4-C,0.1847486579553709,0.9480326202648366
P4-C,0.18430034129692832,0.947328603785182
P4-C,0.18225897940898758,0.9471429198400306
P4-C,0.16666666666666666,0.9470703425589354
P4-C,0.16417529019978927,0.946053629397635
P4-C,0.16146639597237258,0.9460494188713193
P4-C,0.15388752281984713,0.9460440957149435
P4-C,0.14634146341463414,0.9455960219603502
P4-C,0.14285714285714285,0.9455379282880403
P4-C,0.13432835820895522,0.9442990223812776
P4-C,0.13364055299539168,0.9436680915624557
P4-C,0.1326162862039309,0.9436616053469169
P4-C,0.13176843335842764,0.9436588051677054
P4-C,0.13025187861820126,0.9432233745895704
P4-C,0.12595967316753376,0.943211665187861
P4-C,0.12429378531073444,0.9410674608039651
P4-C,0.12041602727939911,0.9410632760997804
P4-C,0.11838762887473192,0.9403293951756934
P4-C,0.11392956556411588,0.9403254409273274
P4-C,0.1111111111111111,0.9392278451581897
P4-C,0.1108143278558481,0.9392250673804119
P4-C,0.10843373493975904,0.9386050097884373
P4-C,0.09643917105334797,0.9384336146362218
P4-C,0.09556313993174062,0.9375527426369058
P4-C,0.09363957597173145,0.9328660903585169
P4-C,0.08956180340426471,0.9328626057850141
P4-C,0.08171206225680934,0.9320351410523124
P4-C,0.08,0.9317931839295247
P4-C,0.0783415963434134,0.9317861900167803
P4-C,0.07699663004530972,0.9317838630334189
P4-C,0.07437407020921734,0.931770248314804
P4-C,0.07407407407407407,0.9310490559041744
P4-C,0.07379278413127816,0.9310432981202917
P4-C,0.07350404319611631,0.931031918809947
P4-C,0.07337100716234238,0.9310281468801224
P4-C,0.07309034922534707,0.9310211389617757
P4-C,0.072966941443842,0.9310166945173314
P4-C,0.07281085328425524,0.931012818481087
P4-C,0.07017543859649122,0.9293588618576984
P4-C,0.06713780918727916,0.9281394604217538
P4-C,0.06588186752952573,0.9274794856508287
P4-C,0.06382978723404255,0.9273324751303049
P4-C,0.06146757065014244,0.9273324060662421
P4-C,0.06040268456375839,0.925116954562978
P4-C,0.05863192182410423,0.92311428269
P4-C,0.05684070198555876,0.9231067922685441
P4-C,0.05517241379310345,0.9208679580169228
P4-C,0.05389221556886228,0.9203806207140445
P4-C,0.05294966536223044,0.9182194629348335
P4-C,0.052083333333333336,0.917533031988598
P4-C,0.05063633689269927,0.9168675124923575
P4-C,0.04986002883430495,0.9168640279188548
P4-C,0.04815110581395155,0.9164836376005842
P4-C,0.04736466113651881,0.9162709074788458
P4-C,0.04428044280442804,0.9154872646381886
P4-C,0.043668122270742356,0.9132768789452717
P4-C,0.0430204183176721,0.911880417735457
P4-C,0.04225352112676056,0.910362541768611
P4-C,0.04136029528406188,0.9103555880206045
P4-C,0.04104741684359519,0.9064513998515489
P4-C,0.04004881913897144,0.9034111105382401
P4-C,0.03950617283950617,0.9018892531675464
P4-C,0.03896103896103896,0.8990590996915833
P4-C,0.038426038734548335,0.8982629057599016
P4-C,0.03756648813262884,0.8982572708392668
P4-C,0.036968576709796676,0.8948484415639707
P4-C,0.0364963503649635,0.8939176993486708
P4-C,0.034358047016274866,0.8877125878217951
P4-C,0.03162745837895404,0.8864766426809397
P4-C,0.030706243602865915,0.883776296815956
P4-C,0.029946524064171122,0.8810310976437133
P4-C,0.028824833702882482,0.8775076042397449
P4-C,0.02857142857142857,0.8735416710712062
P4-C,0.027171356868036622,0.8735397076974489
P4-C,0.02568465954830765,0.8735315624021313
P4-C,0.024900704538953038,0.8735288100940747
P4-C,0.024311183144246355,0.8713959557954605
P4-C,0.021922428330522766,0.8665899461573826
P4-C,0.020958083832335328,0.8579776603484877
P4-C,0.02040816326530612,0.8578459238775533
P4-C,0.0194785576860015,0.8557309322350004
P4-C,0.018691588785046728,0.852780792565789
P4-C,0.018018018018018018,0.8506857071244178
P4-C,0.017302392158161782,0.8506831251259434
P4-C,0.016456921587608905,0.8482013901776317
P4-C,0.015873015873015872,0.84804442493738
P4-C,0.015799868334430547,0.8440152400779815
P4-C,0.01555023923444976,0.8421186041536347
P4-C,0.015117643541141592,0.8421171830273355
P4-C,0.014477211796246649,0.8316781643717693
P4-C,0.014398366022265073,0.8316764836995005
P4-C,0.013452288886532071,0.8310680212269366
P4-C,0.013363028953229399,0.8300368061528466
P4-C,0.013309171290859189,0.825336620872489
P4-C,0.013210039630118891,0.8235742632298988
P4-C,0.012658683408820554,0.8191520347031563
P4-C,0.011711972056072474,0.8191508951895169
P4-C,0.011289850958413901,0.8165222296026361
P4-C,0.010919434625572584,0.8165199478566044
P4-C,0.010416666666666666,0.8137049488183804
P4-C,0.01015625,0.8104332516336459
P4-C,0.009600202059414354,0.810431361856756
P4-C,0.00904295403165034,0.8019336680104436
P4-C,0.008938446203415322,0.8000852466967537
P4-C,0.008737864077669903,0.7970762959785849
P4-C,0.00864054335406038,0.7970717294340184
P4-C,0.008301275253077785,0.7970696925433728
P4-C,0.007858546168958742,0.7960831010423419
P4-C,0.007699275362318841,0.7868080869442913
P4-C,0.007540032546888195,0.784189062456228
P4-C,0.007416563658838072,0.7807404166410673
P4-C,0.007332039948340302,0.78073761207721
P4-C,0.007168707790554536,0.7807358135424115
P4-C,0.007101955560876519,0.7807316138051003
P4-C,0.007042253521126761,0.7794462178622096
P4-C,0.006880915772177408,0.7794399615710754
P4-C,0.006802721088435374,0.7790731321434445
P4-C,0.006101259696034568,0.7790691119526852
P4-C,0.005962059620596206,0.7755409161337059
P4-C,0.005491990846681922,0.7692567227523907
P4-C,0.00521679382148738,0.7692558332840435
P4-C,0.005108055009823182,0.7644324706717245
P4-C,0.004921259842519685,0.7624524464542461
P4-C,0.004753108271371405,0.7620921250228939
P4-C,0.00471976401179941,0.7551053121941976
P4-C,0.0045993479074425345,0.755103645527531
P4-C,0.004264277058323294,0.7551011299862622
P4-C,0.004169562195969423,0.7523237532204887
P4-C,0.003936826290088239,0.7454734693563301
P4-C,0.0036027758895574185,0.7454708861959201
P4-C,0.0033963280685887945,0.7433024627094432
P4-C,0.0033259423503325942,0.7414998657187724
P4-C,0.0032707957163682568,0.7414980658180388
P4-C,0.0031676497387123632,0.7414961799998142
P4-C,0.003117206982543641,0.7383661412782399
P4-C,0.0030729833546734955,0.7311322757468924
P4-C,0.0028140423209903646,0.7240336511777331
P4-C,0.002749770852428964,0.7219997047828123
P4-C,0.002452697967764541,0.7123472926835053
P4-C,0.002054794520547945,0.7090850758984416
P4-C,0.0020416426882454647,0.7074194185925188
P4-C,0.00193035212882632,0.706563204875085
P4-C,0.0018831735684628757,0.7065603477322279
P4-C,0.001759997232521385,0.7065577066151748
P4-C,0.0017077335935594047,0.6986564345426389
P4-C,0.0015894176619417114,0.6975629197173167
P4-C,0.0015532750963387421,0.6938541906335777
P4-C,0.0014503263234227702,0.6889826791225948
P4-C,0.0012594458438287153,0.6798794583650524
P4-C,0.0010960388337667212,0.6798787269329274
P4-C,0.0010427528675703858,0.6766022601495386
P4-C,0.0010191651103685169,0.6766013105359482
P4-C,0.000993279068669431,0.6765984380607024
P4-C,0.0009233610341643582,0.6732303217033704
P4-C,0.0007411468268444987,0.6609936383426489
P4-C,0.0007127583749109052,0.6588188651643514
P4-C,0.0005364592090514266,0.6504445004800563
P4-C,0.0003793969988553889,0.6449650516059009
P4-C,0.0003018334854840304,0.6273671793409804
P4-C,0.00019757019256280342,0.6273646198171708
P4-C,0.0001319609395618897,0.6002077132514911
P4-C,8.100022650425008e-05,0.5911489350756512
P4-C,0.0,0.15501292800699024
P2-hpo-xgb,inf,0.05621
P2-hpo-xgb,0.9998885989189148,0.6849905439599417
P2-hpo-xgb,0.9997149705886841,0.7464622542388101
P2-hpo-xgb,0.999536395072937,0.8023288646692233
P2-hpo-xgb,0.9991785883903503,0.8223479264211287
P2-hpo-xgb,0.9989131689071655,0.8669317806150196
P2-hpo-xgb,0.9987234473228455,0.8857984970140619
P2-hpo-xgb,0.9984840154647827,0.9077489403976434
P2-hpo-xgb,0.9979850053787231,0.9127552268375723
P2-hpo-xgb,0.99747633934021,0.918840205643457
P2-hpo-xgb,0.996204137802124,0.9235341892182586
P2-hpo-xgb,0.9948558211326599,0.9264432441454337
P2-hpo-xgb,0.9922929406166077,0.9305253996900984
P2-hpo-xgb,0.9912861585617065,0.9369393890055306
P2-hpo-xgb,0.9884436726570129,0.9384824192017661
P2-hpo-xgb,0.9863945841789246,0.9439062996506073
P2-hpo-xgb,0.9824249148368835,0.9465190003475841
P2-hpo-xgb,0.9777466058731079,0.951167816200854
P2-hpo-xgb,0.9696969389915466,0.9545713008335321
P2-hpo-xgb,0.9615383744239807,0.956277442351735
P2-hpo-xgb,0.9559471011161804,0.9574736485534604
P2-hpo-xgb,0.9472225904464722,0.9594788717833995
P2-hpo-xgb,0.9262295961380005,0.961432766152951
P2-hpo-xgb,0.9078590869903564,0.9632732782953977
P2-hpo-xgb,0.8945044279098511,0.9635686175063419
P2-hpo-xgb,0.8869859576225281,0.9644611380380941
P2-hpo-xgb,0.8622053861618042,0.9652623063425751
P2-hpo-xgb,0.8390803933143616,0.9660031291210057
P2-hpo-xgb,0.8235294222831726,0.96664609687374
P2-hpo-xgb,0.7777777910232544,0.967017621818886
P2-hpo-xgb,0.7586207389831543,0.9672893745325711
P2-hpo-xgb,0.741176426410675,0.9672695804414126
P2-hpo-xgb,0.7082289457321167,0.9673533012678495
P2-hpo-xgb,0.7058823704719543,0.9674098790787574
P2-hpo-xgb,0.6587300896644592,0.9672302284476276
P2-hpo-xgb,0.6114650368690491,0.9668898654535014
P2-hpo-xgb,0.5773810148239136,0.9666552807826861
P2-hpo-xgb,0.5400657057762146,0.9656971163856222
P2-hpo-xgb,0.5001139640808105,0.9650961366287949
P2-hpo-xgb,0.47085222601890564,0.9640902918390738
P2-hpo-xgb,0.4281516671180725,0.9637039457315455
P2-hpo-xgb,0.3960784077644348,0.9615247631831252
P2-hpo-xgb,0.37331217527389526,0.9609649524884438
P2-hpo-xgb,0.3522037863731384,0.9608919311049081
P2-hpo-xgb,0.3323277235031128,0.9593314296374239
P2-hpo-xgb,0.3096233904361725,0.957975916625107
P2-hpo-xgb,0.27099695801734924,0.9568266688627958
P2-hpo-xgb,0.2431071400642395,0.9555128063768923
P2-hpo-xgb,0.21212120354175568,0.951929530488887
P2-hpo-xgb,0.1987459659576416,0.9503685793650292
P2-hpo-xgb,0.17808221280574799,0.9490269641898591
P2-hpo-xgb,0.14836162328720093,0.9460901090034832
P2-hpo-xgb,0.12195122241973877,0.9427231709064327
P2-hpo-xgb,0.09803922474384308,0.9382823028246979
P2-hpo-xgb,0.08648063242435455,0.9360894409203486
P2-hpo-xgb,0.07581967860460281,0.9307646504013156
P2-hpo-xgb,0.06546275317668915,0.92245923303736
P2-hpo-xgb,0.049713198095560074,0.9187899408095276
P2-hpo-xgb,0.04513266310095787,0.9127625976939963
P2-hpo-xgb,0.037664785981178284,0.8961223727387041
P2-hpo-xgb,0.030178213492035866,0.8893495990273026
P2-hpo-xgb,0.026607539504766464,0.8764940159836758
P2-hpo-xgb,0.02434076927602291,0.8705198086802289
P2-hpo-xgb,0.020979018881917,0.8587560944696476
P2-hpo-xgb,0.017766498029232025,0.8514821558629744
P2-hpo-xgb,0.014882230199873447,0.8372313104276414
P2-hpo-xgb,0.01318319234997034,0.8318311937318573
P2-hpo-xgb,0.012027490884065628,0.8190030268221613
P2-hpo-xgb,0.009696186520159245,0.8075541409331747
P2-hpo-xgb,0.00786618608981371,0.8036576170161687
P2-hpo-xgb,0.007263922598212957,0.7934591853559128
P2-hpo-xgb,0.00464961864054203,0.7774438501827858
P2-hpo-xgb,0.0037313431967049837,0.7609485236933756
P2-hpo-xgb,0.0031819860450923443,0.750924248537729
P2-hpo-xgb,0.002892720280215144,0.7406123460675784
P2-hpo-xgb,0.002359712729230523,0.7338976110481069
P2-hpo-xgb,0.0020171361975371838,0.7183229880243188
P2-hpo-xgb,0.001693517784588039,0.6906225477068488
P2-hpo-xgb,0.0012368593597784638,0.6784908911722732
P2-hpo-xgb,0.0011524633737280965,0.6771304969458538
P2-hpo-xgb,0.0010481476783752441,0.6723923350168
P2-hpo-xgb,0.0009008018532767892,0.6691530085316577
P2-hpo-xgb,0.0006877550622448325,0.6691339968733613
P2-hpo-xgb,0.0006161816418170929,0.6588535342932422
P2-hpo-xgb,0.0005891342298127711,0.6588328923496426
P2-hpo-xgb,0.000562746194191277,0.6511408542855336
P2-hpo-xgb,0.0005027801962569356,0.6511246206358933
P2-hpo-xgb,0.00044427733519114554,0.6475899587330632
P2-hpo-xgb,0.0004021961649414152,0.6475688126353358
P2-hpo-xgb,0.0003573590947780758,0.6475529321548129
P2-hpo-xgb,0.0003195478057023138,0.6431772757631841
P2-hpo-xgb,0.0002808838034979999,0.64314836099455
P2-hpo-xgb,0.00024996951106004417,0.6376576642777938
P2-hpo-xgb,0.00022573837486561388,0.6322758529574455
P2-hpo-xgb,0.00020715026766993105,0.6322517586970112
P2-hpo-xgb,0.00018875906243920326,0.6322346904106958
P2-hpo-xgb,0.00017163733718916774,0.6322056071082569
P2-hpo-xgb,0.00015313686162699014,0.6321823671570143
P2-hpo-xgb,0.00013761564332526177,0.6227668633709692
P2-hpo-xgb,0.0001275510003324598,0.6027354727964696
P2-hpo-xgb,0.0001234610826941207,0.6027192333652766
P2-hpo-xgb,0.00012091546523151919,0.5927000664449592
P2-hpo-xgb,0.00011513848585309461,0.5926880702001138
P2-hpo-xgb,0.00011086826270911843,0.5926757207641143
P2-hpo-xgb,0.00010794959962368011,0.5926603722847182
P2-hpo-xgb,0.0001043339361785911,0.5926445531057773
P2-hpo-xgb,0.00010013395512942225,0.5926336388999727
P2-hpo-xgb,9.572479757480323e-05,0.5926187422294726
P2-hpo-xgb,9.183084330288693e-05,0.5926004178310752
P2-hpo-xgb,8.788710692897439e-05,0.5925856320222515
P2-hpo-xgb,8.412690658587962e-05,0.5925754113377658
P2-hpo-xgb,8.039106614887714e-05,0.5925611689796313
P2-hpo-xgb,7.68104218877852e-05,0.5925481226442842
P2-hpo-xgb,7.242200808832422e-05,0.5925359223598062
P2-hpo-xgb,6.800473784096539e-05,0.5925246789746393
P2-hpo-xgb,6.512123218271881e-05,0.5925056867000055
P2-hpo-xgb,6.11293944530189e-05,0.592492561100906
P2-hpo-xgb,5.691753176506609e-05,0.5924740468265847
P2-hpo-xgb,5.1734263252001256e-05,0.5924567566608239
P2-hpo-xgb,4.7345853090519086e-05,0.5924407518212113
P2-hpo-xgb,4.41620395577047e-05,0.5924257901956129
P2-hpo-xgb,4.0833350794855505e-05,0.5924124231835407
P2-hpo-xgb,3.7141518987482414e-05,0.5923954819850105
P2-hpo-xgb,3.333338463562541e-05,0.592373282417093
P2-hpo-xgb,3.053349064430222e-05,0.5660464252257646
P2-hpo-xgb,3.0412556952796876e-05,0.5660385386920281
P2-hpo-xgb,3.0294486350612715e-05,0.5660296860489226
P2-hpo-xgb,3.0186434742063284e-05,0.5660237539946493
P2-hpo-xgb,3.0058930860832334e-05,0.5660148760444454
P2-hpo-xgb,2.9934315534774214e-05,0.5660062453415983
P2-hpo-xgb,2.9821956559317186e-05,0.565996869363299
P2-hpo-xgb,2.9710181479458697e-05,0.5659888744938862
P2-hpo-xgb,2.9584050935227424e-05,0.5659815352630877
P2-hpo-xgb,2.945557571365498e-05,0.56597289267867
P2-hpo-xgb,2.9300270398380235e-05,0.5659610571344426
P2-hpo-xgb,2.9149270631023683e-05,0.5659523994992574
P2-hpo-xgb,2.9016749977017753e-05,0.565947020615789
P2-hpo-xgb,2.8902195481350645e-05,0.5659400037182709
P2-hpo-xgb,2.877781844290439e-05,0.5659296986089235
P2-hpo-xgb,2.8684020435321145e-05,0.5659230471144147
P2-hpo-xgb,2.8527298127301037e-05,0.5659137201911351
P2-hpo-xgb,2.8421509341569617e-05,0.5659063659630158
P2-hpo-xgb,2.8341857614577748e-05,0.5658991575461917
P2-hpo-xgb,2.823185786837712e-05,0.5658927293228385
P2-hpo-xgb,2.8128308258601464e-05,0.5658842832619178
P2-hpo-xgb,2.801792106765788e-05,0.5658776646256617
P2-hpo-xgb,2.7901935027330182e-05,0.5658713996165204
P2-hpo-xgb,2.775000575638842e-05,0.5658644975221173
P2-hpo-xgb,2.767514524748549e-05,0.5658577039449076
P2-hpo-xgb,2.751136344159022e-05,0.5658494813017827
P2-hpo-xgb,2.7364603738533333e-05,0.5658405203858827
P2-hpo-xgb,2.723751458688639e-05,0.5658320370787611
P2-hpo-xgb,2.7117723220726475e-05,0.5658239091274108
P2-hpo-xgb,2.6998888642992824e-05,0.5658154980944384
P2-hpo-xgb,2.6890391382039525e-05,0.565809171459392
P2-hpo-xgb,2.6818768674274907e-05,0.56580019690513
P2-hpo-xgb,2.671963557077106e-05,0.5657922680046167
P2-hpo-xgb,2.6608735424815677e-05,0.5657847763601046
P2-hpo-xgb,2.6503377739572898e-05,0.565776086759512
P2-hpo-xgb,2.6320340111851692e-05,0.5657648807898288
P2-hpo-xgb,2.6238740247208625e-05,0.5657554625735806
P2-hpo-xgb,2.607848909974564e-05,0.5657488343074608
P2-hpo-xgb,2.594463512650691e-05,0.5657418185475336
P2-hpo-xgb,2.580084947112482e-05,0.5657342862758346
P2-hpo-xgb,2.5656143407104537e-05,0.5657280841608012
P2-hpo-xgb,2.554931415943429e-05,0.5657209827124746
P2-hpo-xgb,2.5460225515416823e-05,0.5657138869795858
P2-hpo-xgb,2.5319523047073744e-05,0.5657071472741464
P2-hpo-xgb,2.5216972062480636e-05,0.565700513420352
P2-hpo-xgb,2.510497324692551e-05,0.5656939289072588
P2-hpo-xgb,2.4961866074590944e-05,0.5656878010411774
P2-hpo-xgb,2.484832475602161e-05,0.565680179417425
P2-hpo-xgb,2.4750597731326707e-05,0.5656739788426928
P2-hpo-xgb,2.463245800754521e-05,0.5656680096573896
P2-hpo-xgb,2.4501381631125696e-05,0.5656579293889997
P2-hpo-xgb,2.4374128770432435e-05,0.5656486455436801
P2-hpo-xgb,2.4260116333607584e-05,0.5656394287806906
P2-hpo-xgb,2.412138564977795e-05,0.5656301327693151
P2-hpo-xgb,2.4017668692977168e-05,0.5656207087983427
P2-hpo-xgb,2.393438626313582e-05,0.5656112176518141
P2-hpo-xgb,2.380770274612587e-05,0.5656034335415915
P2-hpo-xgb,2.3707862055744044e-05,0.5655936903388166
P2-hpo-xgb,2.3561835405416787e-05,0.5655859077028391
P2-hpo-xgb,2.34339022426866e-05,0.5655803558389112
P2-hpo-xgb,2.3294311176869087e-05,0.565573153280602
P2-hpo-xgb,2.318050610483624e-05,0.5655663418214282
P2-hpo-xgb,2.30915848078439e-05,0.5655573994161288
P2-hpo-xgb,2.295445119671058e-05,0.5655499049155586
P2-hpo-xgb,2.2843370970804244e-05,0.5655429080408708
P2-hpo-xgb,2.274508551636245e-05,0.5655360671967158
P2-hpo-xgb,2.2661402908852324e-05,0.5655281092671901
P2-hpo-xgb,2.253796992590651e-05,0.5655207440916477
P2-hpo-xgb,2.243700328108389e-05,0.5655138380786924
P2-hpo-xgb,2.234128987765871e-05,0.5655042397919242
P2-hpo-xgb,2.216950451838784e-05,0.5654949238041016
P2-hpo-xgb,2.209344893344678e-05,0.5654902058079946
P2-hpo-xgb,2.1974905394017696e-05,0.565482112570032
P2-hpo-xgb,2.1885276510147378e-05,0.5654746054917628
P2-hpo-xgb,2.1743406250607222e-05,0.5654678210530322
P2-hpo-xgb,2.1625128283631057e-05,0.5654587349262449
P2-hpo-xgb,2.14992633118527e-05,0.5654513733702571
P2-hpo-xgb,2.1376485165092163e-05,0.5654429332562093
P2-hpo-xgb,2.124182356055826e-05,0.5654353524037474
P2-hpo-xgb,2.110812238242943e-05,0.5654249576684551
P2-hpo-xgb,2.1012130673625506e-05,0.5654164440162108
P2-hpo-xgb,2.0896977730444632e-05,0.5654109490633353
P2-hpo-xgb,2.0802430299227126e-05,0.5654012637373522
P2-hpo-xgb,2.067781679215841e-05,0.5653914915785353
P2-hpo-xgb,2.0548992324620485e-05,0.5653847737288149
P2-hpo-xgb,2.0466699425014667e-05,0.565376775225497
P2-hpo-xgb,2.03489344130503e-05,0.5653678295619171
P2-hpo-xgb,2.0232406313880347e-05,0.5653598617725981
P2-hpo-xgb,2.0126841263845563e-05,0.5653517566752884
P2-hpo-xgb,2.002365181397181e-05,0.5653432850161754
P2-hpo-xgb,1.9878851162502542e-05,0.5653339381481436
P2-hpo-xgb,1.9740273273782805e-05,0.5653272530513568
P2-hpo-xgb,1.9651602997328155e-05,0.5653166872114628
P2-hpo-xgb,1.9548870113794692e-05,0.5653086043869906
P2-hpo-xgb,1.937721208378207e-05,0.5653015744519084
P2-hpo-xgb,1.9303517547086813e-05,0.5652944475502474
P2-hpo-xgb,1.921229159052018e-05,0.5652882185284974
P2-hpo-xgb,1.9085216990788467e-05,0.565281491454844
P2-hpo-xgb,1.8944001567433588e-05,0.5652743704035524
P2-hpo-xgb,1.8810898836818524e-05,0.5652627901971631
P2-hpo-xgb,1.8689854186959565e-05,0.5652553527386955
P2-hpo-xgb,1.8510067093302496e-05,0.5652483671531656
P2-hpo-xgb,1.8408321921015158e-05,0.5652408744606288
P2-hpo-xgb,1.831153713283129e-05,0.565233445920406
P2-hpo-xgb,1.8160191757488064e-05,0.5652275897295624
P2-hpo-xgb,1.8066644770442508e-05,0.5652211957177821
P2-hpo-xgb,1.794025047274772e-05,0.5652133093998695
P2-hpo-xgb,1.7820791981648654e-05,0.5652051369467065
P2-hpo-xgb,1.7734260836732574e-05,0.5651981433624088
P2-hpo-xgb,1.7646800188231282e-05,0.5651899810204971
P2-hpo-xgb,1.755126504576765e-05,0.5651798868582673
P2-hpo-xgb,1.747785063344054e-05,0.5651706227156305
P2-hpo-xgb,1.7355139789287932e-05,0.5651610508804176
P2-hpo-xgb,1.7244197806576267e-05,0.5651523945072975
P2-hpo-xgb,1.7143203876912594e-05,0.5651396011973021
P2-hpo-xgb,1.7022519386955537e-05,0.5651323202773916
P2-hpo-xgb,1.6916648746700957e-05,0.5651247641352997
P2-hpo-xgb,1.679871820670087e-05,0.5651150461575414
P2-hpo-xgb,1.6691526980139315e-05,0.565106890700919
P2-hpo-xgb,1.6550475265830755e-05,0.5650996498193607
P2-hpo-xgb,1.6467514797113836e-05,0.5650924161173859
P2-hpo-xgb,1.6373105609091e-05,0.5650865939620799
P2-hpo-xgb,1.6244255675701424e-05,0.5650775005130068
P2-hpo-xgb,1.6138077626237646e-05,0.5650695674451806
P2-hpo-xgb,1.602856718818657e-05,0.5650604364587019
P2-hpo-xgb,1.591720683791209e-05,0.5650525650765943
P2-hpo-xgb,1.581008473294787e-05,0.5650454229170352
P2-hpo-xgb,1.5688416169723496e-05,0.5650377067365708
P2-hpo-xgb,1.5590921975672245e-05,0.5650303442014295
P2-hpo-xgb,1.5449038983206265e-05,0.5650222855323987
P2-hpo-xgb,1.5354740753537044e-05,0.5650138872893549
P2-hpo-xgb,1.5246063412632793e-05,0.565003487112445
P2-hpo-xgb,1.5151863408391364e-05,0.5649937207697018
P2-hpo-xgb,1.5050674846861511e-05,0.5649848715567517
P2-hpo-xgb,1.4954834114178084e-05,0.5649774212723383
P2-hpo-xgb,1.4835861293249764e-05,0.5649706259279912
P2-hpo-xgb,1.4744925465492997e-05,0.5649623649214577
P2-hpo-xgb,1.465214245399693e-05,0.5649529659058409
P2-hpo-xgb,1.4545493286277633e-05,0.5649430092529545
P2-hpo-xgb,1.4444998669205233e-05,0.5649337296351853
P2-hpo-xgb,1.4287678823166061e-05,0.5649266438017322
P2-hpo-xgb,1.408513435308123e-05,0.564921401760433
P2-hpo-xgb,1.392131071042968e-05,0.5649150958187638
P2-hpo-xgb,1.3808298717776779e-05,0.5649043434640965
P2-hpo-xgb,1.3706331628782209e-05,0.5648945569622659
P2-hpo-xgb,1.3608726476377342e-05,0.5648865740002325
P2-hpo-xgb,1.3508162737707607e-05,0.5648793393204493
P2-hpo-xgb,1.3395594578469172e-05,0.5648678353951119
P2-hpo-xgb,1.3272661817609333e-05,0.5648606531103839
P2-hpo-xgb,1.3179725101508666e-05,0.5648497371516612
P2-hpo-xgb,1.3041468264418654e-05,0.5648410671028238
P2-hpo-xgb,1.29007785290014e-05,0.5648347072512043
P2-hpo-xgb,1.282368157262681e-05,0.5648268599284841
P2-hpo-xgb,1.271237761102384e-05,0.5648184394809846
P2-hpo-xgb,1.2644992239074782e-05,0.5648104374859956
P2-hpo-xgb,1.250024615728762e-05,0.5648016054383848
P2-hpo-xgb,1.2388997674861457e-05,0.5647943598548391
P2-hpo-xgb,1.2246515325387008e-05,0.5647877037786149
P2-hpo-xgb,1.2140310900576878e-05,0.5647809473109195
P2-hpo-xgb,1.205225180456182e-05,0.5647734716801155
P2-hpo-xgb,1.1937710951315239e-05,0.5647654348388902
P2-hpo-xgb,1.1833104508696124e-05,0.5647560263978167
P2-hpo-xgb,1.1691108738887124e-05,0.5647481652243754
P2-hpo-xgb,1.1602048289205413e-05,0.5647392872267
P2-hpo-xgb,1.149185663962271e-05,0.5647318806523396
P2-hpo-xgb,1.139742016675882e-05,0.5647224622733503
P2-hpo-xgb,1.1281753359071445e-05,0.5647163037523345
P2-hpo-xgb,1.1176645784871653e-05,0.5647081628512675
P2-hpo-xgb,1.1082543096563313e-05,0.5647003457675819
P2-hpo-xgb,1.1005529813701287e-05,0.5646952475043845
P2-hpo-xgb,1.0907007890637033e-05,0.5646846760332445
P2-hpo-xgb,1.0790590749820694e-05,0.5646778641035505
P2-hpo-xgb,1.0663809007382952e-05,0.5646693943987375
P2-hpo-xgb,1.050862829288235e-05,0.5646638339684475
P2-hpo-xgb,1.0427210327179637e-05,0.564655132322408
P2-hpo-xgb,1.0321867193852086e-05,0.5646455878278035
P2-hpo-xgb,1.0220956028206274e-05,0.5646369097015069
P2-hpo-xgb,1.0142942301172297e-05,0.5646311773119158
P2-hpo-xgb,1.0073334124172106e-05,0.564624965317598
P2-hpo-xgb,9.933936780726071e-06,0.5646173592205327
P2-hpo-xgb,9.868775123322848e-06,0.5646107048474899
P2-hpo-xgb,9.732948456075974e-06,0.5646032239696657
P2-hpo-xgb,9.657795999373775e-06,0.5645953795567878
P2-hpo-xgb,9.539642633171752e-06,0.5645871622967273
P2-hpo-xgb,9.428074918105267e-06,0.5645783252259543
P2-hpo-xgb,9.270059308619238e-06,0.5645709101893679
P2-hpo-xgb,9.14259726414457e-06,0.5645634410861307
P2-hpo-xgb,9.008479537442327e-06,0.5645577492272725
P2-hpo-xgb,8.855480700731277e-06,0.5645501845801041
P2-hpo-xgb,8.74039778864244e-06,0.5645416990953519
P2-hpo-xgb,8.673234333400615e-06,0.5645324189058254
P2-hpo-xgb,8.55704001878621e-06,0.5645220833221382
P2-hpo-xgb,8.467355655739084e-06,0.5645148267215259
P2-hpo-xgb,8.385728506254964e-06,0.5645068775977151
P2-hpo-xgb,8.306116797029972e-06,0.5644997803847797
P2-hpo-xgb,8.224713383242488e-06,0.5644927970484899
P2-hpo-xgb,8.130470632750075e-06,0.564485904412269
P2-hpo-xgb,8.048094059631694e-06,0.5644801818971193
P2-hpo-xgb,7.94137486082036e-06,0.5644718617611338
P2-hpo-xgb,7.809619091858622e-06,0.5644641375510319
P2-hpo-xgb,7.70780479797395e-06,0.5644571755214572
P2-hpo-xgb,7.6108317443868145e-06,0.5644502684631665
P2-hpo-xgb,7.486781669285847e-06,0.5644439221820751
P2-hpo-xgb,7.417409506160766e-06,0.5644336358345647
P2-hpo-xgb,7.302868198166834e-06,0.5644249375848059
P2-hpo-xgb,7.142964022932574e-06,0.5644182679011328
P2-hpo-xgb,7.04187186784111e-06,0.5644083976443472
P2-hpo-xgb,6.88753880240256e-06,0.5644018204798305
P2-hpo-xgb,6.773233963031089e-06,0.5643915465497822
P2-hpo-xgb,6.631641554122325e-06,0.5643823682432388
P2-hpo-xgb,6.550779289682396e-06,0.5643769568170731
P2-hpo-xgb,6.465554179158062e-06,0.5643701803107697
P2-hpo-xgb,6.3820521063462365e-06,0.5643616173710994
P2-hpo-xgb,6.311332526820479e-06,0.5643546940205519
P2-hpo-xgb,6.2301783145812806e-06,0.5643461440704947
P2-hpo-xgb,6.152858986752108e-06,0.5643383246463969
P2-hpo-xgb,6.043625489837723e-06,0.5643315672576585
P2-hpo-xgb,5.9364206208556425e-06,0.5643216083889653
P2-hpo-xgb,5.828076155012241e-06,0.5643141228706924
P2-hpo-xgb,5.692166269000154e-06,0.5643070257330921
P2-hpo-xgb,5.586253337241942e-06,0.5643005776164035
P2-hpo-xgb,5.4956512940407265e-06,0.5642927822626995
P2-hpo-xgb,5.394253548729466e-06,0.5642839756525537
P2-hpo-xgb,5.306791535986122e-06,0.564274420871157
P2-hpo-xgb,5.1820106818922795e-06,0.5642636144544064
P2-hpo-xgb,5.078557023807662e-06,0.5642561659754503
P2-hpo-xgb,4.9718519221642055e-06,0.5642480103280139
P2-hpo-xgb,4.8886690819927026e-06,0.5642375617538384
P2-hpo-xgb,4.824201823794283e-06,0.5642294904414793
P2-hpo-xgb,4.734933554573217e-06,0.564218870899502
P2-hpo-xgb,4.607152277458226e-06,0.5642105700967682
P2-hpo-xgb,4.456375791050959e-06,0.5642036140769912
P2-hpo-xgb,4.342737611295888e-06,0.5641967629244973
P2-hpo-xgb,4.254080522514414e-06,0.5641890794618372
P2-hpo-xgb,4.1533089643053245e-06,0.5641815324564277
P2-hpo-xgb,4.0219701986643486e-06,0.5641740298823212
P2-hpo-xgb,3.939440375688719e-06,0.564164452001583
P2-hpo-xgb,3.836931682599243e-06,0.5641564348561251
P2-hpo-xgb,3.7516786051128292e-06,0.564150869349183
P2-hpo-xgb,3.6229100714990636e-06,0.5641406564430038
P2-hpo-xgb,3.518678340697079e-06,0.5641294977055871
P2-hpo-xgb,3.4219769986520987e-06,0.5641197898183778
P2-hpo-xgb,3.34468541041133e-06,0.5641127389682113
P2-hpo-xgb,3.2715897759771906e-06,0.5641053989116593
P2-hpo-xgb,3.1612030397809576e-06,0.5640990741516752
P2-hpo-xgb,3.067835905312677e-06,0.5640927247696674
P2-hpo-xgb,2.9522529985115398e-06,0.5640826956375565
P2-hpo-xgb,2.8346830731607042e-06,0.5640741119090016
P2-hpo-xgb,2.753070248218137e-06,0.564066189215056
P2-hpo-xgb,2.659342499100603e-06,0.5640572567511267
P2-hpo-xgb,2.573395022409386e-06,0.5640500742231943
P2-hpo-xgb,2.443515086270054e-06,0.564039919868984
P2-hpo-xgb,2.3545803742308635e-06,0.5640330392109992
P2-hpo-xgb,2.2588933461520355e-06,0.5640272795460888
P2-hpo-xgb,2.1589546577160945e-06,0.564021569517785
P2-hpo-xgb,2.0771199160662945e-06,0.5640114619077753
P2-hpo-xgb,1.973791086129495e-06,0.5640039984262614
P2-hpo-xgb,1.8556236227595946e-06,0.5639958176441126
P2-hpo-xgb,1.7948658523891936e-06,0.56398689978604
P2-hpo-xgb,1.696566641840036e-06,0.5639801714524866
P2-hpo-xgb,1.6070345054686186e-06,0.5639734657032821
P2-hpo-xgb,1.5018024441815214e-06,0.563966314130986
P2-hpo-xgb,1.3610435871669324e-06,0.5639576364895249
P2-hpo-xgb,1.2665652775467606e-06,0.5639494857674009
P2-hpo-xgb,1.1901702237082645e-06,0.563943085790146
P2-hpo-xgb,1.0752605703601148e-06,0.5639351955707049
P2-hpo-xgb,9.703895784696215e-07,0.5639255461607247
P2-hpo-xgb,8.403707738580124e-07,0.5639162377551807
P2-hpo-xgb,7.352219313361275e-07,0.5639063261729431
P2-hpo-xgb,6.495940283457458e-07,0.5638992897316003
P2-hpo-xgb,5.627156269838451e-07,0.5638912765329781
P2-hpo-xgb,4.640274937628419e-07,0.5638842195158428
P2-hpo-xgb,3.7755205539724557e-07,0.5638744410719021
P2-hpo-xgb,2.975233428514912e-07,0.5638686023861847
P2-hpo-xgb,1.845661756760819e-07,0.5638609700613949
P2-hpo-xgb,1.0289800655982617e-07,0.5638536077095718
P2-hpo-xgb,0.0,0.15501292800697966
P2-hpo-lgbm,inf,0.05621
P2-hpo-lgbm,0.9999751494526328,0.6432692977766675
P2-hpo-lgbm,0.9999313605987202,0.6432716194745774
P2-hpo-lgbm,0.9998482433998449,0.6884607531203993
P2-hpo-lgbm,0.999752597723899,0.735073889919336
P2-hpo-lgbm,0.9996863887275272,0.7726259797658196
P2-hpo-lgbm,0.9996094721658045,0.7912543412729056
P2-hpo-lgbm,0.9995357265508488,0.8002267482102093
P2-hpo-lgbm,0.999449679542389,0.800227757825594
P2-hpo-lgbm,0.999391283175067,0.8488071630151277
P2-hpo-lgbm,0.9993544222078761,0.870155613487015
P2-hpo-lgbm,0.9992549882994302,0.8792638073109822
P2-hpo-lgbm,0.9991130380176544,0.8792648079769828
P2-hpo-lgbm,0.9990588114783385,0.8792661274214274
P2-hpo-lgbm,0.998846609799854,0.8792727304793172
P2-hpo-lgbm,0.9987727132980299,0.8792755736165723
P2-hpo-lgbm,0.9987414987121721,0.8792765742825729
P2-hpo-lgbm,0.998710191217845,0.8792892726952714
P2-hpo-lgbm,0.9985776708808085,0.8832646113884615
P2-hpo-lgbm,0.998555901474633,0.883267319721795
P2-hpo-lgbm,0.9984991952660843,0.8911814062481472
P2-hpo-lgbm,0.998371335504886,0.8928789752071412
P2-hpo-lgbm,0.9981556621172999,0.9015992547601072
P2-hpo-lgbm,0.9980582524271845,0.9029103485852227
P2-hpo-lgbm,0.9978835599298783,0.9029143799705039
P2-hpo-lgbm,0.997313057514724,0.9029184708795949
P2-hpo-lgbm,0.9971409881575655,0.903966934090686
P2-hpo-lgbm,0.9970928164837111,0.9039693583331101
P2-hpo-lgbm,0.9970482737636593,0.9116218324430825
P2-hpo-lgbm,0.9968869608239439,0.9116306559724943
P2-hpo-lgbm,0.9968309606501399,0.9116316991325899
P2-hpo-lgbm,0.996734693877551,0.914806966989542
P2-hpo-lgbm,0.9966443643952951,0.9156401513702854
P2-hpo-lgbm,0.9963599486243033,0.9156505359856701
P2-hpo-lgbm,0.9961092048449907,0.9163815233939787
P2-hpo-lgbm,0.9955608243817946,0.9216080446698621
P2-hpo-lgbm,0.9952824190824563,0.9243572732143036
P2-hpo-lgbm,0.9951488853348932,0.9253444776537098
P2-hpo-lgbm,0.9949520444220091,0.9306439978177034
P2-hpo-lgbm,0.9941666666666666,0.9334426288674513
P2-hpo-lgbm,0.9938080495356038,0.9342198028805991
P2-hpo-lgbm,0.9937324104895287,0.9342214102927947
P2-hpo-lgbm,0.9937169578810097,0.9342261200968794
P2-hpo-lgbm,0.9937018409792587,0.9342301514821607
P2-hpo-lgbm,0.9935443837006929,0.9357227121849905
P2-hpo-lgbm,0.9920520960383352,0.9357257580280364
P2-hpo-lgbm,0.9916201117318436,0.940873422050945
P2-hpo-lgbm,0.989735927336081,0.9408840470509451
P2-hpo-lgbm,0.9887640449438202,0.9420797165885798
P2-hpo-lgbm,0.9878419452887538,0.9454786132549157
P2-hpo-lgbm,0.9877115728794993,0.9454810857823881
P2-hpo-lgbm,0.9857137223040663,0.945703890188855
P2-hpo-lgbm,0.9847715736040609,0.9460418979518291
P2-hpo-lgbm,0.9838867121784229,0.9460525229518292
P2-hpo-lgbm,0.9828343844324249,0.9460540570427383
P2-hpo-lgbm,0.9823916300263681,0.9460570467613529
P2-hpo-lgbm,0.9808917197452229,0.9474727550928606
P2-hpo-lgbm,0.9801591714657655,0.9480763500955735
P2-hpo-lgbm,0.978837358752653,0.9502848056430978
P2-hpo-lgbm,0.9744463373083475,0.9527668780973425
P2-hpo-lgbm,0.972972972972973,0.9537458634657481
P2-hpo-lgbm,0.9714364907577472,0.9537469066258437
P2-hpo-lgbm,0.9710641900505665,0.9537480078163199
P2-hpo-lgbm,0.9688109176372219,0.953749352909235
P2-hpo-lgbm,0.967741935483871,0.9546613714828723
P2-hpo-lgbm,0.9674998308342085,0.9546640798162056
P2-hpo-lgbm,0.9641148325358851,0.9560628799290195
P2-hpo-lgbm,0.9634806913464554,0.9563556640707654
P2-hpo-lgbm,0.9629629629629629,0.956398918818469
P2-hpo-lgbm,0.962457337883959,0.956960939350916
P2-hpo-lgbm,0.9585636752684678,0.9569615424210914
P2-hpo-lgbm,0.9573170731707317,0.9581565918578179
P2-hpo-lgbm,0.9565674443386941,0.9581582585244846
P2-hpo-lgbm,0.9544303797468354,0.9596261420310184
P2-hpo-lgbm,0.9535287894303314,0.9598794046142078
P2-hpo-lgbm,0.9513568740083195,0.9602574447571516
P2-hpo-lgbm,0.9489143657922103,0.960460024130208
P2-hpo-lgbm,0.9469763558632297,0.960461211521073
P2-hpo-lgbm,0.9456722519740438,0.9604631622786488
P2-hpo-lgbm,0.9426596819877551,0.9604662415523162
P2-hpo-lgbm,0.9411177092457217,0.9604655215705437
P2-hpo-lgbm,0.9386281588447654,0.960907576880805
P2-hpo-lgbm,0.936319405157549,0.9609084859717141
P2-hpo-lgbm,0.9354838709677419,0.9611678709233482
P2-hpo-lgbm,0.9320864867336989,0.9619067636248503
P2-hpo-lgbm,0.9303740901470271,0.9622087368816483
P2-hpo-lgbm,0.9255409917591993,0.9622124868816484
P2-hpo-lgbm,0.9239130434782609,0.9624476130059849
P2-hpo-lgbm,0.9211267605633803,0.9628701994377247
P2-hpo-lgbm,0.918918918918919,0.9630881849386485
P2-hpo-lgbm,0.9177631188785035,0.9630892698341452
P2-hpo-lgbm,0.9166679275717328,0.963090979729642
P2-hpo-lgbm,0.9152414851541166,0.9630932713963087
P2-hpo-lgbm,0.9130584669382216,0.963102305009754
P2-hpo-lgbm,0.9067591094755189,0.963424803066522
P2-hpo-lgbm,0.9038461538461539,0.9639686531709133
P2-hpo-lgbm,0.8934952455024292,0.9641783819400561
P2-hpo-lgbm,0.8885017421602788,0.9647489032322037
P2-hpo-lgbm,0.8851351351351351,0.9649093861304175
P2-hpo-lgbm,0.8772774661028248,0.9653886962157036
P2-hpo-lgbm,0.8745753878036208,0.9654703659642561
P2-hpo-lgbm,0.8609741506882093,0.9657950404814523
P2-hpo-lgbm,0.8587108321965076,0.9660284655583368
P2-hpo-lgbm,0.8581227364434592,0.9660375564674276
P2-hpo-lgbm,0.8537414965986394,0.9662260541948489
P2-hpo-lgbm,0.839658249556435,0.9662409857703005
P2-hpo-lgbm,0.8339416631082509,0.9666278132330088
P2-hpo-lgbm,0.8148148148148148,0.966666740749207
P2-hpo-lgbm,0.8068806190403044,0.966709664262032
P2-hpo-lgbm,0.8015873015873016,0.966995228591174
P2-hpo-lgbm,0.791907514450867,0.9670840456255482
P2-hpo-lgbm,0.7884615384615384,0.9671388441396915
P2-hpo-lgbm,0.7787329071247785,0.9671814609330939
P2-hpo-lgbm,0.7657657657657657,0.9672295822094573
P2-hpo-lgbm,0.7563864586273119,0.9672295822094573
P2-hpo-lgbm,0.75,0.9672378580803624
P2-hpo-lgbm,0.7441860465116279,0.9672205090535912
P2-hpo-lgbm,0.7403508771929824,0.967363783656885
P2-hpo-lgbm,0.7368421052631579,0.967363596787687
P2-hpo-lgbm,0.7330663977789569,0.9673646816831837
P2-hpo-lgbm,0.7249999999999999,0.9674130975725153
P2-hpo-lgbm,0.7180548552101454,0.9673531731334282
P2-hpo-lgbm,0.7095609274168001,0.9673553138958916
P2-hpo-lgbm,0.7009232039399107,0.9673527814778901
P2-hpo-lgbm,0.6984126984126984,0.967263150520553
P2-hpo-lgbm,0.6960838054373416,0.9672647504338987
P2-hpo-lgbm,0.695502825731825,0.9672660441401926
P2-hpo-lgbm,0.6923076923076923,0.9672972609893857
P2-hpo-lgbm,0.6896551724137931,0.9672927864215993
P2-hpo-lgbm,0.688499737206336,0.9671976395395422
P2-hpo-lgbm,0.6883116883116883,0.9672328657423508
P2-hpo-lgbm,0.6882437927495412,0.9672311450945776
P2-hpo-lgbm,0.6875,0.9671670418836927
P2-hpo-lgbm,0.6855611750066359,0.967164077678778
P2-hpo-lgbm,0.6852791554680832,0.9671660669260899
P2-hpo-lgbm,0.6842105263157895,0.9671800106711045
P2-hpo-lgbm,0.6666666666666666,0.9671693733109188
P2-hpo-lgbm,0.6651723589637503,0.9671717059782514
P2-hpo-lgbm,0.662613981762918,0.9670828908930192
P2-hpo-lgbm,0.6388888888888888,0.9670851175221329
P2-hpo-lgbm,0.6333333333333333,0.9669481187083909
P2-hpo-lgbm,0.6285942696676922,0.9669469282322004
P2-hpo-lgbm,0.625,0.9669361174457647
P2-hpo-lgbm,0.6114571844004236,0.966924886308481
P2-hpo-lgbm,0.6092031949168213,0.966701838751856
P2-hpo-lgbm,0.6071428571428571,0.9666887083169542
P2-hpo-lgbm,0.6,0.9666586515448994
P2-hpo-lgbm,0.5967354273846711,0.9666595991255444
P2-hpo-lgbm,0.593354962389497,0.9666609817013021
P2-hpo-lgbm,0.5892857142857143,0.9666484570618001
P2-hpo-lgbm,0.5854433479719915,0.9666143578414834
P2-hpo-lgbm,0.5811675833063344,0.9666153931950189
P2-hpo-lgbm,0.5799083919837364,0.9665369835233852
P2-hpo-lgbm,0.5782976312292645,0.9665311063304028
P2-hpo-lgbm,0.5770981385642696,0.9665247868859584
P2-hpo-lgbm,0.5753968253968254,0.9660804548854055
P2-hpo-lgbm,0.572297516994704,0.966079889409215
P2-hpo-lgbm,0.5672756625412936,0.9660703595235529
P2-hpo-lgbm,0.564163748882867,0.965939082786747
P2-hpo-lgbm,0.5517241379310345,0.9658496494888851
P2-hpo-lgbm,0.541095890410959,0.9657246481489737
P2-hpo-lgbm,0.5396822064949693,0.9657243807692947
P2-hpo-lgbm,0.5343751448490297,0.96568259039657
P2-hpo-lgbm,0.5333333333333332,0.9656435219807376
P2-hpo-lgbm,0.5308752201879359,0.965530743039781
P2-hpo-lgbm,0.5294117647058824,0.9655061673181927
P2-hpo-lgbm,0.5172600561130865,0.9654414908151077
P2-hpo-lgbm,0.5091449248608653,0.965359432491386
P2-hpo-lgbm,0.5073170731707317,0.9650105984675065
P2-hpo-lgbm,0.4939465826272389,0.9649770155128194
P2-hpo-lgbm,0.493014293134594,0.9649809898717938
P2-hpo-lgbm,0.47971874686072835,0.9649822719230757
P2-hpo-lgbm,0.4787234042553192,0.9643720027537802
P2-hpo-lgbm,0.4728682170542636,0.9642869738226347
P2-hpo-lgbm,0.4692526455289965,0.9642889182670793
P2-hpo-lgbm,0.46736378820811514,0.9642885773579885
P2-hpo-lgbm,0.45454545454545453,0.9642311942791941
P2-hpo-lgbm,0.44823810614006543,0.9641313805808619
P2-hpo-lgbm,0.4477849240871983,0.9641313213263908
P2-hpo-lgbm,0.4451140927683309,0.9639715208663456
P2-hpo-lgbm,0.4411764705882353,0.9634991646591735
P2-hpo-lgbm,0.4289495878571619,0.9631288188161964
P2-hpo-lgbm,0.4230769230769231,0.9628355151654657
P2-hpo-lgbm,0.41739130434782606,0.962521436674431
P2-hpo-lgbm,0.39097744360902253,0.9623032779569787
P2-hpo-lgbm,0.3825503355704698,0.9616414133163079
P2-hpo-lgbm,0.3720136518771331,0.9601267069170918
P2-hpo-lgbm,0.34782608695652173,0.9601036448571901
P2-hpo-lgbm,0.3333333333333333,0.9594450502923904
P2-hpo-lgbm,0.3332692387565071,0.9594415720315208
P2-hpo-lgbm,0.33048256055714925,0.9594376892476381
P2-hpo-lgbm,0.328,0.9588646940582426
P2-hpo-lgbm,0.3276287363425365,0.9588622611578097
P2-hpo-lgbm,0.32138612328605,0.958861064985561
P2-hpo-lgbm,0.3155662204518468,0.9587308522916442
P2-hpo-lgbm,0.3106060606060606,0.9581228100269017
P2-hpo-lgbm,0.3056510370014994,0.9580071365899416
P2-hpo-lgbm,0.3010644720949111,0.958006666370506
P2-hpo-lgbm,0.29764810646680634,0.957802378447035
P2-hpo-lgbm,0.28973842357130675,0.9570095860376504
P2-hpo-lgbm,0.2857142857142857,0.9566642536171255
P2-hpo-lgbm,0.27380952380952384,0.956159769624397
P2-hpo-lgbm,0.26792590990286386,0.956147262149444
P2-hpo-lgbm,0.2626089240859296,0.9557433145915095
P2-hpo-lgbm,0.2558139534883721,0.954893404131849
P2-hpo-lgbm,0.25,0.9546176763115172
P2-hpo-lgbm,0.24561403508771928,0.9545055439768946
P2-hpo-lgbm,0.2356624882971923,0.9542600453521295
P2-hpo-lgbm,0.23157894736842105,0.9537698293172203
P2-hpo-lgbm,0.2275449101796407,0.9527905393382271
P2-hpo-lgbm,0.21889119420198952,0.9527660430565487
P2-hpo-lgbm,0.21818181818181817,0.9525863887779241
P2-hpo-lgbm,0.2091304230643125,0.9522514077049885
P2-hpo-lgbm,0.2,0.9518475904131788
P2-hpo-lgbm,0.1976598425954343,0.9518423820798455
P2-hpo-lgbm,0.1912873943932951,0.9518381519392767
P2-hpo-lgbm,0.18947368421052632,0.9516085234555599
P2-hpo-lgbm,0.1875,0.9503976868725103
P2-hpo-lgbm,0.18488650439770843,0.9503938635460782
P2-hpo-lgbm,0.18226784245423674,0.9503864398586547
P2-hpo-lgbm,0.17832918448070664,0.9501899238009986
P2-hpo-lgbm,0.1780018851452792,0.950188257134332
P2-hpo-lgbm,0.17786561264822134,0.9495042929977952
P2-hpo-lgbm,0.171990171990172,0.9480982675473736
P2-hpo-lgbm,0.17037037037037037,0.9476554082366466
P2-hpo-lgbm,0.1674713691485173,0.9476525510937893
P2-hpo-lgbm,0.16500150973527036,0.946730528161477
P2-hpo-lgbm,0.16405092189060175,0.9467306024282954
P2-hpo-lgbm,0.16206261623884893,0.9459902302244075
P2-hpo-lgbm,0.15627687624911857,0.945726753482285
P2-hpo-lgbm,0.1559633027522936,0.9453305720332316
P2-hpo-lgbm,0.15560562213428183,0.9449521374542115
P2-hpo-lgbm,0.15384615384615385,0.9445619192433439
P2-hpo-lgbm,0.15202723717802247,0.9440947881562717
P2-hpo-lgbm,0.15053763440860216,0.9434652553684317
P2-hpo-lgbm,0.14928546771083592,0.9434634561260073
P2-hpo-lgbm,0.14814814814814814,0.943350118678977
P2-hpo-lgbm,0.145,0.9427335246164398
P2-hpo-lgbm,0.1436974421556753,0.9427307545014972
P2-hpo-lgbm,0.14285714285714285,0.9427220361249399
P2-hpo-lgbm,0.13913120177248872,0.9423791707471688
P2-hpo-lgbm,0.13693175051266604,0.9423737321506777
P2-hpo-lgbm,0.13430816056966896,0.941716228729272
P2-hpo-lgbm,0.13333333333333333,0.9414785363784874
P2-hpo-lgbm,0.13144329896907217,0.9402837377503903
P2-hpo-lgbm,0.1264490417560058,0.9401015595177589
P2-hpo-lgbm,0.12290502793296089,0.9386816515502522
P2-hpo-lgbm,0.1111111111111111,0.9372511294345718
P2-hpo-lgbm,0.110255744675197,0.9372450976885401
P2-hpo-lgbm,0.10830060350737988,0.9372377961012386
P2-hpo-lgbm,0.10750262907167542,0.9372335136710253
P2-hpo-lgbm,0.10248447204968944,0.9360542464398081
P2-hpo-lgbm,0.1003852558262012,0.9349081640780369
P2-hpo-lgbm,0.09849908507668588,0.934903201672022
P2-hpo-lgbm,0.09560050613038623,0.9349006855778651
P2-hpo-lgbm,0.09484606350235567,0.932978445942125
P2-hpo-lgbm,0.0923546679401057,0.9324579515375958
P2-hpo-lgbm,0.09128702388049743,0.9324531912254441
P2-hpo-lgbm,0.08823529411764706,0.9323640235814804
P2-hpo-lgbm,0.08410770404098378,0.932361991340635
P2-hpo-lgbm,0.08264462809917356,0.9315344968995681
P2-hpo-lgbm,0.07717559142235067,0.9298003983013149
P2-hpo-lgbm,0.07429122178862925,0.9285873718780254
P2-hpo-lgbm,0.07202911194798398,0.9261019695648195
P2-hpo-lgbm,0.06954131713768001,0.9260637610894876
P2-hpo-lgbm,0.06570695750165136,0.9254481852695424
P2-hpo-lgbm,0.06352459016393443,0.923726733046357
P2-hpo-lgbm,0.06213678438547063,0.9237146277831991
P2-hpo-lgbm,0.06129597197898424,0.9222464695641871
P2-hpo-lgbm,0.061025357442385506,0.9222432608527534
P2-hpo-lgbm,0.05926131377711202,0.9222406226584745
P2-hpo-lgbm,0.05825242718446602,0.9219133894845082
P2-hpo-lgbm,0.05773121444258279,0.9217364470011397
P2-hpo-lgbm,0.057246658344997564,0.9217324133876943
P2-hpo-lgbm,0.05681567469727844,0.9217278895781704
P2-hpo-lgbm,0.056546046573544576,0.9217211303603768
P2-hpo-lgbm,0.05559784862831156,0.9209159267860026
P2-hpo-lgbm,0.05466237942122187,0.9182118098512535
P2-hpo-lgbm,0.053131175080802166,0.917570123079014
P2-hpo-lgbm,0.05297459570393206,0.9158905704486028
P2-hpo-lgbm,0.05263157894736842,0.9158320460260163
P2-hpo-lgbm,0.04993784730525225,0.9152660695383004
P2-hpo-lgbm,0.04918032786885246,0.914664063483328
P2-hpo-lgbm,0.0481400596873821,0.9146617179894082
P2-hpo-lgbm,0.04756111588507598,0.9119947738581231
P2-hpo-lgbm,0.04693821369663605,0.9119920815504308
P2-hpo-lgbm,0.04662110386927226,0.9115349528423392
P2-hpo-lgbm,0.04658133316006986,0.9115312785999149
P2-hpo-lgbm,0.046393324329681726,0.9081259977224266
P2-hpo-lgbm,0.045225150709465846,0.9081239015662037
P2-hpo-lgbm,0.04473900534179179,0.9081180778114145
P2-hpo-lgbm,0.04201680672268908,0.9077507261310646
P2-hpo-lgbm,0.04075775847514479,0.9040217255803873
P2-hpo-lgbm,0.03878615810650558,0.9040185076871693
P2-hpo-lgbm,0.03821656050955414,0.9019279256769133
P2-hpo-lgbm,0.0375,0.8977574203104552
P2-hpo-lgbm,0.037037037037037035,0.8957144516559544
P2-hpo-lgbm,0.03558942744445866,0.894450182137471
P2-hpo-lgbm,0.03450597618355844,0.8942854618752909
P2-hpo-lgbm,0.03378669860541981,0.8931250244832637
P2-hpo-lgbm,0.0327056404114973,0.8931219730126755
P2-hpo-lgbm,0.031914893617021274,0.8928746688198681
P2-hpo-lgbm,0.030228086148074516,0.892871601255123
P2-hpo-lgbm,0.030100071409471844,0.8918897555555738
P2-hpo-lgbm,0.029513168614016146,0.891212841456804
P2-hpo-lgbm,0.029263370332996974,0.8885737803157554
P2-hpo-lgbm,0.02794014547414698,0.8852579701983783
P2-hpo-lgbm,0.02725077688678017,0.8821102283826855
P2-hpo-lgbm,0.027157690479348316,0.8772038613844334
P2-hpo-lgbm,0.026568719835803303,0.8772012308497634
P2-hpo-lgbm,0.025830258302583026,0.8758574647923901
P2-hpo-lgbm,0.02530120481927711,0.8738242338873412
P2-hpo-lgbm,0.024725274725274724,0.869232963649949
P2-hpo-lgbm,0.024418515005863343,0.8681937810838105
P2-hpo-lgbm,0.02392611572793573,0.8677466077394287
P2-hpo-lgbm,0.02330097087378641,0.8643279915225875
P2-hpo-lgbm,0.023224043715846996,0.8586512644785576
P2-hpo-lgbm,0.022619673855865333,0.8537157617839675
P2-hpo-lgbm,0.02247706650589175,0.8537113173395231
P2-hpo-lgbm,0.022388299166450586,0.8537082518633325
P2-hpo-lgbm,0.022272028973781808,0.8537052650991389
P2-hpo-lgbm,0.02210482644886123,0.8537036194606911
P2-hpo-lgbm,0.02143867822017579,0.8518246160067174
P2-hpo-lgbm,0.020381760604121026,0.8500467066932995
P2-hpo-lgbm,0.0200785162098343,0.8477388886551233
P2-hpo-lgbm,0.019653981377365834,0.84378281023967
P2-hpo-lgbm,0.019518378702233056,0.8411847557836934
P2-hpo-lgbm,0.01875,0.8404729914460796
P2-hpo-lgbm,0.018696489074682687,0.8404716121357347
P2-hpo-lgbm,0.018439716312056736,0.8366732909127127
P2-hpo-lgbm,0.01731988068756934,0.8343980155921907
P2-hpo-lgbm,0.016132040307389406,0.8343960390964644
P2-hpo-lgbm,0.015417993561246533,0.8343943724297976
P2-hpo-lgbm,0.01492722836429142,0.8340312277976295
P2-hpo-lgbm,0.014194150123026985,0.833860272622901
P2-hpo-lgbm,0.014127230828336064,0.832657510257531
P2-hpo-lgbm,0.012989683438921767,0.8326542145181826
P2-hpo-lgbm,0.012634526630569354,0.8320653999076626
P2-hpo-lgbm,0.012484394506866416,0.8260382766504614
P2-hpo-lgbm,0.012221944029426036,0.8241844407359374
P2-hpo-lgbm,0.011961722488038277,0.8196383344050223
P2-hpo-lgbm,0.011235955056179775,0.8194267692328403
P2-hpo-lgbm,0.010810810810810811,0.8132212288762064
P2-hpo-lgbm,0.010256410256410256,0.8119541024700783
P2-hpo-lgbm,0.009259259259259259,0.8108473941674127
P2-hpo-lgbm,0.00922292724511382,0.8080071959818993
P2-hpo-lgbm,0.008910274612866628,0.8040841830570172
P2-hpo-lgbm,0.008741495618007848,0.8028140327191803
P2-hpo-lgbm,0.008707923553190462,0.802812810822797
P2-hpo-lgbm,0.008604940562315588,0.8028109060608923
P2-hpo-lgbm,0.008588251673894312,0.8028059436548773
P2-hpo-lgbm,0.008272572023998673,0.7996857139159644
P2-hpo-lgbm,0.008090614886731393,0.7950392165311717
P2-hpo-lgbm,0.008032128514056224,0.7885508586307456
P2-hpo-lgbm,0.007852770151081582,0.7862748990788208
P2-hpo-lgbm,0.007633587786259542,0.7845256420034946
P2-hpo-lgbm,0.007371362482740078,0.7842475710979063
P2-hpo-lgbm,0.007028452914254416,0.784247070472124
P2-hpo-lgbm,0.006802721088435374,0.7831111725640856
P2-hpo-lgbm,0.006684754556328125,0.7831087577034046
P2-hpo-lgbm,0.006654961272381251,0.7831059355943685
P2-hpo-lgbm,0.006269891911727774,0.7751808751388514
P2-hpo-lgbm,0.005747126436781609,0.7721161395713335
P2-hpo-lgbm,0.005414652846354782,0.772114509586006
P2-hpo-lgbm,0.005190936140520302,0.7717138689814786
P2-hpo-lgbm,0.004752309976453214,0.7645210060616527
P2-hpo-lgbm,0.004613759009033096,0.7645192966599433
P2-hpo-lgbm,0.004491017964071856,0.7631857837000436
P2-hpo-lgbm,0.004273903650002635,0.7609248800659411
P2-hpo-lgbm,0.0041537035455986625,0.7539915946120485
P2-hpo-lgbm,0.004,0.7512596216835623
P2-hpo-lgbm,0.0038022813688212928,0.741719097741087
P2-hpo-lgbm,0.0035504938344802727,0.7417143970186928
P2-hpo-lgbm,0.003321528379350564,0.7417123419856034
P2-hpo-lgbm,0.0030241935483870967,0.7242842221915599
P2-hpo-lgbm,0.0029062959114237873,0.7151354353123706
P2-hpo-lgbm,0.002113271344040575,0.7111850060869852
P2-hpo-lgbm,0.001948051948051948,0.6956090813614321
P2-hpo-lgbm,0.0018257257795336545,0.6956055976521588
P2-hpo-lgbm,0.0014151036622907706,0.6889595697432046
P2-hpo-lgbm,0.0012964719516015296,0.6877766530214702
P2-hpo-lgbm,0.0012285250695679697,0.6848857499108582
P2-hpo-lgbm,0.0010834236186348862,0.6833623989181096
P2-hpo-lgbm,0.0008757161215501858,0.6689641509320389
P2-hpo-lgbm,0.0007993605115907274,0.6672837301087949
P2-hpo-lgbm,0.0007776648519326957,0.6672815506216156
P2-hpo-lgbm,0.0006602839220864972,0.6536314867837262
P2-hpo-lgbm,0.0005626291294928255,0.6536293815205684
P2-hpo-lgbm,0.0005236878618115057,0.6478542491356184
P2-hpo-lgbm,0.0003981761078491861,0.6451273689511334
P2-hpo-lgbm,0.0003440564252537416,0.6364950676001401
P2-hpo-lgbm,0.0003323360556848555,0.6364948086262201
P2-hpo-lgbm,0.0002859540433590549,0.6364919227539225
P2-hpo-lgbm,0.0002209534266905945,0.6364902750309361
P2-hpo-lgbm,0.0001899655542269405,0.6364884474877699
P2-hpo-lgbm,0.00017408326446439557,0.6216294704834286
P2-hpo-lgbm,0.0001500224400356484,0.60699766782213
P2-hpo-lgbm,0.00011201465160321683,0.6069964185167399
P2-hpo-lgbm,5.367398421984864e-05,0.574098060034442
P2-hpo-lgbm,0.0,0.15501292800701016
