pipeline,recall,precision
P5-Bwide,2.9836585023824514e-06,1.0
P5-Bwide,0.025026927517984,1.0
P5-Bwide,0.050053855035968,1.0
P5-Bwide,0.07507779889544962,1.0
P5-Bwide,0.10010472641343363,1.0
P5-Bwide,0.12513165393141762,1.0
P5-Bwide,0.15015559779089924,1.0
P5-Bwide,0.17518252530888326,1.0
P5-Bwide,0.20020646916836488,1.0
P5-Bwide,0.22523339668634887,1.0
P5-Bwide,0.2502573405458305,0.9999880777805596
P5-Bwide,0.2752783007468097,0.9999783230729212
P5-Bwide,0.3003052282647937,0.9999801295552995
P5-Bwide,0.32532618846577294,0.9999724869083539
P5-Bwide,0.35035311598375696,0.9999744522128642
P5-Bwide,0.375380043501741,0.9999761554663593
P5-Bwide,0.4004010037027202,0.9999701941848854
P5-Bwide,0.42542494756220184,0.9999649344273792
P5-Bwide,0.45044889142168343,0.9999668823728117
P5-Bwide,0.47547581893966745,0.9999686254823832
P5-Bwide,0.5004997627991491,0.9999642331284686
P5-Bwide,0.5255207230001283,0.9999602588849779
P5-Bwide,0.5505476505181123,0.9999620653776121
P5-Bwide,0.5755656270605891,0.9999533473291345
P5-Bwide,0.6005865872615684,0.9999453560056234
P5-Bwide,0.62561053112105,0.999942772937322
P5-Bwide,0.650613589371015,0.9999128752097873
P5-Bwide,0.6756255985964871,0.9998940238269762
P5-Bwide,0.7006376078219592,0.9998807764857166
P5-Bwide,0.7256585680229384,0.9998766655292488
P5-Bwide,0.7506496916388937,0.9998330876011906
P5-Bwide,0.7756408152548492,0.9997961663897607
P5-Bwide,0.8006110532612879,0.9997317476639692
P5-Bwide,0.8255812912677266,0.9996748449190905
P5-Bwide,0.8505008070796249,0.9995581722356836
P5-Bwide,0.8753218621609445,0.999335756403138
P5-Bwide,0.9000086526096569,0.998979977082602
P5-Bwide,0.9242926491605477,0.9982052058696534
P5-Bwide,0.947269803287395,0.9961001352245952
P5-Bwide,0.9668843742820572,0.9906547198708718
P5-Bwide,0.9795828248681969,0.9785725995141652
P5-Bwide,0.9864989452767194,0.9614471985390762
P5-Bwide,0.9900733681625736,0.9419552628590894
P5-Bwide,0.992105239602696,0.9219365177947586
P5-Bwide,0.9933732944662086,0.902136537914403
P5-Bwide,0.9943399998209805,0.882946564116966
P5-Bwide,0.9951217183486047,0.8644325220952233
P5-Bwide,0.9958586819986932,0.8466660578664597
P5-Bwide,0.9964464627236626,0.8295157051807475
P5-Bwide,0.9968910278405175,0.812950585533087
P5-Bwide,0.9973385766158749,0.7970485072046659
P5-Bwide,0.9977383868551941,0.7817344915935741
P5-Bwide,0.9980516709979442,0.7669411861810912
P5-Bwide,0.9983351185556706,0.7526836488626548
P5-Bwide,0.9985439746508373,0.738900627247859
P5-Bwide,0.9987408961119946,0.7256085268545194
P5-Bwide,0.9988691934275971,0.7127437162820999
P5-Bwide,0.9990392619622328,0.7003580885767234
P5-Bwide,0.9991645756193329,0.688368737178354
P5-Bwide,0.9992779546424234,0.6767791071980666
P5-Bwide,0.9993644807389925,0.6655565645385956
P5-Bwide,0.9994390722015521,0.654695452306682
P5-Bwide,0.9994957617130974,0.6441718971140238
P5-Bwide,0.9995643858586521,0.633990007948223
P5-Bwide,0.9996121243946903,0.6241144396403177
P5-Bwide,0.9996419609797141,0.6145305808013647
P5-Bwide,0.9996837321987475,0.6052454740219154
P5-Bwide,0.999734454393288,0.5962417922664911
P5-Bwide,0.9997732419538189,0.5874959236128887
P5-Bwide,0.9998120295143499,0.5790045702338681
P5-Bwide,0.9998269478068618,0.5707412119570864
P5-Bwide,0.9998508170748809,0.5627166174099947
P5-Bwide,0.9998687190258951,0.5549106817594733
P5-Bwide,0.9998776700014024,0.5473137175483753
P5-Bwide,0.9998896046354119,0.5399245669689681
P5-Bwide,0.9998955719524166,0.53272842016243
P5-Bwide,0.9999104902449285,0.5257271851635715
P5-Bwide,0.9999194412204356,0.5189038873044038
P5-Bwide,0.999922424878938,0.5122524968130668
P5-Bwide,0.99993734317145,0.5057763034977762
P5-Bwide,0.9999492778054595,0.4994597687959476
P5-Bwide,0.9999492778054595,0.49329331745650923
P5-Bwide,0.999961212439469,0.48728379840182384
P5-Bwide,0.9999641960979714,0.48141407583183465
P5-Bwide,0.9999671797564738,0.4756847900601653
P5-Bwide,0.9999731470734785,0.47009104463585655
P5-Bwide,0.999976130731981,0.464626005947306
P5-Bwide,0.9999820980489857,0.4592886057978244
P5-Bwide,0.9999880653659905,0.4540718863042094
P5-Bwide,0.9999880653659905,0.44897032406024406
P5-Bwide,0.9999880653659905,0.44398153361107984
P5-Bwide,0.9999910490244929,0.4391037020830031
P5-Bwide,0.9999910490244929,0.4343311821268434
P5-Bwide,0.9999910490244929,0.42966073882632866
P5-Bwide,0.9999910490244929,0.42509021035342165
P5-Bwide,0.9999910490244929,0.4206153687832806
P5-Bwide,0.9999940326829952,0.41623499927348234
P5-Bwide,0.9999940326829952,0.4119442279848279
P5-Bwide,0.9999940326829952,0.40774052112809706
P5-Bwide,0.9999940326829952,0.403622227601331
P5-Bwide,0.9999940326829952,0.399585817652466
P5-Bwide,0.9999940326829952,0.39562934029314795
P5-Bwide,0.9999940326829952,0.3917509023582877
P5-Bwide,0.9999940326829952,0.38794731944013594
P5-Bwide,0.9999940326829952,0.3842173261600507
P5-Bwide,0.9999940326829952,0.3805579431792247
P5-Bwide,0.9999940326829952,0.3769676083442903
P5-Bwide,0.9999940326829952,0.37344480174356026
P5-Bwide,0.9999940326829952,0.3699868191843791
P5-Bwide,0.9999940326829952,0.36659268973769726
P5-Bwide,0.9999940326829952,0.3632598736014272
P5-Bwide,0.9999940326829952,0.35998711097983405
P5-Bwide,0.9999940326829952,0.3567731730060932
P5-Bwide,0.9999940326829952,0.35361574171766197
P5-Bwide,0.9999940326829952,0.35051407308403065
P5-Bwide,0.9999940326829952,0.347465982427494
P5-Bwide,0.9999940326829952,0.34447044748875344
P5-Bwide,0.9999940326829952,0.3415264686401386
P5-Bwide,0.9999940326829952,0.33863204201515956
P5-Bwide,0.9999940326829952,0.3357862634577198
P5-Bwide,0.9999940326829952,0.33298824754374756
P5-Bwide,0.9999940326829952,0.330236151112276
P5-Bwide,0.9999940326829952,0.32752949316321506
P5-Bwide,0.9999940326829952,0.324866527863399
P5-Bwide,0.9999940326829952,0.32224651559904005
P5-Bwide,0.9999970163414976,0.31966968413402247
P5-Bwide,0.9999970163414976,0.317132505518816
P5-Bwide,0.9999970163414976,0.31463557967980504
P5-Bwide,0.9999970163414976,0.31217737473617146
P5-Bwide,0.9999970163414976,0.30975728325825647
P5-Bwide,0.9999970163414976,0.30737470755849516
P5-Bwide,0.9999970163414976,0.3050282268376568
P5-Bwide,0.9999970163414976,0.3027175739095563
P5-Bwide,0.9999970163414976,0.30044139582915
P5-Bwide,0.9999970163414976,0.29819919212769364
P5-Bwide,0.9999970163414976,0.2959904691842551
P5-Bwide,0.9999970163414976,0.2938139675554367
P5-Bwide,0.9999970163414976,0.29166949496215305
P5-Bwide,0.9999970163414976,0.2895558492945943
P5-Bwide,0.9999970163414976,0.2874726172035153
P5-Bwide,0.9999970163414976,0.28541939000140515
P5-Bwide,0.9999970163414976,0.28339504486945877
P5-Bwide,0.9999970163414976,0.28139944922084903
P5-Bwide,1.0,0.27943236275958205
P5-Bwide,1.0,0.2774917702696437
P5-Bwide,1.0,0.2755781723939178
P5-Bwide,1.0,0.2736905628083172
P5-Bwide,1.0,0.27182885663815576
P5-Bwide,1.0,0.2699920893596248
P5-Bwide,1.0,0.26817997781963493
P5-Bwide,1.0,0.2663922406153205
P5-Bwide,1.0,0.2646279714084715
P5-Bwide,1.0,0.26288712354382565
P5-Bwide,1.0,0.26116882671603925
P5-Bwide,1.0,0.25947284646804347
P5-Bwide,1.0,0.257798949140783
P5-Bwide,1.0,0.25614631473319543
P5-Bwide,1.0,0.2545147339684324
P5-Bwide,1.0,0.2529039979113249
P5-Bwide,1.0,0.2513133327834557
P5-Bwide,1.0,0.2497427379831999
P5-Bwide,1.0,0.24819146848538032
P5-Bwide,1.0,0.24665935135079442
P5-Bwide,1.0,0.24514621337351336
P5-Bwide,1.0,0.24365134984239237
P5-Bwide,1.0,0.24217478169449153
P5-Bwide,1.0,0.24071582936101232
P5-Bwide,1.0,0.2392743503213679
P5-Bwide,1.0,0.2378502013316131
P5-Bwide,1.0,0.23644273816124942
P5-Bwide,1.0,0.23505199899291182
P5-Bwide,1.0,0.23367736168853942
P5-Bwide,1.0,0.23231870928120033
P5-Bwide,1.0,0.2309759237410548
P5-Bwide,1.0,0.2296484140535711
P5-Bwide,1.0,0.2283362321684172
P5-Bwide,1.0,0.2270388065727375
P5-Bwide,1.0,0.2257560418346404
P5-Bwide,1.0,0.22448784121034646
P5-Bwide,1.0,0.22323366072058942
P5-Bwide,1.0,0.2219935632537163
P5-Bwide,1.0,0.22076702211958316
P5-Bwide,1.0,0.21955396008633876
P5-Bwide,1.0,0.21835429843146145
P5-Bwide,1.0,0.21716753492470778
P5-Bwide,1.0,0.21599374108642933
P5-Bwide,1.0,0.21483243007637357
P5-Bwide,1.0,0.2136835400829974
P5-Bwide,1.0,0.2125470076797707
P5-Bwide,1.0,0.2114223678417015
P5-Bwide,1.0,0.2103096988350605
P5-Bwide,1.0,0.20920854938693523
P5-Bwide,1.0,0.20811887077975263
P5-Bwide,1.0,0.20704061259889994
P5-Bwide,1.0,0.20597334310064674
P5-Bwide,1.0,0.2049170204648615
P5-Bwide,1.0,0.20387160114138267
P5-Bwide,1.0,0.20283667169180547
P5-Bwide,1.0,0.20181231807874292
P5-Bwide,1.0,0.20079813843585956
P5-Bwide,1.0,0.1997941010609697
P5-Bwide,1.0,0.1988001724885507
P5-Bwide,1.0,0.1978159673304031
P5-Bwide,1.0,0.1968415748312664
P5-Bwide,1.0,0.1958766200370294
P5-Bwide,1.0,0.1949210798739139
P5-Bwide,1.0,0.19397492949317852
P5-Bwide,1.0,0.19303780882196248
P5-Bwide,1.0,0.19210980946015813
P5-Bwide,1.0,0.19119058077249987
P5-Bwide,1.0,0.1902801070513308
P5-Bwide,1.0,0.1893783708190543
P5-Bwide,1.0,0.1884850349206742
P5-Bwide,1.0,0.1876001925488089
P5-Bwide,1.0,0.18672351511018703
P5-Bwide,1.0,0.18585499319039825
P5-Bwide,1.0,0.18499461562280767
P5-Bwide,1.0,0.1841420660608062
P5-Bwide,1.0,0.1832974386627713
P5-Bwide,1.0,0.18246042487122227
P5-Bwide,1.0,0.18163102065059172
P5-Bwide,1.0,0.18080922024037838
P5-Bwide,1.0,0.17999472623974988
P5-Bwide,1.0,0.17918763325770035
P5-Bwide,1.0,0.17838765099870982
P5-Bwide,1.0,0.1775947800247137
P5-Bwide,1.0,0.17680901920712133
P5-Bwide,1.0,0.1760300884407299
P5-Bwide,1.0,0.17525808236255042
P5-Bwide,1.0,0.17449272736549348
P5-Bwide,1.0,0.17373402793976622
P5-Bwide,1.0,0.1729819869246368
P5-Bwide,1.0,0.17223634004393798
P5-Bwide,1.0,0.17149709386367484
P5-Bwide,1.0,0.17076425332450196
P5-Bwide,1.0,0.17003756301088535
P5-Bwide,1.0,0.1693171169123126
P5-Bwide,1.0,0.16860266527421658
P5-Bwide,1.0,0.16789421771109947
P5-Bwide,1.0,0.16719178225694614
P5-Bwide,1.0,0.16649511730101846
P5-Bwide,1.0,0.16580431608978471
P5-Bwide,1.0,0.16511914222133106
P5-Bwide,1.0,0.16443960790682316
P5-Bwide,1.0,0.16376572382359608
P5-Bwide,1.0,0.16309726107124017
P5-Bwide,1.0,0.16243431195177166
P5-Bwide,1.0,0.16177665236788996
P5-Bwide,1.0,0.1611242967376511
P5-Bwide,1.0,0.16047725799300364
P5-Bwide,1.0,0.15983531896101963
P5-Bwide,1.0,0.15919857083754296
P5-Bwide,1.0,0.15856680088774208
P5-Bwide,1.0,0.15794002539978746
P5-Bwide,1.0,0.15731825922386422
P5-Bwide,1.0,0.15670129602962354
P5-Bwide,1.0,0.15608922577817808
P5-Bwide,1.0,0.1554818462480545
P5-Bwide,1.0,0.15487917530613404
P5-Bwide,1.0,0.1542812294293382
P5-Bwide,1.0,0.15368781233119558
P5-Bwide,1.0,0.1530990126372384
P5-Bwide,1.0,0.15251463787221514
P5-Bwide,1.0,0.15193470722925045
P5-Bwide,1.0,0.1513592385590572
P5-Bwide,1.0,0.15078804489642403
P5-Bwide,1.0,0.15022121345361464
P5-Bwide,1.0,0.14965856080689763
P5-Bwide,1.0,0.14910010725666284
P5-Bwide,1.0,0.14854587180766807
P5-Bwide,1.0,0.14799567616068504
P5-Bwide,1.0,0.14744954118753634
P5-Bwide,1.0,0.14690748649201882
P5-Bwide,1.0,0.14636933868514385
P5-Bwide,1.0,0.14583518260345904
P5-Bwide,1.0,0.14530484801820173
P5-Bwide,1.0,0.14477835661647184
P5-Bwide,1.0,0.14425572886246554
P5-Bwide,1.0,0.1437367991062526
P5-Bwide,1.0,0.14322165065196898
P5-Bwide,1.0,0.14271012079896786
P5-Bwide,1.0,0.142202231897758
P5-Bwide,1.0,0.14169800511984712
P5-Bwide,1.0,0.1411972820411064
P5-Bwide,1.0,0.14070014441160666
P5-Bwide,1.0,0.14020643656388623
P5-Bwide,1.0,0.13971618137979103
P5-Bwide,1.0,0.13922940060475822
P5-Bwide,1.0,0.13874594257152686
P5-Bwide,1.0,0.13826588746453203
P5-Bwide,1.0,0.1377890861969589
P5-Bwide,1.0,0.13731556206709783
P5-Bwide,1.0,0.13684533727805337
P5-Bwide,1.0,0.1363782664901779
P5-Bwide,1.0,0.13591442831907788
P5-Bwide,1.0,0.1354536798440314
P5-Bwide,1.0,0.1349960446798124
P5-Bwide,1.0,0.13454154538582863
P5-Bwide,1.0,0.13409004255639212
P5-Bwide,1.0,0.13364161324202697
P5-Bwide,1.0,0.13319612030766026
P5-Bwide,1.0,0.13275358759758701
P5-Bwide,1.0,0.13231403793913837
P5-Bwide,1.0,0.13187733749894254
P5-Bwide,1.0,0.13144356177191283
P5-Bwide,1.0,0.13101257905887687
P5-Bwide,1.0,0.13058441335801962
P5-Bwide,1.0,0.1301590876875489
P5-Bwide,1.0,0.12973647345360714
P5-Bwide,1.0,0.12931659471457935
P5-Bwide,1.0,0.1288994745703915
P5-Bwide,1.0,0.12848498742211178
P5-Bwide,1.0,0.12807320630677207
P5-Bwide,1.0,0.1276640075632656
P5-Bwide,1.0,0.12725741530290552
P5-Bwide,1.0,0.12685345271330034
P5-Bwide,1.0,0.12645199895566245
P5-Bwide,1.0,0.12605312555592205
P5-Bwide,1.0,0.12565671350251326
P5-Bwide,1.0,0.1252627869072415
P5-Bwide,1.0,0.12487136899159995
P5-Bwide,1.0,0.12448234340679136
P5-Bwide,1.0,0.12409578019030594
P5-Bwide,1.0,0.12371156471825416
P5-Bwide,1.0,0.12332972105748302
P5-Bwide,1.0,0.12295027241659122
P5-Bwide,1.0,0.12257310668675668
P5-Bwide,1.0,0.12219829244184753
P5-Bwide,1.0,0.12182571920316523
P5-Bwide,1.0,0.12145541095326982
P5-Bwide,1.0,0.12108739084724576
P5-Bwide,1.0,0.12072155078453393
P5-Bwide,1.0,0.12035795790188118
P5-Bwide,1.0,0.11999650564091952
P5-Bwide,1.0,0.11963721786596351
P5-Bwide,1.0,0.1192801176433743
P5-Bwide,1.0,0.11892510066580655
P5-Bwide,1.0,0.11857223266066964
P5-Bwide,1.0,0.1182214107811222
P5-Bwide,1.0,0.11787265874398915
P5-Bwide,1.0,0.11752599949645591
P5-Bwide,1.0,0.1171813323245369
P5-Bwide,1.0,0.11683872157503361
P5-Bwide,1.0,0.11649806791847891
P5-Bwide,1.0,0.11615939489910537
P5-Bwide,1.0,0.11582272531865513
P5-Bwide,1.0,0.1154879618705274
P5-Bwide,1.0,0.11515512798488232
P5-Bwide,1.0,0.1148242463651385
P5-Bwide,1.0,0.11449522166520057
P5-Bwide,1.0,0.1141681160842086
P5-Bwide,1.0,0.11384283554966798
P5-Bwide,1.0,0.11351940328636875
P5-Bwide,1.0,0.11319784181773661
P5-Bwide,1.0,0.11287805893346149
P5-Bwide,1.0,0.11256011552928533
P5-Bwide,1.0,0.11224392060517323
P5-Bwide,1.0,0.11192949716401682
P5-Bwide,1.0,0.11161686753167
P5-Bwide,1.0,0.11130594247847418
P5-Bwide,1.0,0.11099678162685815
P5-Bwide,1.0,0.11068929689827295
P5-Bwide,1.0,0.11038351105979158
P5-Bwide,1.0,0.11007944622476887
P5-Bwide,1.0,0.10977701599920606
P5-Bwide,1.0,0.10947627876227023
P5-Bwide,1.0,0.10917714921573073
P5-Bwide,1.0,0.10887964987921717
P5-Bwide,1.0,0.1085838026409956
P5-Bwide,1.0,0.1082895238070621
P5-Bwide,1.0,0.10799687054321466
P5-Bwide,1.0,0.10770576019939572
P5-Bwide,1.0,0.10741621503818678
P5-Bwide,1.0,0.1071282567122369
P5-Bwide,1.0,0.10684180410046015
P5-Bwide,1.0,0.10655691318491539
P5-Bwide,1.0,0.10627350383988535
P5-Bwide,1.0,0.10599159806307651
P5-Bwide,1.0,0.10571121726281062
P5-Bwide,1.0,0.1054322827717612
P5-Bwide,1.0,0.10515484941753026
P5-Bwide,1.0,0.10487883948257616
P5-Bwide,1.0,0.10460427469346761
P5-Bwide,1.0,0.10433117620709159
P5-Bwide,1.0,0.10405946769803291
P5-Bwide,1.0,0.10378917072774957
P5-Bwide,1.0,0.10352030629944997
P5-Bwide,1.0,0.10325279944202163
P5-Bwide,1.0,0.10298670319577458
P5-Bwide,1.0,0.1027219434721138
P5-Bwide,1.0,0.10245854155413038
P5-Bwide,1.0,0.10219651818509468
P5-Bwide,1.0,0.10193580057069133
P5-Bwide,1.0,0.10167644067081896
P5-Bwide,1.0,0.10141836653486516
P5-Bwide,1.0,0.10116159916452995
P5-Bwide,1.0,0.10090615903937146
P5-Bwide,1.0,0.10065197544656264
P5-Bwide,1.0,0.10039909929313623
P5-Bwide,1.0,0.10014746067341868
P5-Bwide,1.0,0.09989708030567715
P5-Bwide,1.0,0.09964797840299931
P5-Bwide,1.0,0.09940008624427535
P5-Bwide,1.0,0.09915345371064772
P5-Bwide,1.0,0.09890801285371244
P5-Bwide,1.0,0.09866378410712336
P5-Bwide,1.0,0.0984207874156332
P5-Bwide,1.0,0.09817895596521838
P5-Bwide,1.0,0.09793833863751457
P5-Bwide,1.0,0.09769886935870861
P5-Bwide,1.0,0.09746056827741509
P5-Bwide,1.0,0.0972234550689727
P5-Bwide,1.0,0.09698746474658926
P5-Bwide,1.0,0.09675264521816898
P5-Bwide,1.0,0.09651893220645022
P5-Bwide,1.0,0.09628634557524196
P5-Bwide,1.0,0.09605490473007906
P5-Bwide,1.0,0.09582454643598869
P5-Bwide,1.0,0.09559531765230023
P5-Bwide,1.0,0.0953671558245815
P5-Bwide,1.0,0.09514008053264525
P5-Bwide,1.0,0.09491411091243669
P5-Bwide,1.0,0.09468918540952714
P5-Bwide,1.0,0.09446532343393016
P5-Bwide,1.0,0.09424254396016135
P5-Bwide,1.0,0.09402078640952913
P5-Bwide,1.0,0.09380009627440444
P5-Bwide,1.0,0.09358041361348349
P5-Bwide,1.0,0.09336175755509352
P5-Bwide,1.0,0.09314414680557366
P5-Bwide,1.0,0.09292752236064782
P5-Bwide,1.0,0.09271192882659145
P5-Bwide,1.0,0.09249730781140383
P5-Bwide,1.0,0.09228367816370461
P5-Bwide,1.0,0.0920710583231073
P5-Bwide,1.0,0.0918593907979726
P5-Bwide,1.0,0.09164871933138564
P5-Bwide,1.0,0.0914389870201867
P5-Bwide,1.0,0.09123021243561114
P5-Bwide,1.0,0.09102241375236649
P5-Bwide,1.0,0.09081553493289748
P5-Bwide,1.0,0.09060961887938525
P5-Bwide,1.0,0.09040461012018919
P5-Bwide,1.0,0.09020052695178041
P5-Bwide,1.0,0.08999738728609916
P5-Bwide,1.0,0.08979513648413859
P5-Bwide,1.0,0.08959381662885017
P5-Bwide,1.0,0.08939337362572881
P5-Bwide,1.0,0.08919382549935491
P5-Bwide,1.0,0.0889951899013153
P5-Bwide,1.0,0.08879741353844019
P5-Bwide,1.0,0.08860053769552265
P5-Bwide,1.0,0.08840450960356067
P5-Bwide,1.0,0.08820934701833305
P5-Bwide,1.0,0.08801506733372322
P5-Bwide,1.0,0.08782161855233298
P5-Bwide,1.0,0.08762904118127521
P5-Bwide,1.0,0.08743728372799713
P5-Bwide,1.0,0.08724636368274674
P5-Bwide,1.0,0.08705629818455543
P5-Bwide,1.0,0.08686703648421235
P5-Bwide,1.0,0.08667859591428011
P5-Bwide,1.0,0.0864909934623184
P5-Bwide,1.0,0.08630417910616867
P5-Bwide,1.0,0.08611819214979821
P5-Bwide,1.0,0.08593298304692766
P5-Bwide,1.0,0.08574856887012697
P5-Bwide,1.0,0.08556496635700886
P5-Bwide,1.0,0.08538212666225098
P5-Bwide,1.0,0.08520008836268969
P5-Bwide,1.0,0.08501880307190827
P5-Bwide,1.0,0.08483828760609564
P5-Bwide,1.0,0.0846585584561563
P5-Bwide,1.0,0.08447956791178367
P5-Bwide,1.0,0.08430135384112332
P5-Bwide,1.0,0.08412386897660784
P5-Bwide,1.0,0.0839471298817458
P5-Bwide,1.0,0.0837711528040775
P5-Bwide,1.0,0.08359589112847307
P5-Bwide,1.0,0.08342138203229091
P5-Bwide,1.0,0.0832475793277333
P5-Bwide,1.0,0.08307449932939871
P5-Bwide,1.0,0.08290215804489236
P5-Bwide,1.0,0.08273050991628682
P5-Bwide,1.0,0.08255959144753389
P5-Bwide,1.0,0.08238935749334622
P5-Bwide,1.0,0.08221982412323492
P5-Bwide,1.0,0.0820510071083666
P5-Bwide,1.0,0.08188286191179804
P5-Bwide,1.0,0.08171542438094578
P5-Bwide,1.0,0.08154865037748846
P5-Bwide,1.0,0.08138255572970984
P5-Bwide,1.0,0.08121715597588583
P5-Bwide,1.0,0.08105240756549434
P5-Bwide,1.0,0.08088834570579251
P5-Bwide,1.0,0.08072492723149717
P5-Bwide,1.0,0.08056216773354889
P5-Bwide,1.0,0.0804000825209181
P5-Bwide,1.0,0.08023862899650182
P5-Bwide,1.0,0.08007782261070345
P6,3.0064518456607882e-06,1.0
P6,0.016114581892741824,1.0
P6,0.03222916378548365,1.0
P6,0.04834073922637981,1.0
P6,0.06445532111912164,1.0
P6,0.0805668965600178,1.0
P6,0.09668147845275962,1.0
P6,0.11279606034550145,1.0
P6,0.1289076357863976,1.0
P6,0.14502221767913942,1.0
P6,0.1611337931200356,1.0
P6,0.17724837501277743,1.0
P6,0.19336295690551925,1.0
P6,0.20947453234641542,1.0
P6,0.22558911423915723,1.0
P6,0.2417006896800534,1.0
P6,0.2578152715727952,1.0
P6,0.27392083411000007,0.9999780492355647
P6,0.2900354160027419,0.9999792688109627
P6,0.3061499978954837,0.9999803600011784
P6,0.3222585668845342,0.9999720128367788
P6,0.33837314877727603,0.9999733456535645
P6,0.35448171776632653,0.9999660761082512
P6,0.3705962996590684,0.9999675511677524
P6,0.38671088155181016,0.9999689032970279
P6,0.40282245699270636,0.9999701470258975
P6,0.4189370388854482,0.9999712952996053
P6,0.43504861432634434,0.9999723583191094
P6,0.4511631962190862,0.9999733455943599
P6,0.4672747716599823,0.9999742646112669
P6,0.48338935355272417,0.9999751225215812
P6,0.49950393544546595,0.9999759250788454
P6,0.5156125044345164,0.9999708466709814
P6,0.5317240798754126,0.9999660762041535
P6,0.5478326488644631,0.9999615861622381
P6,0.563947230757205,0.9999626837823719
P6,0.5800588061981011,0.9999585376219253
P6,0.5961703816389973,0.999959658102418
P6,0.6122789506280478,0.9999508997618638
P6,0.6283875196170983,0.9999473744641764
P6,0.6444930821543031,0.9999346966191507
P6,0.6605956382396623,0.9999226368985588
P6,0.6766981943250215,0.9999067093730426
P6,0.692806763314072,0.9999002008999275
P6,0.7089123258512768,0.9998939878382848
P6,0.725005862581099,0.9998673201150998
P6,0.7411024057627669,0.9998499235421289
P6,0.7571809102333608,0.999805479136645
P6,0.7732864727705656,0.999797870644987
P6,0.7893709901448509,0.9997677252303708
P6,0.8054525010672904,0.9997313232330771
P6,0.821524992634193,0.9996890308371655
P6,0.8375974842010956,0.9996447780580483
P6,0.8536188660866219,0.9995423485965944
P6,0.8696342350684569,0.9994402559619651
P6,0.8855924814652244,0.9992740299479609
P6,0.9014485084992394,0.9990037882700233
P6,0.9171061097114408,0.9985237170905116
P6,0.932499143161224,0.9977803227217747
P6,0.9473239572121773,0.9964612796316442
P6,0.9610093260136252,0.9940076373858746
P6,0.971859610724615,0.9887531160628259
P6,0.979880824248838,0.9808332957161559
P6,0.9850879988455225,0.970395730540731
P6,0.9884973152385018,0.9585381354696892
P6,0.9907882315448954,0.94597759878751
P6,0.9922523735937322,0.9330229297238313
P6,0.9933166575470961,0.9200819843327495
P6,0.9941223866417331,0.9072882025616542
P6,0.9947597544330132,0.8947113668566731
P6,0.9953249673799974,0.8824322775481047
P6,0.9958360641937598,0.8704494508988755
P6,0.9962539610003066,0.8587191719941641
P6,0.9966628384513165,0.8473047923322684
P6,0.9969875352506479,0.8361261692846877
P6,0.9973032126944422,0.8252402548455229
P6,0.9975647740050148,0.8145945906134844
P6,0.9978413675748156,0.804237573572351
P6,0.9980698579150857,0.7941097672994488
P6,0.9982652772850538,0.7842105014548615
P6,0.998430632136565,0.7745372195154945
P6,0.9985719353733111,0.7650825680042936
P6,0.9987372902248225,0.7558784580168652
P6,0.9988635612023402,0.7468652072852178
P6,0.9989597676614014,0.7380443619143237
P6,0.9990740128315365,0.7294458529518291
P6,0.9991732257424433,0.721034875522048
P6,0.9992754451051957,0.7128209417436584
P6,0.9993506064013372,0.7047730915690648
P6,0.9993806709197939,0.6968746593319972
P6,0.9994498193122441,0.6891801402678066
P6,0.9995189677046943,0.6816533155090082
P6,0.999530993512077,0.674252964010043
P6,0.9995580515786878,0.6670204356775713
P6,0.9996031483563728,0.6599537119741485
P6,0.999645238682212,0.6530350910615699
P6,0.9996783096525143,0.6462535056878145
P6,0.9997173935265079,0.639616834654151
P6,0.9997534709486559,0.6331124819130303
P6,0.9997775225634211,0.6267331826859832
P6,0.9997925548226494,0.6204747004901494
P6,0.9998075870818777,0.6143401580214255
P6,0.9998256257929516,0.6083288517189278
P6,0.9998376516003343,0.6024295428937863
P6,0.9998556903114083,0.5966483493811413
P6,0.9998737290224823,0.5909762117574726
P6,0.9998887612817106,0.5854093434979062
P6,0.9998977806372475,0.5799440604314741
P6,0.9999067999927845,0.5745789826479348
P6,0.9999098064446301,0.569309905083063
P6,0.9999218322520128,0.564140750226866
P6,0.9999338580593955,0.5590656800814908
P6,0.9999398709630868,0.5540769715163408
P6,0.9999458838667781,0.5491765653843741
P6,0.9999488903186238,0.5443613920290412
P6,0.9999488903186238,0.5396274537480956
P6,0.9999518967704695,0.5349776102118022
P6,0.9999518967704695,0.5304048020004083
P6,0.9999549032223151,0.5259110860930504
P6,0.999963922577852,0.5214968539850829
P6,0.9999669290296977,0.517152270617631
P6,0.999972941933389,0.5128818368259549
P6,0.999972941933389,0.5086775658770092
P6,0.999972941933389,0.5045424275934463
P6,0.999972941933389,0.5004732248051051
P6,0.999972941933389,0.49646913421767924
P6,0.999972941933389,0.4925293347628045
P6,0.999972941933389,0.4886508547485705
P6,0.9999759483852347,0.4848351449724282
P6,0.9999759483852347,0.48107644488542595
P6,0.9999789548370803,0.4773770105935153
P6,0.9999789548370803,0.4737333109245612
P6,0.999981961288926,0.4701455617655124
P6,0.999981961288926,0.466611019534949
P6,0.999981961288926,0.46312858107590665
P6,0.9999849677407717,0.4596997556472032
P6,0.9999849677407717,0.456319350696388
P6,0.9999879741926173,0.45298966039462646
P6,0.9999879741926173,0.44970748611116745
P6,0.9999879741926173,0.44647193291659004
P6,0.999990980644463,0.44328452892147846
P6,0.999990980644463,0.44014042572336715
P6,0.999990980644463,0.4370406090436784
P6,0.999990980644463,0.43398471597203103
P6,0.999990980644463,0.4309707028289113
P6,0.999990980644463,0.42799881617211827
P6,0.999990980644463,0.4250670926517572
P6,0.999990980644463,0.4221752595638819
P6,0.999990980644463,0.4193230368914512
P6,0.999990980644463,0.416508573353419
P6,0.999990980644463,0.4137321534745217
P6,0.9999939870963087,0.41099323117071834
P6,0.9999939870963087,0.40828962373121447
P6,0.9999939870963087,0.40562085907975076
P6,0.9999939870963087,0.4029867563549748
P6,0.9999939870963087,0.400387126596175
P6,0.9999939870963087,0.39782034598897736
P6,0.9999939870963087,0.3952867354760504
P6,0.9999939870963087,0.3927847286597427
P6,0.9999969935481543,0.39031536949570217
P6,0.9999969935481543,0.387876165842987
P6,0.9999969935481543,0.38546681284143824
P6,0.9999969935481543,0.3830876484158419
P6,0.9999969935481543,0.3807372371977065
P6,0.9999969935481543,0.3784159222364307
P6,0.9999969935481543,0.376122316053247
P6,0.9999969935481543,0.3738563457915773
P6,0.9999969935481543,0.3716179301514662
P6,0.9999969935481543,0.36940574915233154
P6,0.9999969935481543,0.3672201552270444
P6,0.9999969935481543,0.36505987070999746
P6,0.9999969935481543,0.3629248546083427
P6,0.9999969935481543,0.3608150575636574
P6,0.9999969935481543,0.3587292616874944
P6,0.9999969935481543,0.35666782475915965
P6,1.0,0.35463063262851735
P6,1.0,0.3526159058695816
P6,1.0,0.3506235723087724
P6,1.0,0.34865362623125407
P6,1.0,0.34670605378969027
P6,1.0,0.34477976130009974
P6,1.0,0.34287510888221134
P6,1.0,0.3409910348610122
P6,1.0,0.33912755338726863
P6,1.0,0.3372846707038586
P6,1.0,0.33546137057701075
P6,1.0,0.33365801202347717
P6,1.0,0.33187360749838113
P6,1.0,0.3301081874508115
P6,1.0,0.32836177467664135
P6,1.0,0.32663342243416127
P6,1.0,0.32492348690656564
P6,1.0,0.3232310471594426
P6,1.0,0.32155645784996134
P6,1.0,0.3198988228052628
P6,1.0,0.31825819044703
P6,1.0,0.31663460192921516
P6,1.0,0.31502719638126647
P6,1.0,0.3134363238528531
P6,1.0,0.3118611458542339
P6,1.0,0.31030172084058666
P6,1.0,0.308758100284328
P6,1.0,0.30722947765502195
P6,1.0,0.3057161974860202
P6,1.0,0.3042174735401827
P6,1.0,0.30273364794327917
P6,1.0,0.30126395398863304
P6,1.0,0.29980846106351433
P6,1.0,0.2983672319729026
P6,1.0,0.29693952795776296
P6,1.0,0.2955256847322066
P6,1.0,0.29412498131974146
P6,1.0,0.29273749310220704
P6,1.0,0.2913632891611013
P6,1.0,0.2900016740020507
P6,1.0,0.28865297649679644
P6,1.0,0.2873165173870642
P6,1.0,0.2859926227182446
P6,1.0,0.2846806288995969
P6,1.0,0.28338061767838124
P6,1.0,0.28209266488509543
P6,1.0,0.2808161294217071
P6,1.0,0.2795513301082173
P6,1.0,0.27829764020388426
P6,1.0,0.27705514481720017
P6,1.0,0.27582392340371187
P6,1.0,0.2746033698598245
P6,1.0,0.27339379562823746
P6,1.0,0.2721946077941973
P6,1.0,0.27100589401847563
P6,1.0,0.2698277365630869
P6,1.0,0.26865956149313647
P6,1.0,0.26750167280026765
P6,1.0,0.2663535086932568
P6,1.0,0.2652153701770851
P6,1.0,0.2640867072170531
P6,1.0,0.26296760993087787
P6,1.0,0.26185816337616574
P6,1.0,0.26075783446301376
P6,1.0,0.259666916743238
P6,1.0,0.25858488798500506
P6,1.0,0.25751183940677935
P6,1.0,0.2564478573961851
P6,1.0,0.2553924353875213
P6,1.0,0.25434585953313316
P6,1.0,0.25330763331629985
P6,1.0,0.2522780399527327
P6,1.0,0.2512565926736153
P6,1.0,0.2502433835046924
P6,1.0,0.2492384999441754
P6,1.0,0.2482414693069691
P6,1.0,0.24725256754104796
P6,1.0,0.24627133100748103
P6,1.0,0.2452978518793843
P6,1.0,0.2443322180065891
P6,1.0,0.24337397883214618
P6,1.0,0.242423403160517
P6,1.0,0.24148004884515475
P6,1.0,0.24054418187222343
P6,1.0,0.23961536826802618
P6,1.0,0.23869369993247186
P6,1.0,0.23777926471134903
P6,1.0,0.23687164046454523
P6,1.0,0.23597108623829519
P6,1.0,0.23507718750949694
P6,1.0,0.2341900357039508
P6,1.0,0.233309718374075
P6,1.0,0.23243583203471674
P6,1.0,0.2315686289525881
P6,1.0,0.23070771275322893
P6,1.0,0.22985333303848832
P6,1.0,0.2290051003547115
P6,1.0,0.22816310515513702
P6,1.0,0.22732743425733357
P6,1.0,0.22649770824778842
P6,1.0,0.2256741701868394
P6,1.0,0.22485644713590572
P6,1.0,0.22404462867589112
P6,1.0,0.2232388009114308
P6,1.0,0.22243860030428167
P6,1.0,0.22164426354915492
P6,1.0,0.22085543317459516
P6,1.0,0.2200721977710791
P6,1.0,0.2192946426040192
P6,1.0,0.21852241901607164
P6,1.0,0.21775575751465484
P6,1.0,0.21699431513489323
P6,1.0,0.21623831995948514
P6,1.0,0.215487434574986
P6,1.0,0.21474174602836427
P6,1.0,0.2140013382402141
P6,1.0,0.21326588187017517
P6,1.0,0.21253559906428054
P6,1.0,0.21181016570096392
P6,1.0,0.21108966763744044
P6,1.0,0.21037418773773336
P6,1.0,0.20966340947455872
P6,1.0,0.2089575492352354
P6,1.0,0.20825629540489757
P6,1.0,0.2075598621168213
P6,1.0,0.20686794255278393
P6,1.0,0.2061806208143136
P6,1.0,0.20549797818478371
P6,1.0,0.20481971483199965
P6,1.0,0.20414603937608097
P6,1.0,0.20347665650765842
P6,1.0,0.20281164902678847
P6,1.0,0.20215109703274536
P6,1.0,0.20149471180727827
P6,1.0,0.20084269662921347
P6,1.0,0.20019476704994127
P6,1.0,0.19955112425914806
P6,1.0,0.1989114879819351
P6,1.0,0.1982759391517754
P6,1.0,0.19764455615570647
P6,1.0,0.19701706480598483
P6,1.0,0.19639366118553708
P6,1.0,0.19577407505286967
P6,1.0,0.19515838598784638
P6,1.0,0.19454667112746737
P6,1.0,0.1939386659887538
P6,1.0,0.19333456171055208
P6,1.0,0.19273409754506204
P6,1.0,0.19213735170958907
P6,1.0,0.1915444000769361
P6,1.0,0.19095498735264366
P6,1.0,0.1903692998898253
P6,1.0,0.1897870859330646
P6,1.0,0.1892085299645495
P6,1.0,0.18863338369333932
P6,1.0,0.18806172342513897
P6,1.0,0.18749362325065683
P6,1.0,0.18692883994058615
P6,1.0,0.18636755340547823
P6,1.0,0.1858095237031186
P6,1.0,0.1852548257774322
P6,1.0,0.18470353244436843
P6,1.0,0.18415540856647258
P6,1.0,0.18361062963003852
P6,1.0,0.18306896361935165
P6,1.0,0.18253058429125607
P6,1.0,0.18199526268877703
P6,1.0,0.1814630718627982
P6,1.0,0.18093408285092297
P6,1.0,0.18040807117000723
P6,1.0,0.17988520635112926
P6,1.0,0.1793652668197067
P6,1.0,0.1788483242883421
P6,1.0,0.17833444853351177
P6,1.0,0.17782342223666878
P6,1.0,0.17731541083932392
P6,1.0,0.17681019979109247
P6,1.0,0.1763079529347908
P6,1.0,0.17580845843459655
P6,1.0,0.1753117861543862
P6,1.0,0.17481800412371568
P6,1.0,0.1743269044812588
P6,1.0,0.17383864716322805
P6,1.0,0.17335302689484514
P6,1.0,0.17287011223995527
P6,1.0,0.1723899699966467
P6,1.0,0.171912398678734
P6,1.0,0.17143755444110567
P6,1.0,0.1709652382641234
P6,1.0,0.1704955174305061
P6,1.0,0.1700284575225342
P6,1.0,0.16956386313480412
P6,1.0,0.1691018867617572
P6,1.0,0.1686423353519293
P6,1.0,0.16818535996848843
P6,1.0,0.16773076987080993
P6,1.0,0.16727863058216955
P6,1.0,0.16682900601173858
P6,1.0,0.16638170880674855
P6,1.0,0.1659368865319521
P6,1.0,0.16549435404222715
P6,1.0,0.16505417562977465
P6,1.0,0.16461641403093394
P6,1.0,0.16418088733832067
P6,1.0,0.1637477397290284
P6,1.0,0.16331679140625038
P6,1.0,0.16288818522214962
P6,1.0,0.16246174345328282
P6,1.0,0.16203752870578675
P6,1.0,0.16161560210701134
P6,1.0,0.16119578897579334
P6,1.0,0.16077822892498067
P6,1.0,0.16036274925753075
P6,1.0,0.1599494114026314
P6,1.0,0.15953827536274287
P6,1.0,0.15912917135313234
P6,1.0,0.15872223584866946
P6,1.0,0.15831730096460758
P6,1.0,0.1579145019481873
P6,1.0,0.15751367278234313
P6,1.0,0.15711487328752402
P6,1.0,0.15671816192642654
P6,1.0,0.15632337542462577
P6,1.0,0.15593064602705434
P6,1.0,0.15553981224938332
P6,1.0,0.15515093279100303
P6,1.0,0.15476406504019646
P6,1.0,0.154379050142164
P6,1.0,0.1539960174321836
P6,1.0,0.15361480977225506
P6,1.0,0.15323555535899222
P6,1.0,0.1528580987430101
P6,1.0,0.15248249709354567
P6,1.0,0.15210880633060336
P6,1.0,0.15173687348630588
P6,1.0,0.15136682397163959
P6,1.0,0.15099850643956073
P6,1.0,0.15063197699431652
P6,1.0,0.15026729053281465
P6,1.0,0.14990429809060382
P6,1.0,0.14954312237774184
P6,1.0,0.1491836159864513
P6,1.0,0.1488258339791351
P6,1.0,0.1484698302509433
P6,1.0,0.14811545968302514
P6,1.0,0.1477628423661033
P6,1.0,0.14741183467722277
P6,1.0,0.14706255568156446
P6,1.0,0.14671486322865504
P6,1.0,0.14636881096078488
P6,1.0,0.1460244514062544
P6,1.0,0.14568164458055066
P6,1.0,0.14534050703875784
P6,1.0,0.1450009002124327
P6,1.0,0.14466287675659548
P6,1.0,0.14432648824839822
P6,1.0,0.14399159820292973
P6,1.0,0.143658320739796
P6,1.0,0.14332652073662225
P6,1.0,0.1429963113591223
P6,1.0,0.1426675588268094
P6,1.0,0.14234031444979844
P6,1.0,0.14201462850838487
P6,1.0,0.14169036919717537
P6,1.0,0.1413676473463337
P6,1.0,0.14104633244254772
P6,1.0,0.14072647486141773
P6,1.0,0.14040812398134692
P6,1.0,0.14009115119127893
P6,1.0,0.13977566505410866
P6,1.0,0.13946153820351728
P6,1.0,0.13914887831407205
P6,1.0,0.13883755924590993
P6,1.0,0.13852763010209926
P6,1.0,0.13821913903195324
P6,1.0,0.13791196170185593
P6,1.0,0.13760620361058146
P6,1.0,0.1373017416068223
P6,1.0,0.13699862390970277
P6,1.0,0.13669689781411873
P6,1.0,0.1363964419103982
P6,1.0,0.13609735958405397
P6,1.0,0.13579953056569324
P6,1.0,0.13550300221086892
P6,1.0,0.13520782097924838
P6,1.0,0.13491386828154345
P6,1.0,0.13462124545030313
P6,1.0,0.1343298349964804
P6,1.0,0.13403973744785386
P6,1.0,0.13375083640013383
P6,1.0,0.13346317803329416
P6,1.0,0.13317680766922368
P6,1.0,0.13289161050242376
P6,1.0,0.13260768508854254
P6,1.0,0.1323249176693934
P6,1.0,0.13204335360852654
P6,1.0,0.13176303743713766
P6,1.0,0.13148385694097184
P6,1.0,0.13120590875884192
P6,1.0,0.13092908168808287
P6,1.0,0.13065347161583202
P6,1.0,0.13037896833718582
P6,1.0,0.13010561610437302
P6,1.0,0.129833458371619
P6,1.0,0.12956238640533305
P6,1.0,0.1292924942499828
P6,1.0,0.12902367413626506
P6,1.0,0.12875596954462878
P6,1.0,0.12848942318092618
P6,1.0,0.12822392869809254
P6,1.0,0.1279595783486875
P6,1.0,0.1276962667179574
P6,1.0,0.127434085355528
P6,1.0,0.12717292976656658
P6,1.0,0.12691284238094838
P6,1.0,0.1266538648852314
P6,1.0,0.12639589414175714
P6,1.0,0.12613901997636634
P6,1.0,0.12588314014130242
P6,1.0,0.12562829633680764
P6,1.0,0.12537452954114123
P6,1.0,0.1251217388196836
P6,1.0,0.12487001232114259
P6,1.0,0.1246192499720877
P6,1.0,0.12436949275996341
P8,3.0064518456607882e-06,1.0
P8,0.016114581892741824,1.0
P8,0.03222916378548365,1.0
P8,0.04834073922637981,1.0
P8,0.06445532111912164,1.0
P8,0.0805668965600178,1.0
P8,0.09668147845275962,1.0
P8,0.11279606034550145,1.0
P8,0.1289076357863976,1.0
P8,0.14502221767913942,1.0
P8,0.1611337931200356,1.0
P8,0.17724837501277743,1.0
P8,0.19336295690551925,1.0
P8,0.20947453234641542,1.0
P8,0.22558911423915723,1.0
P8,0.2417006896800534,1.0
P8,0.25781226512094957,0.9999883387363855
P8,0.2739238405618457,0.9999890246177823
P8,0.29003842245458755,0.9999896344054813
P8,0.3061530043473294,0.9999901800005891
P8,0.3222615733363799,0.9999813418911859
P8,0.3383761552291217,0.9999822304357097
P8,0.3544847242181722,0.9999745570811883
P8,0.3705962996590684,0.9999675511677524
P8,0.38671088155181016,0.9999689032970279
P8,0.40282245699270636,0.9999701470258975
P8,0.4189370388854482,0.9999712952996053
P8,0.43504861432634434,0.9999723583191094
P8,0.4511631962190862,0.9999733455943599
P8,0.4672717652081367,0.9999678307640837
P8,0.48338634710087847,0.9999689031519765
P8,0.4995009289936203,0.9999699063485568
P8,0.5156125044345164,0.9999708466709814
P8,0.5317240798754126,0.9999660762041535
P8,0.5478326488644631,0.9999615861622381
P8,0.563947230757205,0.9999626837823719
P8,0.5800557997462554,0.999953354824666
P8,0.596164368735306,0.9999495726280225
P8,0.6122759441762021,0.9999459897380503
P8,0.6283845131652527,0.999942590324556
P8,0.6444870692506118,0.9999253675647436
P8,0.6605836124322797,0.9999044338158667
P8,0.6766921814213301,0.9998978245514276
P8,0.6928007504103807,0.9998915227173125
P8,0.7089063129475855,0.9998855068653476
P8,0.7250088690329447,0.9998714663615029
P8,0.7411054122146126,0.9998539796626119
P8,0.7572079682999717,0.9998412074584857
P8,0.7732984985779483,0.9998134190569111
P8,0.7893830159522335,0.9997829563628056
P8,0.8054585139709818,0.9997387864766027
P8,0.8215219861823473,0.9996853723764263
P8,0.8375914712974042,0.9996376018572007
P8,0.8536188660866219,0.9995423485965944
P8,0.8696372415203025,0.9994437111720764
P8,0.8856015008207614,0.9992842070982231
P8,0.901442495595548,0.9989971246464114
P8,0.9170730387411384,0.9984877101902802
P8,0.9325051560649154,0.997786756568958
P8,0.9472578152715728,0.9963917069345005
P8,0.9607116872809048,0.9936997785904421
P8,0.9715890300585055,0.9884778319849511
P8,0.9795140371236674,0.9804661520636784
P8,0.9848144117275673,0.9701262238859898
P8,0.9883680378091384,0.9584127761549092
P8,0.9906258831452297,0.945822592960439
P8,0.9920960380977578,0.9328759261929195
P8,0.9931813672140414,0.9199566686067397
P8,0.9939209543680739,0.907104364909508
P8,0.9946875995887174,0.8946464690166895
P8,0.9952618318912386,0.8823763030724656
P8,0.9956857416014767,0.8703180555592054
P8,0.9961367093783259,0.8586181071857079
P8,0.9965425803774901,0.8472025559105432
P8,0.9968823094360497,0.8360379213837271
P8,0.9972100126872268,0.8251631344705687
P8,0.9975136643236385,0.814552855308608
P8,0.9977391482120631,0.8041551870779207
P8,0.9979465933894137,0.7940116924372321
P8,0.9981901159889122,0.7841514567509352
P8,0.9983584772922692,0.774481245058505
P8,0.9985208256919349,0.7650434089563654
P8,0.9986741547360636,0.7558306749247985
P8,0.9988184644246553,0.7468314877508171
P8,0.9989236902392534,0.7380177074494787
P8,0.9990289160538516,0.729412926805176
P8,0.9991191096092213,0.7209958236155557
P8,0.9991912644535172,0.7127608925032812
P8,0.9992453805867392,0.7046988830558641
P8,0.999326554786572,0.6968369237993811
P8,0.9993926967271766,0.6891407508453178
P8,0.9994648515714724,0.6816164093143035
P8,0.9995189677046943,0.674244851769077
P8,0.9995851096452988,0.6670384919408878
P8,0.9996121677119097,0.6599596666944554
P8,0.9996602709414403,0.6530449111381272
P8,0.99968131610436,0.6462554492430824
P8,0.9997083741709709,0.6396110640917134
P8,0.9997444515931189,0.6331067702383673
P8,0.9997805290152668,0.6267350673484119
P8,0.9997955612744951,0.6204765663045121
P8,0.999831638696643,0.614354936737857
P8,0.9998617032150996,0.6083508024833632
P8,0.9998707225706366,0.6024494690582894
P8,0.9998707225706366,0.5966573196482937
P8,0.9998767354743279,0.5909779887233744
P8,0.9998827483780193,0.5854058230962988
P8,0.9998887612817106,0.5799388291750658
P8,0.9998977806372475,0.5745737998327678
P8,0.9999067999927845,0.5693081933258587
P8,0.9999158193483215,0.5641373578376911
P8,0.9999188258001671,0.5590572755053672
P8,0.9999308516075498,0.5540719737986319
P8,0.9999398709630868,0.5491732630598678
P8,0.9999428774149325,0.5443581186691173
P8,0.9999458838667781,0.5396258313012187
P8,0.9999518967704695,0.5349776102118022
P8,0.9999549032223151,0.530406396713615
P8,0.999963922577852,0.5259158296860373
P8,0.999963922577852,0.5214968539850829
P8,0.9999669290296977,0.517152270617631
P8,0.9999699354815433,0.5128802948296866
P8,0.999972941933389,0.5086775658770092
P8,0.999972941933389,0.5045424275934463
P8,0.9999759483852347,0.5004747294944695
P8,0.9999759483852347,0.4964706268686124
P8,0.999981961288926,0.49253377718019037
P8,0.9999849677407717,0.48865673132863596
P8,0.9999849677407717,0.4848395179781554
P8,0.9999849677407717,0.48108078398928533
P8,0.9999849677407717,0.4773798810759142
P8,0.9999849677407717,0.47373615949728387
P8,0.9999849677407717,0.47014697526100196
P8,0.9999849677407717,0.4666124224038158
P8,0.9999849677407717,0.46312997347480106
P8,0.9999849677407717,0.4596997556472032
P8,0.9999849677407717,0.456319350696388
P8,0.9999849677407717,0.45298829848664784
P8,0.9999849677407717,0.44970613407100646
P8,0.9999849677407717,0.4464705906040809
P8,0.9999849677407717,0.44328186347025755
P8,0.999990980644463,0.44014042572336715
P8,0.999990980644463,0.4370406090436784
P8,0.999990980644463,0.43398471597203103
P8,0.9999939870963087,0.4309719985332627
P8,0.9999939870963087,0.42800010294155494
P8,0.9999939870963087,0.42506837060702873
P8,0.9999939870963087,0.42217652882491813
P8,0.9999939870963087,0.4193242975773399
P8,0.9999939870963087,0.41650982557768235
P8,0.9999939870963087,0.4137333973515371
P8,0.9999939870963087,0.41099323117071834
P8,0.9999939870963087,0.40828962373121447
P8,0.9999939870963087,0.40562085907975076
P8,0.9999939870963087,0.4029867563549748
P8,0.9999939870963087,0.400387126596175
P8,0.9999939870963087,0.39782034598897736
P8,0.9999939870963087,0.3952867354760504
P8,0.9999939870963087,0.3927847286597427
P8,0.9999939870963087,0.3903141960278112
P8,0.9999939870963087,0.3878749997084664
P8,0.9999939870963087,0.38546565395054316
P8,0.9999939870963087,0.38308649667781164
P8,0.9999939870963087,0.38073609252609564
P8,0.9999939870963087,0.3784147845437625
P8,0.9999939870963087,0.376121185256216
P8,0.9999939870963087,0.3738552218070973
P8,0.9999939870963087,0.3716168128966953
P8,0.9999939870963087,0.3694046385483962
P8,0.9999939870963087,0.3672190511940117
P8,0.9999939870963087,0.3650587731717757
P8,0.9999939870963087,0.3629237634889633
P8,0.9999939870963087,0.3608139727873003
P8,0.9999939870963087,0.35872818318200106
P8,0.9999939870963087,0.35666675245129575
P8,0.9999939870963087,0.3546285002686773
P8,0.9999939870963087,0.35261378562409956
P8,0.9999939870963087,0.3506214640430002
P8,0.9999939870963087,0.3486515298105779
P8,0.9999939870963087,0.3467039690795796
P8,0.9999939870963087,0.3447776881726003
P8,0.9999939870963087,0.3428730472072035
P8,0.9999939870963087,0.34098898451475995
P8,0.9999939870963087,0.33912551424595105
P8,0.9999939870963087,0.33728264264361707
P8,0.9999939870963087,0.3354593534800973
P8,0.9999939870963087,0.33365600576998505
P8,0.9999939870963087,0.33187161197434156
P8,0.9999939870963087,0.3301062025420726
P8,1.0,0.32836177467664135
P8,1.0,0.32663342243416127
P8,1.0,0.32492348690656564
P8,1.0,0.3232310471594426
P8,1.0,0.32155645784996134
P8,1.0,0.3198988228052628
P8,1.0,0.31825819044703
P8,1.0,0.31663460192921516
P8,1.0,0.31502719638126647
P8,1.0,0.3134363238528531
P8,1.0,0.3118611458542339
P8,1.0,0.31030172084058666
P8,1.0,0.308758100284328
P8,1.0,0.30722947765502195
P8,1.0,0.3057161974860202
P8,1.0,0.3042174735401827
P8,1.0,0.30273364794327917
P8,1.0,0.30126395398863304
P8,1.0,0.29980846106351433
P8,1.0,0.2983672319729026
P8,1.0,0.29693952795776296
P8,1.0,0.2955256847322066
P8,1.0,0.29412498131974146
P8,1.0,0.29273749310220704
P8,1.0,0.2913632891611013
P8,1.0,0.2900016740020507
P8,1.0,0.28865297649679644
P8,1.0,0.2873165173870642
P8,1.0,0.2859926227182446
P8,1.0,0.2846806288995969
P8,1.0,0.28338061767838124
P8,1.0,0.28209266488509543
P8,1.0,0.2808161294217071
P8,1.0,0.2795513301082173
P8,1.0,0.27829764020388426
P8,1.0,0.27705514481720017
P8,1.0,0.27582392340371187
P8,1.0,0.2746033698598245
P8,1.0,0.27339379562823746
P8,1.0,0.2721946077941973
P8,1.0,0.27100589401847563
P8,1.0,0.2698277365630869
P8,1.0,0.26865956149313647
P8,1.0,0.26750167280026765
P8,1.0,0.2663535086932568
P8,1.0,0.2652153701770851
P8,1.0,0.2640867072170531
P8,1.0,0.26296760993087787
P8,1.0,0.26185816337616574
P8,1.0,0.26075783446301376
P8,1.0,0.259666916743238
P8,1.0,0.25858488798500506
P8,1.0,0.25751183940677935
P8,1.0,0.2564478573961851
P8,1.0,0.2553924353875213
P8,1.0,0.25434585953313316
P8,1.0,0.25330763331629985
P8,1.0,0.2522780399527327
P8,1.0,0.2512565926736153
P8,1.0,0.2502433835046924
P8,1.0,0.2492384999441754
P8,1.0,0.2482414693069691
P8,1.0,0.24725256754104796
P8,1.0,0.24627133100748103
P8,1.0,0.2452978518793843
P8,1.0,0.2443322180065891
P8,1.0,0.24337397883214618
P8,1.0,0.242423403160517
P8,1.0,0.24148004884515475
P8,1.0,0.24054418187222343
P8,1.0,0.23961536826802618
P8,1.0,0.23869369993247186
P8,1.0,0.23777926471134903
P8,1.0,0.23687164046454523
P8,1.0,0.23597108623829519
P8,1.0,0.23507718750949694
P8,1.0,0.2341900357039508
P8,1.0,0.233309718374075
P8,1.0,0.23243583203471674
P8,1.0,0.2315686289525881
P8,1.0,0.23070771275322893
P8,1.0,0.22985333303848832
P8,1.0,0.2290051003547115
P8,1.0,0.22816310515513702
P8,1.0,0.22732743425733357
P8,1.0,0.22649770824778842
P8,1.0,0.2256741701868394
P8,1.0,0.22485644713590572
P8,1.0,0.22404462867589112
P8,1.0,0.2232388009114308
P8,1.0,0.22243860030428167
P8,1.0,0.22164426354915492
P8,1.0,0.22085543317459516
P8,1.0,0.2200721977710791
P8,1.0,0.2192946426040192
P8,1.0,0.21852241901607164
P8,1.0,0.21775575751465484
P8,1.0,0.21699431513489323
P8,1.0,0.21623831995948514
P8,1.0,0.215487434574986
P8,1.0,0.21474174602836427
P8,1.0,0.2140013382402141
P8,1.0,0.21326588187017517
P8,1.0,0.21253559906428054
P8,1.0,0.21181016570096392
P8,1.0,0.21108966763744044
P8,1.0,0.21037418773773336
P8,1.0,0.20966340947455872
P8,1.0,0.2089575492352354
P8,1.0,0.20825629540489757
P8,1.0,0.2075598621168213
P8,1.0,0.20686794255278393
P8,1.0,0.2061806208143136
P8,1.0,0.20549797818478371
P8,1.0,0.20481971483199965
P8,1.0,0.20414603937608097
P8,1.0,0.20347665650765842
P8,1.0,0.20281164902678847
P8,1.0,0.20215109703274536
P8,1.0,0.20149471180727827
P8,1.0,0.20084269662921347
P8,1.0,0.20019476704994127
P8,1.0,0.19955112425914806
P8,1.0,0.1989114879819351
P8,1.0,0.1982759391517754
P8,1.0,0.19764455615570647
P8,1.0,0.19701706480598483
P8,1.0,0.19639366118553708
P8,1.0,0.19577407505286967
P8,1.0,0.19515838598784638
P8,1.0,0.19454667112746737
P8,1.0,0.1939386659887538
P8,1.0,0.19333456171055208
P8,1.0,0.19273409754506204
P8,1.0,0.19213735170958907
P8,1.0,0.1915444000769361
P8,1.0,0.19095498735264366
P8,1.0,0.1903692998898253
P8,1.0,0.1897870859330646
P8,1.0,0.1892085299645495
P8,1.0,0.18863338369333932
P8,1.0,0.18806172342513897
P8,1.0,0.18749362325065683
P8,1.0,0.18692883994058615
P8,1.0,0.18636755340547823
P8,1.0,0.1858095237031186
P8,1.0,0.1852548257774322
P8,1.0,0.18470353244436843
P8,1.0,0.18415540856647258
P8,1.0,0.18361062963003852
P8,1.0,0.18306896361935165
P8,1.0,0.18253058429125607
P8,1.0,0.18199526268877703
P8,1.0,0.1814630718627982
P8,1.0,0.18093408285092297
P8,1.0,0.18040807117000723
P8,1.0,0.17988520635112926
P8,1.0,0.1793652668197067
P8,1.0,0.1788483242883421
P8,1.0,0.17833444853351177
P8,1.0,0.17782342223666878
P8,1.0,0.17731541083932392
P8,1.0,0.17681019979109247
P8,1.0,0.1763079529347908
P8,1.0,0.17580845843459655
P8,1.0,0.1753117861543862
P8,1.0,0.17481800412371568
P8,1.0,0.1743269044812588
P8,1.0,0.17383864716322805
P8,1.0,0.17335302689484514
P8,1.0,0.17287011223995527
P8,1.0,0.1723899699966467
P8,1.0,0.171912398678734
P8,1.0,0.17143755444110567
P8,1.0,0.1709652382641234
P8,1.0,0.1704955174305061
P8,1.0,0.1700284575225342
P8,1.0,0.16956386313480412
P8,1.0,0.1691018867617572
P8,1.0,0.1686423353519293
P8,1.0,0.16818535996848843
P8,1.0,0.16773076987080993
P8,1.0,0.16727863058216955
P8,1.0,0.16682900601173858
P8,1.0,0.16638170880674855
P8,1.0,0.1659368865319521
P8,1.0,0.16549435404222715
P8,1.0,0.16505417562977465
P8,1.0,0.16461641403093394
P8,1.0,0.16418088733832067
P8,1.0,0.1637477397290284
P8,1.0,0.16331679140625038
P8,1.0,0.16288818522214962
P8,1.0,0.16246174345328282
P8,1.0,0.16203752870578675
P8,1.0,0.16161560210701134
P8,1.0,0.16119578897579334
P8,1.0,0.16077822892498067
P8,1.0,0.16036274925753075
P8,1.0,0.1599494114026314
P8,1.0,0.15953827536274287
P8,1.0,0.15912917135313234
P8,1.0,0.15872223584866946
P8,1.0,0.15831730096460758
P8,1.0,0.1579145019481873
P8,1.0,0.15751367278234313
P8,1.0,0.15711487328752402
P8,1.0,0.15671816192642654
P8,1.0,0.15632337542462577
P8,1.0,0.15593064602705434
P8,1.0,0.15553981224938332
P8,1.0,0.15515093279100303
P8,1.0,0.15476406504019646
P8,1.0,0.154379050142164
P8,1.0,0.1539960174321836
P8,1.0,0.15361480977225506
P8,1.0,0.15323555535899222
P8,1.0,0.1528580987430101
P8,1.0,0.15248249709354567
P8,1.0,0.15210880633060336
P8,1.0,0.15173687348630588
P8,1.0,0.15136682397163959
P8,1.0,0.15099850643956073
P8,1.0,0.15063197699431652
P8,1.0,0.15026729053281465
P8,1.0,0.14990429809060382
P8,1.0,0.14954312237774184
P8,1.0,0.1491836159864513
P8,1.0,0.1488258339791351
P8,1.0,0.1484698302509433
P8,1.0,0.14811545968302514
P8,1.0,0.1477628423661033
P8,1.0,0.14741183467722277
P8,1.0,0.14706255568156446
P8,1.0,0.14671486322865504
P8,1.0,0.14636881096078488
P8,1.0,0.1460244514062544
P8,1.0,0.14568164458055066
P8,1.0,0.14534050703875784
P8,1.0,0.1450009002124327
P8,1.0,0.14466287675659548
P8,1.0,0.14432648824839822
P8,1.0,0.14399159820292973
P8,1.0,0.143658320739796
P8,1.0,0.14332652073662225
P8,1.0,0.1429963113591223
P8,1.0,0.1426675588268094
P8,1.0,0.14234031444979844
P8,1.0,0.14201462850838487
P8,1.0,0.14169036919717537
P8,1.0,0.1413676473463337
P8,1.0,0.14104633244254772
P8,1.0,0.14072647486141773
P8,1.0,0.14040812398134692
P8,1.0,0.14009115119127893
P8,1.0,0.13977566505410866
P8,1.0,0.13946153820351728
P8,1.0,0.13914887831407205
P8,1.0,0.13883755924590993
P8,1.0,0.13852763010209926
P8,1.0,0.13821913903195324
P8,1.0,0.13791196170185593
P8,1.0,0.13760620361058146
P8,1.0,0.1373017416068223
P8,1.0,0.13699862390970277
P8,1.0,0.13669689781411873
P8,1.0,0.1363964419103982
P8,1.0,0.13609735958405397
P8,1.0,0.13579953056569324
P8,1.0,0.13550300221086892
P8,1.0,0.13520782097924838
P8,1.0,0.13491386828154345
P8,1.0,0.13462124545030313
P8,1.0,0.1343298349964804
P8,1.0,0.13403973744785386
P8,1.0,0.13375083640013383
P8,1.0,0.13346317803329416
P8,1.0,0.13317680766922368
P8,1.0,0.13289161050242376
P8,1.0,0.13260768508854254
P8,1.0,0.1323249176693934
P8,1.0,0.13204335360852654
P8,1.0,0.13176303743713766
P8,1.0,0.13148385694097184
P8,1.0,0.13120590875884192
P8,1.0,0.13092908168808287
P8,1.0,0.13065347161583202
P8,1.0,0.13037896833718582
P8,1.0,0.13010561610437302
P8,1.0,0.129833458371619
P8,1.0,0.12956238640533305
P8,1.0,0.1292924942499828
P8,1.0,0.12902367413626506
P8,1.0,0.12875596954462878
P8,1.0,0.12848942318092618
P8,1.0,0.12822392869809254
P8,1.0,0.1279595783486875
P8,1.0,0.1276962667179574
P8,1.0,0.127434085355528
P8,1.0,0.12717292976656658
P8,1.0,0.12691284238094838
P8,1.0,0.1266538648852314
P8,1.0,0.12639589414175714
P8,1.0,0.12613901997636634
P8,1.0,0.12588314014130242
P8,1.0,0.12562829633680764
P8,1.0,0.12537452954114123
P8,1.0,0.1251217388196836
P8,1.0,0.12487001232114259
P8,1.0,0.1246192499720877
P8,1.0,0.12436949275996341
P4-C,3.0064518456607882e-06,1.0
P4-C,0.016114581892741824,1.0
P4-C,0.03222916378548365,1.0
P4-C,0.04834073922637981,1.0
P4-C,0.06445532111912164,1.0
P4-C,0.0805668965600178,1.0
P4-C,0.09668147845275962,1.0
P4-C,0.11279606034550145,1.0
P4-C,0.1289076357863976,1.0
P4-C,0.14502221767913942,1.0
P4-C,0.1611337931200356,1.0
P4-C,0.17724837501277743,1.0
P4-C,0.19336295690551925,1.0
P4-C,0.20947453234641542,1.0
P4-C,0.22558911423915723,1.0
P4-C,0.24169768322820773,0.9999875612607906
P4-C,0.25781226512094957,0.9999883387363855
P4-C,0.2739238405618457,0.9999890246177823
P4-C,0.29003842245458755,0.9999896344054813
P4-C,0.3061530043473294,0.9999901800005891
P4-C,0.32226457978822554,0.9999906709455929
P4-C,0.3383791616809674,0.9999911152178549
P4-C,0.3544847242181722,0.9999745570811883
P4-C,0.370599306110914,0.9999756633758142
P4-C,0.38671088155181016,0.9999689032970279
P4-C,0.40282245699270636,0.9999701470258975
P4-C,0.4189370388854482,0.9999712952996053
P4-C,0.43504861432634434,0.9999723583191094
P4-C,0.4511601897672405,0.9999666819929499
P4-C,0.4672717652081367,0.9999678307640837
P4-C,0.48338634710087847,0.9999689031519765
P4-C,0.4995009289936203,0.9999699063485568
P4-C,0.5156125044345164,0.9999708466709814
P4-C,0.5317240798754126,0.9999660762041535
P4-C,0.5478326488644631,0.9999615861622381
P4-C,0.5639442243053593,0.9999573528941392
P4-C,0.5800527932944098,0.9999481720274066
P4-C,0.5961613622834603,0.9999445298908247
P4-C,0.6122729377243564,0.9999410797142366
P4-C,0.6283785002615613,0.9999330220453154
P4-C,0.6444900757024574,0.9999300320919472
P4-C,0.660589625335971,0.9999135353572127
P4-C,0.6766861685176389,0.9998889397298125
P4-C,0.692797743958535,0.999887183626005
P4-C,0.7089003000438941,0.9998770258924103
P4-C,0.7250088690329447,0.9998714663615029
P4-C,0.7411084186664583,0.999858035783095
P4-C,0.757204961848126,0.9998372376449478
P4-C,0.7733015050297939,0.9998173061598921
P4-C,0.7893770030485422,0.9997753407965883
P4-C,0.8054555075191361,0.9997350548548399
P4-C,0.8215219861823473,0.9996853723764263
P4-C,0.8375884648455586,0.9996340137567771
P4-C,0.8536128531829306,0.9995353078057727
P4-C,0.8696372415203025,0.9994437111720764
P4-C,0.8856015008207614,0.9992842070982231
P4-C,0.9014394891437024,0.9989937928346055
P4-C,0.9170700322892928,0.9984844368357136
P4-C,0.9325081625167609,0.9977899734925496
P4-C,0.9472518023678814,0.9963853821438511
P4-C,0.9606876356661396,0.9936749011120233
P4-C,0.9715469397326663,0.9884350100172817
P4-C,0.9794899855089021,0.9804420770700732
P4-C,0.9847633020461911,0.9700758764889502
P4-C,0.9883439861943731,0.9583894534916942
P4-C,0.9905837928193905,0.9457824062645318
P4-C,0.9921321155199058,0.9329098500846684
P4-C,0.993184373665887,0.9199594534006511
P4-C,0.9939510188865305,0.9071318033650522
P4-C,0.9946034189370389,0.8945707548700421
P4-C,0.9952437931801646,0.8823603103651402
P4-C,0.9956977674088594,0.8703285671863791
P4-C,0.9961066448598693,0.8585921931322575
P4-C,0.9965636255404097,0.8472204472843451
P4-C,0.9968732900805127,0.8360303572779305
P4-C,0.9971979868798442,0.8251531834544454
P4-C,0.9974986320644103,0.8145405802189385
P4-C,0.9977872514415936,0.8041939571929467
P4-C,0.9979766579078703,0.7940356131353338
P4-C,0.9981630579223013,0.7841302006575218
P4-C,0.9983374321293496,0.7744649191752164
P4-C,0.9985268385956262,0.7650480159031804
P4-C,0.9986741547360636,0.7558306749247985
P4-C,0.9988154579728097,0.7468292397818571
P4-C,0.9989327095947904,0.73802437106569
P4-C,0.9990138837946233,0.7294019514229583
P4-C,0.9991191096092213,0.7209958236155557
P4-C,0.9991882580016715,0.7127587478875536
P4-C,0.9992634192978131,0.70471160451527
P4-C,0.9993325676902634,0.6968411166363385
P4-C,0.9994077289864048,0.6891511164828148
P4-C,0.9994828902825463,0.681628711379205
P4-C,0.9995430193194595,0.674261076251009
P4-C,0.9995851096452988,0.6670384919408878
P4-C,0.9996302064229837,0.659971576135069
P4-C,0.999654258037749,0.6530409831075044
P4-C,0.9996692902969773,0.6462476750220107
P4-C,0.9997143870746622,0.6396149111333385
P4-C,0.9997444515931189,0.6331067702383673
P4-C,0.9997715096597298,0.6267294133611259
P4-C,0.9997985677263407,0.6204784321188748
P4-C,0.9998346451484886,0.6143567840774109
P4-C,0.9998617032150996,0.6083508024833632
P4-C,0.9998677161187909,0.6024476575887892
P4-C,0.9998707225706366,0.5966573196482937
P4-C,0.9998737290224823,0.5909762117574726
P4-C,0.9998827483780193,0.5854058230962988
P4-C,0.9998887612817106,0.5799388291750658
P4-C,0.9998947741854018,0.5745720722277121
P4-C,0.9999007870890932,0.56930476981145
P4-C,0.9999067999927845,0.5641322692539288
P4-C,0.9999188258001671,0.5590572755053672
P4-C,0.9999278451557041,0.554070307892729
P4-C,0.9999368645112411,0.5491716118976148
P4-C,0.9999428774149325,0.5443581186691173
P4-C,0.9999549032223151,0.5396306986418498
P4-C,0.9999579096741608,0.5349808271353939
P4-C,0.9999579096741608,0.5304079914268218
P4-C,0.9999579096741608,0.5259126672907127
P4-C,0.9999609161260065,0.5214952860733375
P4-C,0.999963922577852,0.5171507157728122
P4-C,0.999963922577852,0.5128772108371498
P4-C,0.9999699354815433,0.508676036521021
P4-C,0.999972941933389,0.5045424275934463
P4-C,0.9999759483852347,0.5004747294944695
P4-C,0.9999789548370803,0.4964721195195455
P4-C,0.9999789548370803,0.4925322963743951
P4-C,0.9999789548370803,0.48865379303860323
P4-C,0.999981961288926,0.48483806030957965
P4-C,0.999981961288926,0.4810793376213322
P4-C,0.9999849677407717,0.4773798810759142
P4-C,0.9999849677407717,0.47373615949728387
P4-C,0.9999849677407717,0.47014697526100196
P4-C,0.9999849677407717,0.4666124224038158
P4-C,0.9999849677407717,0.46312997347480106
P4-C,0.9999849677407717,0.4596997556472032
P4-C,0.9999849677407717,0.456319350696388
P4-C,0.9999849677407717,0.45298829848664784
P4-C,0.9999849677407717,0.44970613407100646
P4-C,0.9999849677407717,0.4464705906040809
P4-C,0.9999849677407717,0.44328186347025755
P4-C,0.9999849677407717,0.44013777917750646
P4-C,0.9999849677407717,0.437037981136885
P4-C,0.999990980644463,0.43398471597203103
P4-C,0.999990980644463,0.4309707028289113
P4-C,0.999990980644463,0.42799881617211827
P4-C,0.9999939870963087,0.42506837060702873
P4-C,0.9999939870963087,0.42217652882491813
P4-C,0.9999939870963087,0.4193242975773399
P4-C,0.9999939870963087,0.41650982557768235
P4-C,0.9999939870963087,0.4137333973515371
P4-C,0.9999939870963087,0.41099323117071834
P4-C,0.9999939870963087,0.40828962373121447
P4-C,0.9999939870963087,0.40562085907975076
P4-C,0.9999939870963087,0.4029867563549748
P4-C,0.9999939870963087,0.400387126596175
P4-C,0.9999939870963087,0.39782034598897736
P4-C,0.9999939870963087,0.3952867354760504
P4-C,0.9999939870963087,0.3927847286597427
P4-C,0.9999939870963087,0.3903141960278112
P4-C,0.9999939870963087,0.3878749997084664
P4-C,0.9999939870963087,0.38546565395054316
P4-C,0.9999939870963087,0.38308649667781164
P4-C,0.9999939870963087,0.38073609252609564
P4-C,0.9999939870963087,0.3784147845437625
P4-C,0.9999939870963087,0.376121185256216
P4-C,0.9999939870963087,0.3738552218070973
P4-C,0.9999939870963087,0.3716168128966953
P4-C,0.9999939870963087,0.3694046385483962
P4-C,0.9999939870963087,0.3672190511940117
P4-C,0.9999939870963087,0.3650587731717757
P4-C,0.9999939870963087,0.3629237634889633
P4-C,0.9999939870963087,0.3608139727873003
P4-C,0.9999939870963087,0.35872818318200106
P4-C,0.9999939870963087,0.35666675245129575
P4-C,0.9999939870963087,0.3546285002686773
P4-C,0.9999939870963087,0.35261378562409956
P4-C,0.9999939870963087,0.3506214640430002
P4-C,0.9999939870963087,0.3486515298105779
P4-C,0.9999939870963087,0.3467039690795796
P4-C,0.9999939870963087,0.3447776881726003
P4-C,0.9999939870963087,0.3428730472072035
P4-C,0.9999939870963087,0.34098898451475995
P4-C,0.9999939870963087,0.33912551424595105
P4-C,0.9999939870963087,0.33728264264361707
P4-C,0.9999969935481543,0.335460362028554
P4-C,0.9999969935481543,0.3336570088967311
P4-C,0.9999969935481543,0.33187260973636135
P4-C,0.9999969935481543,0.33010719499644203
P4-C,0.9999969935481543,0.32836078747277786
P4-C,0.9999969935481543,0.3266324404265056
P4-C,0.9999969935481543,0.3249225100397487
P4-C,0.9999969935481543,0.32323007538086435
P4-C,0.9999969935481543,0.32155549110595516
P4-C,0.9999969935481543,0.3198978610448565
P4-C,0.9999969935481543,0.31825723361910596
P4-C,1.0,0.31663460192921516
P4-C,1.0,0.31502719638126647
P4-C,1.0,0.3134363238528531
P4-C,1.0,0.3118611458542339
P4-C,1.0,0.31030172084058666
P4-C,1.0,0.308758100284328
P4-C,1.0,0.30722947765502195
P4-C,1.0,0.3057161974860202
P4-C,1.0,0.3042174735401827
P4-C,1.0,0.30273364794327917
P4-C,1.0,0.30126395398863304
P4-C,1.0,0.29980846106351433
P4-C,1.0,0.2983672319729026
P4-C,1.0,0.29693952795776296
P4-C,1.0,0.2955256847322066
P4-C,1.0,0.29412498131974146
P4-C,1.0,0.29273749310220704
P4-C,1.0,0.2913632891611013
P4-C,1.0,0.2900016740020507
P4-C,1.0,0.28865297649679644
P4-C,1.0,0.2873165173870642
P4-C,1.0,0.2859926227182446
P4-C,1.0,0.2846806288995969
P4-C,1.0,0.28338061767838124
P4-C,1.0,0.28209266488509543
P4-C,1.0,0.2808161294217071
P4-C,1.0,0.2795513301082173
P4-C,1.0,0.27829764020388426
P4-C,1.0,0.27705514481720017
P4-C,1.0,0.27582392340371187
P4-C,1.0,0.2746033698598245
P4-C,1.0,0.27339379562823746
P4-C,1.0,0.2721946077941973
P4-C,1.0,0.27100589401847563
P4-C,1.0,0.2698277365630869
P4-C,1.0,0.26865956149313647
P4-C,1.0,0.26750167280026765
P4-C,1.0,0.2663535086932568
P4-C,1.0,0.2652153701770851
P4-C,1.0,0.2640867072170531
P4-C,1.0,0.26296760993087787
P4-C,1.0,0.26185816337616574
P4-C,1.0,0.26075783446301376
P4-C,1.0,0.259666916743238
P4-C,1.0,0.25858488798500506
P4-C,1.0,0.25751183940677935
P4-C,1.0,0.2564478573961851
P4-C,1.0,0.2553924353875213
P4-C,1.0,0.25434585953313316
P4-C,1.0,0.25330763331629985
P4-C,1.0,0.2522780399527327
P4-C,1.0,0.2512565926736153
P4-C,1.0,0.2502433835046924
P4-C,1.0,0.2492384999441754
P4-C,1.0,0.2482414693069691
P4-C,1.0,0.24725256754104796
P4-C,1.0,0.24627133100748103
P4-C,1.0,0.2452978518793843
P4-C,1.0,0.2443322180065891
P4-C,1.0,0.24337397883214618
P4-C,1.0,0.242423403160517
P4-C,1.0,0.24148004884515475
P4-C,1.0,0.24054418187222343
P4-C,1.0,0.23961536826802618
P4-C,1.0,0.23869369993247186
P4-C,1.0,0.23777926471134903
P4-C,1.0,0.23687164046454523
P4-C,1.0,0.23597108623829519
P4-C,1.0,0.23507718750949694
P4-C,1.0,0.2341900357039508
P4-C,1.0,0.233309718374075
P4-C,1.0,0.23243583203471674
P4-C,1.0,0.2315686289525881
P4-C,1.0,0.23070771275322893
P4-C,1.0,0.22985333303848832
P4-C,1.0,0.2290051003547115
P4-C,1.0,0.22816310515513702
P4-C,1.0,0.22732743425733357
P4-C,1.0,0.22649770824778842
P4-C,1.0,0.2256741701868394
P4-C,1.0,0.22485644713590572
P4-C,1.0,0.22404462867589112
P4-C,1.0,0.2232388009114308
P4-C,1.0,0.22243860030428167
P4-C,1.0,0.22164426354915492
P4-C,1.0,0.22085543317459516
P4-C,1.0,0.2200721977710791
P4-C,1.0,0.2192946426040192
P4-C,1.0,0.21852241901607164
P4-C,1.0,0.21775575751465484
P4-C,1.0,0.21699431513489323
P4-C,1.0,0.21623831995948514
P4-C,1.0,0.215487434574986
P4-C,1.0,0.21474174602836427
P4-C,1.0,0.2140013382402141
P4-C,1.0,0.21326588187017517
P4-C,1.0,0.21253559906428054
P4-C,1.0,0.21181016570096392
P4-C,1.0,0.21108966763744044
P4-C,1.0,0.21037418773773336
P4-C,1.0,0.20966340947455872
P4-C,1.0,0.2089575492352354
P4-C,1.0,0.20825629540489757
P4-C,1.0,0.2075598621168213
P4-C,1.0,0.20686794255278393
P4-C,1.0,0.2061806208143136
P4-C,1.0,0.20549797818478371
P4-C,1.0,0.20481971483199965
P4-C,1.0,0.20414603937608097
P4-C,1.0,0.20347665650765842
P4-C,1.0,0.20281164902678847
P4-C,1.0,0.20215109703274536
P4-C,1.0,0.20149471180727827
P4-C,1.0,0.20084269662921347
P4-C,1.0,0.20019476704994127
P4-C,1.0,0.19955112425914806
P4-C,1.0,0.1989114879819351
P4-C,1.0,0.1982759391517754
P4-C,1.0,0.19764455615570647
P4-C,1.0,0.19701706480598483
P4-C,1.0,0.19639366118553708
P4-C,1.0,0.19577407505286967
P4-C,1.0,0.19515838598784638
P4-C,1.0,0.19454667112746737
P4-C,1.0,0.1939386659887538
P4-C,1.0,0.19333456171055208
P4-C,1.0,0.19273409754506204
P4-C,1.0,0.19213735170958907
P4-C,1.0,0.1915444000769361
P4-C,1.0,0.19095498735264366
P4-C,1.0,0.1903692998898253
P4-C,1.0,0.1897870859330646
P4-C,1.0,0.1892085299645495
P4-C,1.0,0.18863338369333932
P4-C,1.0,0.18806172342513897
P4-C,1.0,0.18749362325065683
P4-C,1.0,0.18692883994058615
P4-C,1.0,0.18636755340547823
P4-C,1.0,0.1858095237031186
P4-C,1.0,0.1852548257774322
P4-C,1.0,0.18470353244436843
P4-C,1.0,0.18415540856647258
P4-C,1.0,0.18361062963003852
P4-C,1.0,0.18306896361935165
P4-C,1.0,0.18253058429125607
P4-C,1.0,0.18199526268877703
P4-C,1.0,0.1814630718627982
P4-C,1.0,0.18093408285092297
P4-C,1.0,0.18040807117000723
P4-C,1.0,0.17988520635112926
P4-C,1.0,0.1793652668197067
P4-C,1.0,0.1788483242883421
P4-C,1.0,0.17833444853351177
P4-C,1.0,0.17782342223666878
P4-C,1.0,0.17731541083932392
P4-C,1.0,0.17681019979109247
P4-C,1.0,0.1763079529347908
P4-C,1.0,0.17580845843459655
P4-C,1.0,0.1753117861543862
P4-C,1.0,0.17481800412371568
P4-C,1.0,0.1743269044812588
P4-C,1.0,0.17383864716322805
P4-C,1.0,0.17335302689484514
P4-C,1.0,0.17287011223995527
P4-C,1.0,0.1723899699966467
P4-C,1.0,0.171912398678734
P4-C,1.0,0.17143755444110567
P4-C,1.0,0.1709652382641234
P4-C,1.0,0.1704955174305061
P4-C,1.0,0.1700284575225342
P4-C,1.0,0.16956386313480412
P4-C,1.0,0.1691018867617572
P4-C,1.0,0.1686423353519293
P4-C,1.0,0.16818535996848843
P4-C,1.0,0.16773076987080993
P4-C,1.0,0.16727863058216955
P4-C,1.0,0.16682900601173858
P4-C,1.0,0.16638170880674855
P4-C,1.0,0.1659368865319521
P4-C,1.0,0.16549435404222715
P4-C,1.0,0.16505417562977465
P4-C,1.0,0.16461641403093394
P4-C,1.0,0.16418088733832067
P4-C,1.0,0.1637477397290284
P4-C,1.0,0.16331679140625038
P4-C,1.0,0.16288818522214962
P4-C,1.0,0.16246174345328282
P4-C,1.0,0.16203752870578675
P4-C,1.0,0.16161560210701134
P4-C,1.0,0.16119578897579334
P4-C,1.0,0.16077822892498067
P4-C,1.0,0.16036274925753075
P4-C,1.0,0.1599494114026314
P4-C,1.0,0.15953827536274287
P4-C,1.0,0.15912917135313234
P4-C,1.0,0.15872223584866946
P4-C,1.0,0.15831730096460758
P4-C,1.0,0.1579145019481873
P4-C,1.0,0.15751367278234313
P4-C,1.0,0.15711487328752402
P4-C,1.0,0.15671816192642654
P4-C,1.0,0.15632337542462577
P4-C,1.0,0.15593064602705434
P4-C,1.0,0.15553981224938332
P4-C,1.0,0.15515093279100303
P4-C,1.0,0.15476406504019646
P4-C,1.0,0.154379050142164
P4-C,1.0,0.1539960174321836
P4-C,1.0,0.15361480977225506
P4-C,1.0,0.15323555535899222
P4-C,1.0,0.1528580987430101
P4-C,1.0,0.15248249709354567
P4-C,1.0,0.15210880633060336
P4-C,1.0,0.15173687348630588
P4-C,1.0,0.15136682397163959
P4-C,1.0,0.15099850643956073
P4-C,1.0,0.15063197699431652
P4-C,1.0,0.15026729053281465
P4-C,1.0,0.14990429809060382
P4-C,1.0,0.14954312237774184
P4-C,1.0,0.1491836159864513
P4-C,1.0,0.1488258339791351
P4-C,1.0,0.1484698302509433
P4-C,1.0,0.14811545968302514
P4-C,1.0,0.1477628423661033
P4-C,1.0,0.14741183467722277
P4-C,1.0,0.14706255568156446
P4-C,1.0,0.14671486322865504
P4-C,1.0,0.14636881096078488
P4-C,1.0,0.1460244514062544
P4-C,1.0,0.14568164458055066
P4-C,1.0,0.14534050703875784
P4-C,1.0,0.1450009002124327
P4-C,1.0,0.14466287675659548
P4-C,1.0,0.14432648824839822
P4-C,1.0,0.14399159820292973
P4-C,1.0,0.143658320739796
P4-C,1.0,0.14332652073662225
P4-C,1.0,0.1429963113591223
P4-C,1.0,0.1426675588268094
P4-C,1.0,0.14234031444979844
P4-C,1.0,0.14201462850838487
P4-C,1.0,0.14169036919717537
P4-C,1.0,0.1413676473463337
P4-C,1.0,0.14104633244254772
P4-C,1.0,0.14072647486141773
P4-C,1.0,0.14040812398134692
P4-C,1.0,0.14009115119127893
P4-C,1.0,0.13977566505410866
P4-C,1.0,0.13946153820351728
P4-C,1.0,0.13914887831407205
P4-C,1.0,0.13883755924590993
P4-C,1.0,0.13852763010209926
P4-C,1.0,0.13821913903195324
P4-C,1.0,0.13791196170185593
P4-C,1.0,0.13760620361058146
P4-C,1.0,0.1373017416068223
P4-C,1.0,0.13699862390970277
P4-C,1.0,0.13669689781411873
P4-C,1.0,0.1363964419103982
P4-C,1.0,0.13609735958405397
P4-C,1.0,0.13579953056569324
P4-C,1.0,0.13550300221086892
P4-C,1.0,0.13520782097924838
P4-C,1.0,0.13491386828154345
P4-C,1.0,0.13462124545030313
P4-C,1.0,0.1343298349964804
P4-C,1.0,0.13403973744785386
P4-C,1.0,0.13375083640013383
P4-C,1.0,0.13346317803329416
P4-C,1.0,0.13317680766922368
P4-C,1.0,0.13289161050242376
P4-C,1.0,0.13260768508854254
P4-C,1.0,0.1323249176693934
P4-C,1.0,0.13204335360852654
P4-C,1.0,0.13176303743713766
P4-C,1.0,0.13148385694097184
P4-C,1.0,0.13120590875884192
P4-C,1.0,0.13092908168808287
P4-C,1.0,0.13065347161583202
P4-C,1.0,0.13037896833718582
P4-C,1.0,0.13010561610437302
P4-C,1.0,0.129833458371619
P4-C,1.0,0.12956238640533305
P4-C,1.0,0.1292924942499828
P4-C,1.0,0.12902367413626506
P4-C,1.0,0.12875596954462878
P4-C,1.0,0.12848942318092618
P4-C,1.0,0.12822392869809254
P4-C,1.0,0.1279595783486875
P4-C,1.0,0.1276962667179574
P4-C,1.0,0.127434085355528
P4-C,1.0,0.12717292976656658
P4-C,1.0,0.12691284238094838
P4-C,1.0,0.1266538648852314
P4-C,1.0,0.12639589414175714
P4-C,1.0,0.12613901997636634
P4-C,1.0,0.12588314014130242
P4-C,1.0,0.12562829633680764
P4-C,1.0,0.12537452954114123
P4-C,1.0,0.1251217388196836
P4-C,1.0,0.12487001232114259
P4-C,1.0,0.1246192499720877
P4-C,1.0,0.12436949275996341
P2-hpo-xgb,3.0064518456607882e-06,1.0
P2-hpo-xgb,0.016114581892741824,1.0
P2-hpo-xgb,0.03222916378548365,1.0
P2-hpo-xgb,0.04834073922637981,1.0
P2-hpo-xgb,0.06445532111912164,1.0
P2-hpo-xgb,0.0805668965600178,1.0
P2-hpo-xgb,0.09668147845275962,1.0
P2-hpo-xgb,0.11279606034550145,1.0
P2-hpo-xgb,0.1289076357863976,1.0
P2-hpo-xgb,0.14502221767913942,1.0
P2-hpo-xgb,0.1611337931200356,1.0
P2-hpo-xgb,0.17724837501277743,1.0
P2-hpo-xgb,0.19336295690551925,1.0
P2-hpo-xgb,0.20947453234641542,1.0
P2-hpo-xgb,0.22558911423915723,1.0
P2-hpo-xgb,0.2417006896800534,1.0
P2-hpo-xgb,0.25781226512094957,0.9999883387363855
P2-hpo-xgb,0.2739238405618457,0.9999890246177823
P2-hpo-xgb,0.29003842245458755,0.9999896344054813
P2-hpo-xgb,0.3061530043473294,0.9999901800005891
P2-hpo-xgb,0.3222615733363799,0.9999813418911859
P2-hpo-xgb,0.3383761552291217,0.9999822304357097
P2-hpo-xgb,0.3544877306700179,0.9999830380541256
P2-hpo-xgb,0.37060231256275966,0.9999837755838762
P2-hpo-xgb,0.3867168944555015,0.999984451648514
P2-hpo-xgb,0.40282846989639765,0.9999850735129487
P2-hpo-xgb,0.4189430517891395,0.9999856476498027
P2-hpo-xgb,0.4350546272300357,0.9999861791595547
P2-hpo-xgb,0.45116920912277747,0.99998667279718
P2-hpo-xgb,0.46728078456367367,0.9999871323056335
P2-hpo-xgb,0.48339536645641545,0.9999875612607906
P2-hpo-xgb,0.4995099483491573,0.9999879625394227
P2-hpo-xgb,0.5156185173382078,0.9999825080025888
P2-hpo-xgb,0.531730092779104,0.9999773841361023
P2-hpo-xgb,0.5478386617681544,0.9999725615444558
P2-hpo-xgb,0.5639442243053593,0.9999573528941392
P2-hpo-xgb,0.5800557997462554,0.999953354824666
P2-hpo-xgb,0.596164368735306,0.9999495726280225
P2-hpo-xgb,0.6122759441762021,0.9999459897380503
P2-hpo-xgb,0.628381506713407,0.9999378061849357
P2-hpo-xgb,0.6444840627987661,0.9999207030375401
P2-hpo-xgb,0.6605866188841253,0.9999089845865398
P2-hpo-xgb,0.6766981943250215,0.9999067093730426
P2-hpo-xgb,0.692806763314072,0.9999002008999275
P2-hpo-xgb,0.7089093193994311,0.9998897473518162
P2-hpo-xgb,0.725014881936636,0.9998797588543092
P2-hpo-xgb,0.7410993993109213,0.9998458674216459
P2-hpo-xgb,0.7571989489444347,0.9998292980178721
P2-hpo-xgb,0.7732954921261026,0.9998095319539301
P2-hpo-xgb,0.7893800095003878,0.9997791485796969
P2-hpo-xgb,0.8054795591339013,0.9997649078289425
P2-hpo-xgb,0.8215370184415757,0.9997036646801225
P2-hpo-xgb,0.8375914712974042,0.9996376018572007
P2-hpo-xgb,0.8536308918940045,0.9995564301782376
P2-hpo-xgb,0.869598157646309,0.9993987934406291
P2-hpo-xgb,0.8855624169467677,0.9992401061137534
P2-hpo-xgb,0.9014124310770915,0.998963806528352
P2-hpo-xgb,0.9171241484225147,0.9985433572179104
P2-hpo-xgb,0.9324660721909217,0.9977449365622668
P2-hpo-xgb,0.9471796475235856,0.9963094846560578
P2-hpo-xgb,0.9606094679181524,0.9935940493071622
P2-hpo-xgb,0.9715709913474316,0.9884594797130928
P2-hpo-xgb,0.9795651468050436,0.9805173114250891
P2-hpo-xgb,0.9850819859418312,0.9703898073175499
P2-hpo-xgb,0.988566463630952,0.9586051881264321
P2-hpo-xgb,0.9907641799301301,0.9459546349612773
P2-hpo-xgb,0.9921621800383623,0.9329381199944591
P2-hpo-xgb,0.9932054188288066,0.9199789469580304
P2-hpo-xgb,0.9939750705012957,0.9071537541294875
P2-hpo-xgb,0.9946966189442543,0.8946545812466875
P2-hpo-xgb,0.9953279738318431,0.8824349429993257
P2-hpo-xgb,0.9958150190308401,0.8704310555513217
P2-hpo-xgb,0.9963351352001395,0.85878913993848
P2-hpo-xgb,0.9966718578068535,0.8473124600638977
P2-hpo-xgb,0.9969875352506479,0.8361261692846877
P2-hpo-xgb,0.9972911868870596,0.8252303038293998
P2-hpo-xgb,0.997561767553169,0.8145921355955505
P2-hpo-xgb,0.9978323482192786,0.8042303041757837
P2-hpo-xgb,0.9980458063003205,0.7940906307409675
P2-hpo-xgb,0.9982742966405908,0.7842175868193326
P2-hpo-xgb,0.998457690203176,0.7745582099368655
P2-hpo-xgb,0.9985869676325394,0.7650940853713314
P2-hpo-xgb,0.9987312773211311,0.7558739072461922
P2-hpo-xgb,0.9988695741060315,0.746869703223138
P2-hpo-xgb,0.9990138837946233,0.7380843436115911
P2-hpo-xgb,0.999122116061067,0.7294809741749256
P2-hpo-xgb,0.9991822450979803,0.7210413841731301
P2-hpo-xgb,0.9992423741348935,0.7127973509706531
P2-hpo-xgb,0.9993115225273437,0.7047455284070189
P2-hpo-xgb,0.9993626322087199,0.6968620808211252
P2-hpo-xgb,0.9994227612456331,0.6891614821203119
P2-hpo-xgb,0.9994618451196268,0.6816143589701531
P2-hpo-xgb,0.9995279870602313,0.6742509359498015
P2-hpo-xgb,0.9995700773860705,0.6670284606834898
P2-hpo-xgb,0.9996061548082185,0.6599556968809175
P2-hpo-xgb,0.9996482451340577,0.6530370550768814
P2-hpo-xgb,0.9996753032006687,0.6462515621325465
P2-hpo-xgb,0.9996993548154339,0.639605293529276
P2-hpo-xgb,0.9997264128820449,0.6330953468890412
P2-hpo-xgb,0.9997444515931189,0.6267124513992676
P2-hpo-xgb,0.9997775225634211,0.6204653714183361
P2-hpo-xgb,0.9998075870818777,0.6143401580214255
P2-hpo-xgb,0.9998226193411061,0.6083270224885582
P2-hpo-xgb,0.99984065805218,0.6024313543632865
P2-hpo-xgb,0.9998617032150996,0.5966519374880023
P2-hpo-xgb,0.9998797419261736,0.5909797656892762
P2-hpo-xgb,0.9998827483780193,0.5854058230962988
P2-hpo-xgb,0.9998947741854018,0.5799423166793379
P2-hpo-xgb,0.9999067999927845,0.5745789826479348
P2-hpo-xgb,0.9999128128964758,0.5693116168402674
P2-hpo-xgb,0.9999128128964758,0.5641356616431037
P2-hpo-xgb,0.9999278451557041,0.5590623182510414
P2-hpo-xgb,0.9999338580593955,0.5540736397045349
P2-hpo-xgb,0.9999338580593955,0.5491699607353616
P2-hpo-xgb,0.9999458838667781,0.5443597553490793
P2-hpo-xgb,0.9999518967704695,0.5396290761949727
P2-hpo-xgb,0.9999518967704695,0.5349776102118022
P2-hpo-xgb,0.9999609161260065,0.5304095861400285
P2-hpo-xgb,0.999963922577852,0.5259158296860373
P2-hpo-xgb,0.999963922577852,0.5214968539850829
P2-hpo-xgb,0.9999699354815433,0.5171538254624497
P2-hpo-xgb,0.9999759483852347,0.5128833788222232
P2-hpo-xgb,0.9999759483852347,0.5086790952329974
P2-hpo-xgb,0.999981961288926,0.5045469783641193
P2-hpo-xgb,0.999981961288926,0.5004777388731984
P2-hpo-xgb,0.999981961288926,0.49647361217047864
P2-hpo-xgb,0.999981961288926,0.49253377718019037
P2-hpo-xgb,0.9999849677407717,0.48865673132863596
P2-hpo-xgb,0.9999849677407717,0.4848395179781554
P2-hpo-xgb,0.9999849677407717,0.48108078398928533
P2-hpo-xgb,0.9999849677407717,0.4773798810759142
P2-hpo-xgb,0.9999849677407717,0.47373615949728387
P2-hpo-xgb,0.9999879741926173,0.47014838875649145
P2-hpo-xgb,0.9999879741926173,0.46661382527268264
P2-hpo-xgb,0.9999879741926173,0.4631313658736955
P2-hpo-xgb,0.9999879741926173,0.4597011377331579
P2-hpo-xgb,0.9999879741926173,0.45632072261916523
P2-hpo-xgb,0.9999879741926173,0.45298966039462646
P2-hpo-xgb,0.9999879741926173,0.44970748611116745
P2-hpo-xgb,0.9999879741926173,0.44647193291659004
P2-hpo-xgb,0.999990980644463,0.44328452892147846
P2-hpo-xgb,0.999990980644463,0.44014042572336715
P2-hpo-xgb,0.999990980644463,0.4370406090436784
P2-hpo-xgb,0.999990980644463,0.43398471597203103
P2-hpo-xgb,0.999990980644463,0.4309707028289113
P2-hpo-xgb,0.999990980644463,0.42799881617211827
P2-hpo-xgb,0.999990980644463,0.4250670926517572
P2-hpo-xgb,0.999990980644463,0.4221752595638819
P2-hpo-xgb,0.999990980644463,0.4193230368914512
P2-hpo-xgb,0.999990980644463,0.416508573353419
P2-hpo-xgb,0.999990980644463,0.4137321534745217
P2-hpo-xgb,0.999990980644463,0.41099199553193017
P2-hpo-xgb,0.999990980644463,0.40828839622074076
P2-hpo-xgb,0.999990980644463,0.4056196395928377
P2-hpo-xgb,0.999990980644463,0.4029855447874123
P2-hpo-xgb,0.999990980644463,0.4003859228443212
P2-hpo-xgb,0.9999939870963087,0.39782034598897736
P2-hpo-xgb,0.9999939870963087,0.3952867354760504
P2-hpo-xgb,0.9999939870963087,0.3927847286597427
P2-hpo-xgb,0.9999939870963087,0.3903141960278112
P2-hpo-xgb,0.9999939870963087,0.3878749997084664
P2-hpo-xgb,0.9999939870963087,0.38546565395054316
P2-hpo-xgb,0.9999939870963087,0.38308649667781164
P2-hpo-xgb,0.9999939870963087,0.38073609252609564
P2-hpo-xgb,0.9999939870963087,0.3784147845437625
P2-hpo-xgb,0.9999939870963087,0.376121185256216
P2-hpo-xgb,0.9999939870963087,0.3738552218070973
P2-hpo-xgb,0.9999939870963087,0.3716168128966953
P2-hpo-xgb,0.9999969935481543,0.36940574915233154
P2-hpo-xgb,0.9999969935481543,0.3672201552270444
P2-hpo-xgb,0.9999969935481543,0.36505987070999746
P2-hpo-xgb,0.9999969935481543,0.3629248546083427
P2-hpo-xgb,0.9999969935481543,0.3608150575636574
P2-hpo-xgb,0.9999969935481543,0.3587292616874944
P2-hpo-xgb,0.9999969935481543,0.35666782475915965
P2-hpo-xgb,0.9999969935481543,0.35462956644859733
P2-hpo-xgb,0.9999969935481543,0.35261484574684054
P2-hpo-xgb,0.9999969935481543,0.3506225181758863
P2-hpo-xgb,0.9999969935481543,0.348652578020916
P2-hpo-xgb,0.9999969935481543,0.34670501143463495
P2-hpo-xgb,0.9999969935481543,0.34477872473635
P2-hpo-xgb,0.9999969935481543,0.34287407804470743
P2-hpo-xgb,1.0,0.3409910348610122
P2-hpo-xgb,1.0,0.33912755338726863
P2-hpo-xgb,1.0,0.3372846707038586
P2-hpo-xgb,1.0,0.33546137057701075
P2-hpo-xgb,1.0,0.33365801202347717
P2-hpo-xgb,1.0,0.33187360749838113
P2-hpo-xgb,1.0,0.3301081874508115
P2-hpo-xgb,1.0,0.32836177467664135
P2-hpo-xgb,1.0,0.32663342243416127
P2-hpo-xgb,1.0,0.32492348690656564
P2-hpo-xgb,1.0,0.3232310471594426
P2-hpo-xgb,1.0,0.32155645784996134
P2-hpo-xgb,1.0,0.3198988228052628
P2-hpo-xgb,1.0,0.31825819044703
P2-hpo-xgb,1.0,0.31663460192921516
P2-hpo-xgb,1.0,0.31502719638126647
P2-hpo-xgb,1.0,0.3134363238528531
P2-hpo-xgb,1.0,0.3118611458542339
P2-hpo-xgb,1.0,0.31030172084058666
P2-hpo-xgb,1.0,0.308758100284328
P2-hpo-xgb,1.0,0.30722947765502195
P2-hpo-xgb,1.0,0.3057161974860202
P2-hpo-xgb,1.0,0.3042174735401827
P2-hpo-xgb,1.0,0.30273364794327917
P2-hpo-xgb,1.0,0.30126395398863304
P2-hpo-xgb,1.0,0.29980846106351433
P2-hpo-xgb,1.0,0.2983672319729026
P2-hpo-xgb,1.0,0.29693952795776296
P2-hpo-xgb,1.0,0.2955256847322066
P2-hpo-xgb,1.0,0.29412498131974146
P2-hpo-xgb,1.0,0.29273749310220704
P2-hpo-xgb,1.0,0.2913632891611013
P2-hpo-xgb,1.0,0.2900016740020507
P2-hpo-xgb,1.0,0.28865297649679644
P2-hpo-xgb,1.0,0.2873165173870642
P2-hpo-xgb,1.0,0.2859926227182446
P2-hpo-xgb,1.0,0.2846806288995969
P2-hpo-xgb,1.0,0.28338061767838124
P2-hpo-xgb,1.0,0.28209266488509543
P2-hpo-xgb,1.0,0.2808161294217071
P2-hpo-xgb,1.0,0.2795513301082173
P2-hpo-xgb,1.0,0.27829764020388426
P2-hpo-xgb,1.0,0.27705514481720017
P2-hpo-xgb,1.0,0.27582392340371187
P2-hpo-xgb,1.0,0.2746033698598245
P2-hpo-xgb,1.0,0.27339379562823746
P2-hpo-xgb,1.0,0.2721946077941973
P2-hpo-xgb,1.0,0.27100589401847563
P2-hpo-xgb,1.0,0.2698277365630869
P2-hpo-xgb,1.0,0.26865956149313647
P2-hpo-xgb,1.0,0.26750167280026765
P2-hpo-xgb,1.0,0.2663535086932568
P2-hpo-xgb,1.0,0.2652153701770851
P2-hpo-xgb,1.0,0.2640867072170531
P2-hpo-xgb,1.0,0.26296760993087787
P2-hpo-xgb,1.0,0.26185816337616574
P2-hpo-xgb,1.0,0.26075783446301376
P2-hpo-xgb,1.0,0.259666916743238
P2-hpo-xgb,1.0,0.25858488798500506
P2-hpo-xgb,1.0,0.25751183940677935
P2-hpo-xgb,1.0,0.2564478573961851
P2-hpo-xgb,1.0,0.2553924353875213
P2-hpo-xgb,1.0,0.25434585953313316
P2-hpo-xgb,1.0,0.25330763331629985
P2-hpo-xgb,1.0,0.2522780399527327
P2-hpo-xgb,1.0,0.2512565926736153
P2-hpo-xgb,1.0,0.2502433835046924
P2-hpo-xgb,1.0,0.2492384999441754
P2-hpo-xgb,1.0,0.2482414693069691
P2-hpo-xgb,1.0,0.24725256754104796
P2-hpo-xgb,1.0,0.24627133100748103
P2-hpo-xgb,1.0,0.2452978518793843
P2-hpo-xgb,1.0,0.2443322180065891
P2-hpo-xgb,1.0,0.24337397883214618
P2-hpo-xgb,1.0,0.242423403160517
P2-hpo-xgb,1.0,0.24148004884515475
P2-hpo-xgb,1.0,0.24054418187222343
P2-hpo-xgb,1.0,0.23961536826802618
P2-hpo-xgb,1.0,0.23869369993247186
P2-hpo-xgb,1.0,0.23777926471134903
P2-hpo-xgb,1.0,0.23687164046454523
P2-hpo-xgb,1.0,0.23597108623829519
P2-hpo-xgb,1.0,0.23507718750949694
P2-hpo-xgb,1.0,0.2341900357039508
P2-hpo-xgb,1.0,0.233309718374075
P2-hpo-xgb,1.0,0.23243583203471674
P2-hpo-xgb,1.0,0.2315686289525881
P2-hpo-xgb,1.0,0.23070771275322893
P2-hpo-xgb,1.0,0.22985333303848832
P2-hpo-xgb,1.0,0.2290051003547115
P2-hpo-xgb,1.0,0.22816310515513702
P2-hpo-xgb,1.0,0.22732743425733357
P2-hpo-xgb,1.0,0.22649770824778842
P2-hpo-xgb,1.0,0.2256741701868394
P2-hpo-xgb,1.0,0.22485644713590572
P2-hpo-xgb,1.0,0.22404462867589112
P2-hpo-xgb,1.0,0.2232388009114308
P2-hpo-xgb,1.0,0.22243860030428167
P2-hpo-xgb,1.0,0.22164426354915492
P2-hpo-xgb,1.0,0.22085543317459516
P2-hpo-xgb,1.0,0.2200721977710791
P2-hpo-xgb,1.0,0.2192946426040192
P2-hpo-xgb,1.0,0.21852241901607164
P2-hpo-xgb,1.0,0.21775575751465484
P2-hpo-xgb,1.0,0.21699431513489323
P2-hpo-xgb,1.0,0.21623831995948514
P2-hpo-xgb,1.0,0.215487434574986
P2-hpo-xgb,1.0,0.21474174602836427
P2-hpo-xgb,1.0,0.2140013382402141
P2-hpo-xgb,1.0,0.21326588187017517
P2-hpo-xgb,1.0,0.21253559906428054
P2-hpo-xgb,1.0,0.21181016570096392
P2-hpo-xgb,1.0,0.21108966763744044
P2-hpo-xgb,1.0,0.21037418773773336
P2-hpo-xgb,1.0,0.20966340947455872
P2-hpo-xgb,1.0,0.2089575492352354
P2-hpo-xgb,1.0,0.20825629540489757
P2-hpo-xgb,1.0,0.2075598621168213
P2-hpo-xgb,1.0,0.20686794255278393
P2-hpo-xgb,1.0,0.2061806208143136
P2-hpo-xgb,1.0,0.20549797818478371
P2-hpo-xgb,1.0,0.20481971483199965
P2-hpo-xgb,1.0,0.20414603937608097
P2-hpo-xgb,1.0,0.20347665650765842
P2-hpo-xgb,1.0,0.20281164902678847
P2-hpo-xgb,1.0,0.20215109703274536
P2-hpo-xgb,1.0,0.20149471180727827
P2-hpo-xgb,1.0,0.20084269662921347
P2-hpo-xgb,1.0,0.20019476704994127
P2-hpo-xgb,1.0,0.19955112425914806
P2-hpo-xgb,1.0,0.1989114879819351
P2-hpo-xgb,1.0,0.1982759391517754
P2-hpo-xgb,1.0,0.19764455615570647
P2-hpo-xgb,1.0,0.19701706480598483
P2-hpo-xgb,1.0,0.19639366118553708
P2-hpo-xgb,1.0,0.19577407505286967
P2-hpo-xgb,1.0,0.19515838598784638
P2-hpo-xgb,1.0,0.19454667112746737
P2-hpo-xgb,1.0,0.1939386659887538
P2-hpo-xgb,1.0,0.19333456171055208
P2-hpo-xgb,1.0,0.19273409754506204
P2-hpo-xgb,1.0,0.19213735170958907
P2-hpo-xgb,1.0,0.1915444000769361
P2-hpo-xgb,1.0,0.19095498735264366
P2-hpo-xgb,1.0,0.1903692998898253
P2-hpo-xgb,1.0,0.1897870859330646
P2-hpo-xgb,1.0,0.1892085299645495
P2-hpo-xgb,1.0,0.18863338369333932
P2-hpo-xgb,1.0,0.18806172342513897
P2-hpo-xgb,1.0,0.18749362325065683
P2-hpo-xgb,1.0,0.18692883994058615
P2-hpo-xgb,1.0,0.18636755340547823
P2-hpo-xgb,1.0,0.1858095237031186
P2-hpo-xgb,1.0,0.1852548257774322
P2-hpo-xgb,1.0,0.18470353244436843
P2-hpo-xgb,1.0,0.18415540856647258
P2-hpo-xgb,1.0,0.18361062963003852
P2-hpo-xgb,1.0,0.18306896361935165
P2-hpo-xgb,1.0,0.18253058429125607
P2-hpo-xgb,1.0,0.18199526268877703
P2-hpo-xgb,1.0,0.1814630718627982
P2-hpo-xgb,1.0,0.18093408285092297
P2-hpo-xgb,1.0,0.18040807117000723
P2-hpo-xgb,1.0,0.17988520635112926
P2-hpo-xgb,1.0,0.1793652668197067
P2-hpo-xgb,1.0,0.1788483242883421
P2-hpo-xgb,1.0,0.17833444853351177
P2-hpo-xgb,1.0,0.17782342223666878
P2-hpo-xgb,1.0,0.17731541083932392
P2-hpo-xgb,1.0,0.17681019979109247
P2-hpo-xgb,1.0,0.1763079529347908
P2-hpo-xgb,1.0,0.17580845843459655
P2-hpo-xgb,1.0,0.1753117861543862
P2-hpo-xgb,1.0,0.17481800412371568
P2-hpo-xgb,1.0,0.1743269044812588
P2-hpo-xgb,1.0,0.17383864716322805
P2-hpo-xgb,1.0,0.17335302689484514
P2-hpo-xgb,1.0,0.17287011223995527
P2-hpo-xgb,1.0,0.1723899699966467
P2-hpo-xgb,1.0,0.171912398678734
P2-hpo-xgb,1.0,0.17143755444110567
P2-hpo-xgb,1.0,0.1709652382641234
P2-hpo-xgb,1.0,0.1704955174305061
P2-hpo-xgb,1.0,0.1700284575225342
P2-hpo-xgb,1.0,0.16956386313480412
P2-hpo-xgb,1.0,0.1691018867617572
P2-hpo-xgb,1.0,0.1686423353519293
P2-hpo-xgb,1.0,0.16818535996848843
P2-hpo-xgb,1.0,0.16773076987080993
P2-hpo-xgb,1.0,0.16727863058216955
P2-hpo-xgb,1.0,0.16682900601173858
P2-hpo-xgb,1.0,0.16638170880674855
P2-hpo-xgb,1.0,0.1659368865319521
P2-hpo-xgb,1.0,0.16549435404222715
P2-hpo-xgb,1.0,0.16505417562977465
P2-hpo-xgb,1.0,0.16461641403093394
P2-hpo-xgb,1.0,0.16418088733832067
P2-hpo-xgb,1.0,0.1637477397290284
P2-hpo-xgb,1.0,0.16331679140625038
P2-hpo-xgb,1.0,0.16288818522214962
P2-hpo-xgb,1.0,0.16246174345328282
P2-hpo-xgb,1.0,0.16203752870578675
P2-hpo-xgb,1.0,0.16161560210701134
P2-hpo-xgb,1.0,0.16119578897579334
P2-hpo-xgb,1.0,0.16077822892498067
P2-hpo-xgb,1.0,0.16036274925753075
P2-hpo-xgb,1.0,0.1599494114026314
P2-hpo-xgb,1.0,0.15953827536274287
P2-hpo-xgb,1.0,0.15912917135313234
P2-hpo-xgb,1.0,0.15872223584866946
P2-hpo-xgb,1.0,0.15831730096460758
P2-hpo-xgb,1.0,0.1579145019481873
P2-hpo-xgb,1.0,0.15751367278234313
P2-hpo-xgb,1.0,0.15711487328752402
P2-hpo-xgb,1.0,0.15671816192642654
P2-hpo-xgb,1.0,0.15632337542462577
P2-hpo-xgb,1.0,0.15593064602705434
P2-hpo-xgb,1.0,0.15553981224938332
P2-hpo-xgb,1.0,0.15515093279100303
P2-hpo-xgb,1.0,0.15476406504019646
P2-hpo-xgb,1.0,0.154379050142164
P2-hpo-xgb,1.0,0.1539960174321836
P2-hpo-xgb,1.0,0.15361480977225506
P2-hpo-xgb,1.0,0.15323555535899222
P2-hpo-xgb,1.0,0.1528580987430101
P2-hpo-xgb,1.0,0.15248249709354567
P2-hpo-xgb,1.0,0.15210880633060336
P2-hpo-xgb,1.0,0.15173687348630588
P2-hpo-xgb,1.0,0.15136682397163959
P2-hpo-xgb,1.0,0.15099850643956073
P2-hpo-xgb,1.0,0.15063197699431652
P2-hpo-xgb,1.0,0.15026729053281465
P2-hpo-xgb,1.0,0.14990429809060382
P2-hpo-xgb,1.0,0.14954312237774184
P2-hpo-xgb,1.0,0.1491836159864513
P2-hpo-xgb,1.0,0.1488258339791351
P2-hpo-xgb,1.0,0.1484698302509433
P2-hpo-xgb,1.0,0.14811545968302514
P2-hpo-xgb,1.0,0.1477628423661033
P2-hpo-xgb,1.0,0.14741183467722277
P2-hpo-xgb,1.0,0.14706255568156446
P2-hpo-xgb,1.0,0.14671486322865504
P2-hpo-xgb,1.0,0.14636881096078488
P2-hpo-xgb,1.0,0.1460244514062544
P2-hpo-xgb,1.0,0.14568164458055066
P2-hpo-xgb,1.0,0.14534050703875784
P2-hpo-xgb,1.0,0.1450009002124327
P2-hpo-xgb,1.0,0.14466287675659548
P2-hpo-xgb,1.0,0.14432648824839822
P2-hpo-xgb,1.0,0.14399159820292973
P2-hpo-xgb,1.0,0.143658320739796
P2-hpo-xgb,1.0,0.14332652073662225
P2-hpo-xgb,1.0,0.1429963113591223
P2-hpo-xgb,1.0,0.1426675588268094
P2-hpo-xgb,1.0,0.14234031444979844
P2-hpo-xgb,1.0,0.14201462850838487
P2-hpo-xgb,1.0,0.14169036919717537
P2-hpo-xgb,1.0,0.1413676473463337
P2-hpo-xgb,1.0,0.14104633244254772
P2-hpo-xgb,1.0,0.14072647486141773
P2-hpo-xgb,1.0,0.14040812398134692
P2-hpo-xgb,1.0,0.14009115119127893
P2-hpo-xgb,1.0,0.13977566505410866
P2-hpo-xgb,1.0,0.13946153820351728
P2-hpo-xgb,1.0,0.13914887831407205
P2-hpo-xgb,1.0,0.13883755924590993
P2-hpo-xgb,1.0,0.13852763010209926
P2-hpo-xgb,1.0,0.13821913903195324
P2-hpo-xgb,1.0,0.13791196170185593
P2-hpo-xgb,1.0,0.13760620361058146
P2-hpo-xgb,1.0,0.1373017416068223
P2-hpo-xgb,1.0,0.13699862390970277
P2-hpo-xgb,1.0,0.13669689781411873
P2-hpo-xgb,1.0,0.1363964419103982
P2-hpo-xgb,1.0,0.13609735958405397
P2-hpo-xgb,1.0,0.13579953056569324
P2-hpo-xgb,1.0,0.13550300221086892
P2-hpo-xgb,1.0,0.13520782097924838
P2-hpo-xgb,1.0,0.13491386828154345
P2-hpo-xgb,1.0,0.13462124545030313
P2-hpo-xgb,1.0,0.1343298349964804
P2-hpo-xgb,1.0,0.13403973744785386
P2-hpo-xgb,1.0,0.13375083640013383
P2-hpo-xgb,1.0,0.13346317803329416
P2-hpo-xgb,1.0,0.13317680766922368
P2-hpo-xgb,1.0,0.13289161050242376
P2-hpo-xgb,1.0,0.13260768508854254
P2-hpo-xgb,1.0,0.1323249176693934
P2-hpo-xgb,1.0,0.13204335360852654
P2-hpo-xgb,1.0,0.13176303743713766
P2-hpo-xgb,1.0,0.13148385694097184
P2-hpo-xgb,1.0,0.13120590875884192
P2-hpo-xgb,1.0,0.13092908168808287
P2-hpo-xgb,1.0,0.13065347161583202
P2-hpo-xgb,1.0,0.13037896833718582
P2-hpo-xgb,1.0,0.13010561610437302
P2-hpo-xgb,1.0,0.129833458371619
P2-hpo-xgb,1.0,0.12956238640533305
P2-hpo-xgb,1.0,0.1292924942499828
P2-hpo-xgb,1.0,0.12902367413626506
P2-hpo-xgb,1.0,0.12875596954462878
P2-hpo-xgb,1.0,0.12848942318092618
P2-hpo-xgb,1.0,0.12822392869809254
P2-hpo-xgb,1.0,0.1279595783486875
P2-hpo-xgb,1.0,0.1276962667179574
P2-hpo-xgb,1.0,0.127434085355528
P2-hpo-xgb,1.0,0.12717292976656658
P2-hpo-xgb,1.0,0.12691284238094838
P2-hpo-xgb,1.0,0.1266538648852314
P2-hpo-xgb,1.0,0.12639589414175714
P2-hpo-xgb,1.0,0.12613901997636634
P2-hpo-xgb,1.0,0.12588314014130242
P2-hpo-xgb,1.0,0.12562829633680764
P2-hpo-xgb,1.0,0.12537452954114123
P2-hpo-xgb,1.0,0.1251217388196836
P2-hpo-xgb,1.0,0.12487001232114259
P2-hpo-xgb,1.0,0.1246192499720877
P2-hpo-xgb,1.0,0.12436949275996341
P2-hpo-lgbm,3.0064518456607882e-06,1.0
P2-hpo-lgbm,0.016114581892741824,1.0
P2-hpo-lgbm,0.03222916378548365,1.0
P2-hpo-lgbm,0.04834073922637981,1.0
P2-hpo-lgbm,0.06445532111912164,1.0
P2-hpo-lgbm,0.0805668965600178,1.0
P2-hpo-lgbm,0.09668147845275962,1.0
P2-hpo-lgbm,0.11279606034550145,1.0
P2-hpo-lgbm,0.1289076357863976,1.0
P2-hpo-lgbm,0.14502221767913942,1.0
P2-hpo-lgbm,0.1611337931200356,1.0
P2-hpo-lgbm,0.17724837501277743,1.0
P2-hpo-lgbm,0.19336295690551925,1.0
P2-hpo-lgbm,0.20947453234641542,1.0
P2-hpo-lgbm,0.22558911423915723,1.0
P2-hpo-lgbm,0.24169768322820773,0.9999875612607906
P2-hpo-lgbm,0.25781226512094957,0.9999883387363855
P2-hpo-lgbm,0.2739238405618457,0.9999890246177823
P2-hpo-lgbm,0.29003842245458755,0.9999896344054813
P2-hpo-lgbm,0.3061530043473294,0.9999901800005891
P2-hpo-lgbm,0.3222585668845342,0.9999720128367788
P2-hpo-lgbm,0.33837314877727603,0.9999733456535645
P2-hpo-lgbm,0.3544847242181722,0.9999745570811883
P2-hpo-lgbm,0.370599306110914,0.9999756633758142
P2-hpo-lgbm,0.38671088155181016,0.9999689032970279
P2-hpo-lgbm,0.40282245699270636,0.9999701470258975
P2-hpo-lgbm,0.4189370388854482,0.9999712952996053
P2-hpo-lgbm,0.43504861432634434,0.9999723583191094
P2-hpo-lgbm,0.4511631962190862,0.9999733455943599
P2-hpo-lgbm,0.4672747716599823,0.9999742646112669
P2-hpo-lgbm,0.48338935355272417,0.9999751225215812
P2-hpo-lgbm,0.49950393544546595,0.9999759250788454
P2-hpo-lgbm,0.5156155108863621,0.9999766773367851
P2-hpo-lgbm,0.531730092779104,0.9999773841361023
P2-hpo-lgbm,0.5478416682200001,0.9999780492355647
P2-hpo-lgbm,0.5639532436608963,0.999973345558837
P2-hpo-lgbm,0.5800588061981011,0.9999585376219253
P2-hpo-lgbm,0.5961703816389973,0.999959658102418
P2-hpo-lgbm,0.6122789506280478,0.9999508997618638
P2-hpo-lgbm,0.6283875196170983,0.9999473744641764
P2-hpo-lgbm,0.6444930821543031,0.9999346966191507
P2-hpo-lgbm,0.6605956382396623,0.9999226368985588
P2-hpo-lgbm,0.6766951878731758,0.999902266962235
P2-hpo-lgbm,0.6927947375066894,0.9998828445346976
P2-hpo-lgbm,0.7089003000438941,0.9998770258924103
P2-hpo-lgbm,0.725014881936636,0.9998797588543092
P2-hpo-lgbm,0.7411114251183039,0.9998620919035779
P2-hpo-lgbm,0.757204961848126,0.9998372376449478
P2-hpo-lgbm,0.7732924856742569,0.999805644850949
P2-hpo-lgbm,0.7893739965966965,0.9997715330134795
P2-hpo-lgbm,0.8054585139709818,0.9997387864766027
P2-hpo-lgbm,0.821524992634193,0.9996890308371655
P2-hpo-lgbm,0.8375824519418672,0.9996268375559295
P2-hpo-lgbm,0.8536038338273936,0.9995247466195403
P2-hpo-lgbm,0.8696131899055373,0.9994160694911858
P2-hpo-lgbm,0.8855744427541504,0.9992536756474364
P2-hpo-lgbm,0.901424456884474,0.9989771337755758
P2-hpo-lgbm,0.9171301613262061,0.9985499039270435
P2-hpo-lgbm,0.9324360076724652,0.9977127673263505
P2-hpo-lgbm,0.9472578152715728,0.9963917069345005
P2-hpo-lgbm,0.9607116872809048,0.9936997785904421
P2-hpo-lgbm,0.9714807977920618,0.9883677183538012
P2-hpo-lgbm,0.9794418822793716,0.9803939270828631
P2-hpo-lgbm,0.9847993794683391,0.970111415828037
P2-hpo-lgbm,0.9883770571646754,0.9584215221536148
P2-hpo-lgbm,0.9905657541083165,0.9457651833948573
P2-hpo-lgbm,0.9920449284163816,0.9328278673462753
P2-hpo-lgbm,0.993166334954813,0.9199427446371832
P2-hpo-lgbm,0.9939840898568327,0.9071619856661508
P2-hpo-lgbm,0.994690606040563,0.8946491730933556
P2-hpo-lgbm,0.9951776512395601,0.8823016704382801
P2-hpo-lgbm,0.9956917545051681,0.8703233113727922
P2-hpo-lgbm,0.9961727868004738,0.8586492040498482
P2-hpo-lgbm,0.9965425803774901,0.8472025559105432
P2-hpo-lgbm,0.9968492384657475,0.8360101863291395
P2-hpo-lgbm,0.9972009933316898,0.8251556712084763
P2-hpo-lgbm,0.9975076514199472,0.8145479452727402
P2-hpo-lgbm,0.9977331353083718,0.8041503408135424
P2-hpo-lgbm,0.997961625648642,0.794023652786283
P2-hpo-lgbm,0.9981480256630729,0.7841183917167366
P2-hpo-lgbm,0.9983404385811953,0.7744672514442577
P2-hpo-lgbm,0.9985238321437806,0.7650457124297728
P2-hpo-lgbm,0.9986801676397549,0.7558352256954716
P2-hpo-lgbm,0.9988154579728097,0.7468292397818571
P2-hpo-lgbm,0.9989116644318708,0.7380088226278637
P2-hpo-lgbm,0.9990379354093886,0.7294195120345066
P2-hpo-lgbm,0.9991251225129127,0.7210001627162771
P2-hpo-lgbm,0.9991972773572085,0.7127651817347368
P2-hpo-lgbm,0.999290477364424,0.7047306867043788
P2-hpo-lgbm,0.9993566193050286,0.6968578879841678
P2-hpo-lgbm,0.9994257676974788,0.6891635552478113
P2-hpo-lgbm,0.9994889031862376,0.6816328120675055
P2-hpo-lgbm,0.9995490322231508,0.674265132371492
P2-hpo-lgbm,0.9995971354526815,0.6670465169468063
P2-hpo-lgbm,0.9996392257785207,0.6599775308553757
P2-hpo-lgbm,0.9996692902969773,0.6530508031840616
P2-hpo-lgbm,0.9997023612672796,0.6462690541299577
P2-hpo-lgbm,0.9997294193338905,0.6396245287374009
P2-hpo-lgbm,0.9997534709486559,0.6331124819130303
P2-hpo-lgbm,0.9997835354671124,0.6267369520108406
P2-hpo-lgbm,0.9997985677263407,0.6204784321188748
P2-hpo-lgbm,0.9998256257929516,0.6143512420587491
P2-hpo-lgbm,0.9998286322447973,0.6083306809492974
P2-hpo-lgbm,0.999831638696643,0.6024259199547857
P2-hpo-lgbm,0.9998436645040256,0.5966411731674193
P2-hpo-lgbm,0.9998677161187909,0.590972657825669
P2-hpo-lgbm,0.9998827483780193,0.5854058230962988
P2-hpo-lgbm,0.9998977806372475,0.5799440604314741
P2-hpo-lgbm,0.9999067999927845,0.5745789826479348
P2-hpo-lgbm,0.9999098064446301,0.569309905083063
P2-hpo-lgbm,0.9999248387038585,0.5641424464214535
P2-hpo-lgbm,0.9999338580593955,0.5590656800814908
P2-hpo-lgbm,0.9999398709630868,0.5540769715163408
P2-hpo-lgbm,0.9999458838667781,0.5491765653843741
P2-hpo-lgbm,0.9999488903186238,0.5443613920290412
P2-hpo-lgbm,0.9999549032223151,0.5396306986418498
P2-hpo-lgbm,0.9999609161260065,0.5349824355971897
P2-hpo-lgbm,0.999963922577852,0.5304111808532354
P2-hpo-lgbm,0.9999669290296977,0.5259174108836997
P2-hpo-lgbm,0.9999669290296977,0.5214984218968283
P2-hpo-lgbm,0.9999699354815433,0.5171538254624497
P2-hpo-lgbm,0.9999699354815433,0.5128802948296866
P2-hpo-lgbm,0.9999699354815433,0.508676036521021
P2-hpo-lgbm,0.9999699354815433,0.5045409106698886
P2-hpo-lgbm,0.9999699354815433,0.5004717201157407
P2-hpo-lgbm,0.9999789548370803,0.4964721195195455
P2-hpo-lgbm,0.9999789548370803,0.4925322963743951
P2-hpo-lgbm,0.999981961288926,0.4886552621836196
P2-hpo-lgbm,0.999981961288926,0.48483806030957965
P2-hpo-lgbm,0.999981961288926,0.4810793376213322
P2-hpo-lgbm,0.9999849677407717,0.4773798810759142
P2-hpo-lgbm,0.9999849677407717,0.47373615949728387
P2-hpo-lgbm,0.9999849677407717,0.47014697526100196
P2-hpo-lgbm,0.9999879741926173,0.46661382527268264
P2-hpo-lgbm,0.9999879741926173,0.4631313658736955
P2-hpo-lgbm,0.9999879741926173,0.4597011377331579
P2-hpo-lgbm,0.9999879741926173,0.45632072261916523
P2-hpo-lgbm,0.9999879741926173,0.45298966039462646
P2-hpo-lgbm,0.9999879741926173,0.44970748611116745
P2-hpo-lgbm,0.9999879741926173,0.44647193291659004
P2-hpo-lgbm,0.9999879741926173,0.44328319619586803
P2-hpo-lgbm,0.9999879741926173,0.4401391024504368
P2-hpo-lgbm,0.9999879741926173,0.4370392950902817
P2-hpo-lgbm,0.9999879741926173,0.43398341120611256
P2-hpo-lgbm,0.999990980644463,0.4309707028289113
P2-hpo-lgbm,0.999990980644463,0.42799881617211827
P2-hpo-lgbm,0.9999939870963087,0.42506837060702873
P2-hpo-lgbm,0.9999939870963087,0.42217652882491813
P2-hpo-lgbm,0.9999939870963087,0.4193242975773399
P2-hpo-lgbm,0.9999939870963087,0.41650982557768235
P2-hpo-lgbm,0.9999939870963087,0.4137333973515371
P2-hpo-lgbm,0.9999939870963087,0.41099323117071834
P2-hpo-lgbm,0.9999939870963087,0.40828962373121447
P2-hpo-lgbm,0.9999939870963087,0.40562085907975076
P2-hpo-lgbm,0.9999939870963087,0.4029867563549748
P2-hpo-lgbm,0.9999939870963087,0.400387126596175
P2-hpo-lgbm,0.9999939870963087,0.39782034598897736
P2-hpo-lgbm,0.9999939870963087,0.3952867354760504
P2-hpo-lgbm,0.9999939870963087,0.3927847286597427
P2-hpo-lgbm,0.9999939870963087,0.3903141960278112
P2-hpo-lgbm,0.9999939870963087,0.3878749997084664
P2-hpo-lgbm,0.9999939870963087,0.38546565395054316
P2-hpo-lgbm,0.9999939870963087,0.38308649667781164
P2-hpo-lgbm,0.9999939870963087,0.38073609252609564
P2-hpo-lgbm,0.9999939870963087,0.3784147845437625
P2-hpo-lgbm,0.9999939870963087,0.376121185256216
P2-hpo-lgbm,0.9999939870963087,0.3738552218070973
P2-hpo-lgbm,0.9999939870963087,0.3716168128966953
P2-hpo-lgbm,0.9999969935481543,0.36940574915233154
P2-hpo-lgbm,0.9999969935481543,0.3672201552270444
P2-hpo-lgbm,0.9999969935481543,0.36505987070999746
P2-hpo-lgbm,0.9999969935481543,0.3629248546083427
P2-hpo-lgbm,0.9999969935481543,0.3608150575636574
P2-hpo-lgbm,0.9999969935481543,0.3587292616874944
P2-hpo-lgbm,0.9999969935481543,0.35666782475915965
P2-hpo-lgbm,0.9999969935481543,0.35462956644859733
P2-hpo-lgbm,0.9999969935481543,0.35261484574684054
P2-hpo-lgbm,0.9999969935481543,0.3506225181758863
P2-hpo-lgbm,0.9999969935481543,0.348652578020916
P2-hpo-lgbm,0.9999969935481543,0.34670501143463495
P2-hpo-lgbm,0.9999969935481543,0.34477872473635
P2-hpo-lgbm,0.9999969935481543,0.34287407804470743
P2-hpo-lgbm,0.9999969935481543,0.34099000968788606
P2-hpo-lgbm,0.9999969935481543,0.33912653381660984
P2-hpo-lgbm,0.9999969935481543,0.33728365667373783
P2-hpo-lgbm,0.9999969935481543,0.335460362028554
P2-hpo-lgbm,0.9999969935481543,0.3336570088967311
P2-hpo-lgbm,0.9999969935481543,0.33187260973636135
P2-hpo-lgbm,0.9999969935481543,0.33010719499644203
P2-hpo-lgbm,0.9999969935481543,0.32836078747277786
P2-hpo-lgbm,0.9999969935481543,0.3266324404265056
P2-hpo-lgbm,0.9999969935481543,0.3249225100397487
P2-hpo-lgbm,1.0,0.3232310471594426
P2-hpo-lgbm,1.0,0.32155645784996134
P2-hpo-lgbm,1.0,0.3198988228052628
P2-hpo-lgbm,1.0,0.31825819044703
P2-hpo-lgbm,1.0,0.31663460192921516
P2-hpo-lgbm,1.0,0.31502719638126647
P2-hpo-lgbm,1.0,0.3134363238528531
P2-hpo-lgbm,1.0,0.3118611458542339
P2-hpo-lgbm,1.0,0.31030172084058666
P2-hpo-lgbm,1.0,0.308758100284328
P2-hpo-lgbm,1.0,0.30722947765502195
P2-hpo-lgbm,1.0,0.3057161974860202
P2-hpo-lgbm,1.0,0.3042174735401827
P2-hpo-lgbm,1.0,0.30273364794327917
P2-hpo-lgbm,1.0,0.30126395398863304
P2-hpo-lgbm,1.0,0.29980846106351433
P2-hpo-lgbm,1.0,0.2983672319729026
P2-hpo-lgbm,1.0,0.29693952795776296
P2-hpo-lgbm,1.0,0.2955256847322066
P2-hpo-lgbm,1.0,0.29412498131974146
P2-hpo-lgbm,1.0,0.29273749310220704
P2-hpo-lgbm,1.0,0.2913632891611013
P2-hpo-lgbm,1.0,0.2900016740020507
P2-hpo-lgbm,1.0,0.28865297649679644
P2-hpo-lgbm,1.0,0.2873165173870642
P2-hpo-lgbm,1.0,0.2859926227182446
P2-hpo-lgbm,1.0,0.2846806288995969
P2-hpo-lgbm,1.0,0.28338061767838124
P2-hpo-lgbm,1.0,0.28209266488509543
P2-hpo-lgbm,1.0,0.2808161294217071
P2-hpo-lgbm,1.0,0.2795513301082173
P2-hpo-lgbm,1.0,0.27829764020388426
P2-hpo-lgbm,1.0,0.27705514481720017
P2-hpo-lgbm,1.0,0.27582392340371187
P2-hpo-lgbm,1.0,0.2746033698598245
P2-hpo-lgbm,1.0,0.27339379562823746
P2-hpo-lgbm,1.0,0.2721946077941973
P2-hpo-lgbm,1.0,0.27100589401847563
P2-hpo-lgbm,1.0,0.2698277365630869
P2-hpo-lgbm,1.0,0.26865956149313647
P2-hpo-lgbm,1.0,0.26750167280026765
P2-hpo-lgbm,1.0,0.2663535086932568
P2-hpo-lgbm,1.0,0.2652153701770851
P2-hpo-lgbm,1.0,0.2640867072170531
P2-hpo-lgbm,1.0,0.26296760993087787
P2-hpo-lgbm,1.0,0.26185816337616574
P2-hpo-lgbm,1.0,0.26075783446301376
P2-hpo-lgbm,1.0,0.259666916743238
P2-hpo-lgbm,1.0,0.25858488798500506
P2-hpo-lgbm,1.0,0.25751183940677935
P2-hpo-lgbm,1.0,0.2564478573961851
P2-hpo-lgbm,1.0,0.2553924353875213
P2-hpo-lgbm,1.0,0.25434585953313316
P2-hpo-lgbm,1.0,0.25330763331629985
P2-hpo-lgbm,1.0,0.2522780399527327
P2-hpo-lgbm,1.0,0.2512565926736153
P2-hpo-lgbm,1.0,0.2502433835046924
P2-hpo-lgbm,1.0,0.2492384999441754
P2-hpo-lgbm,1.0,0.2482414693069691
P2-hpo-lgbm,1.0,0.24725256754104796
P2-hpo-lgbm,1.0,0.24627133100748103
P2-hpo-lgbm,1.0,0.2452978518793843
P2-hpo-lgbm,1.0,0.2443322180065891
P2-hpo-lgbm,1.0,0.24337397883214618
P2-hpo-lgbm,1.0,0.242423403160517
P2-hpo-lgbm,1.0,0.24148004884515475
P2-hpo-lgbm,1.0,0.24054418187222343
P2-hpo-lgbm,1.0,0.23961536826802618
P2-hpo-lgbm,1.0,0.23869369993247186
P2-hpo-lgbm,1.0,0.23777926471134903
P2-hpo-lgbm,1.0,0.23687164046454523
P2-hpo-lgbm,1.0,0.23597108623829519
P2-hpo-lgbm,1.0,0.23507718750949694
P2-hpo-lgbm,1.0,0.2341900357039508
P2-hpo-lgbm,1.0,0.233309718374075
P2-hpo-lgbm,1.0,0.23243583203471674
P2-hpo-lgbm,1.0,0.2315686289525881
P2-hpo-lgbm,1.0,0.23070771275322893
P2-hpo-lgbm,1.0,0.22985333303848832
P2-hpo-lgbm,1.0,0.2290051003547115
P2-hpo-lgbm,1.0,0.22816310515513702
P2-hpo-lgbm,1.0,0.22732743425733357
P2-hpo-lgbm,1.0,0.22649770824778842
P2-hpo-lgbm,1.0,0.2256741701868394
P2-hpo-lgbm,1.0,0.22485644713590572
P2-hpo-lgbm,1.0,0.22404462867589112
P2-hpo-lgbm,1.0,0.2232388009114308
P2-hpo-lgbm,1.0,0.22243860030428167
P2-hpo-lgbm,1.0,0.22164426354915492
P2-hpo-lgbm,1.0,0.22085543317459516
P2-hpo-lgbm,1.0,0.2200721977710791
P2-hpo-lgbm,1.0,0.2192946426040192
P2-hpo-lgbm,1.0,0.21852241901607164
P2-hpo-lgbm,1.0,0.21775575751465484
P2-hpo-lgbm,1.0,0.21699431513489323
P2-hpo-lgbm,1.0,0.21623831995948514
P2-hpo-lgbm,1.0,0.215487434574986
P2-hpo-lgbm,1.0,0.21474174602836427
P2-hpo-lgbm,1.0,0.2140013382402141
P2-hpo-lgbm,1.0,0.21326588187017517
P2-hpo-lgbm,1.0,0.21253559906428054
P2-hpo-lgbm,1.0,0.21181016570096392
P2-hpo-lgbm,1.0,0.21108966763744044
P2-hpo-lgbm,1.0,0.21037418773773336
P2-hpo-lgbm,1.0,0.20966340947455872
P2-hpo-lgbm,1.0,0.2089575492352354
P2-hpo-lgbm,1.0,0.20825629540489757
P2-hpo-lgbm,1.0,0.2075598621168213
P2-hpo-lgbm,1.0,0.20686794255278393
P2-hpo-lgbm,1.0,0.2061806208143136
P2-hpo-lgbm,1.0,0.20549797818478371
P2-hpo-lgbm,1.0,0.20481971483199965
P2-hpo-lgbm,1.0,0.20414603937608097
P2-hpo-lgbm,1.0,0.20347665650765842
P2-hpo-lgbm,1.0,0.20281164902678847
P2-hpo-lgbm,1.0,0.20215109703274536
P2-hpo-lgbm,1.0,0.20149471180727827
P2-hpo-lgbm,1.0,0.20084269662921347
P2-hpo-lgbm,1.0,0.20019476704994127
P2-hpo-lgbm,1.0,0.19955112425914806
P2-hpo-lgbm,1.0,0.1989114879819351
P2-hpo-lgbm,1.0,0.1982759391517754
P2-hpo-lgbm,1.0,0.19764455615570647
P2-hpo-lgbm,1.0,0.19701706480598483
P2-hpo-lgbm,1.0,0.19639366118553708
P2-hpo-lgbm,1.0,0.19577407505286967
P2-hpo-lgbm,1.0,0.19515838598784638
P2-hpo-lgbm,1.0,0.19454667112746737
P2-hpo-lgbm,1.0,0.1939386659887538
P2-hpo-lgbm,1.0,0.19333456171055208
P2-hpo-lgbm,1.0,0.19273409754506204
P2-hpo-lgbm,1.0,0.19213735170958907
P2-hpo-lgbm,1.0,0.1915444000769361
P2-hpo-lgbm,1.0,0.19095498735264366
P2-hpo-lgbm,1.0,0.1903692998898253
P2-hpo-lgbm,1.0,0.1897870859330646
P2-hpo-lgbm,1.0,0.1892085299645495
P2-hpo-lgbm,1.0,0.18863338369333932
P2-hpo-lgbm,1.0,0.18806172342513897
P2-hpo-lgbm,1.0,0.18749362325065683
P2-hpo-lgbm,1.0,0.18692883994058615
P2-hpo-lgbm,1.0,0.18636755340547823
P2-hpo-lgbm,1.0,0.1858095237031186
P2-hpo-lgbm,1.0,0.1852548257774322
P2-hpo-lgbm,1.0,0.18470353244436843
P2-hpo-lgbm,1.0,0.18415540856647258
P2-hpo-lgbm,1.0,0.18361062963003852
P2-hpo-lgbm,1.0,0.18306896361935165
P2-hpo-lgbm,1.0,0.18253058429125607
P2-hpo-lgbm,1.0,0.18199526268877703
P2-hpo-lgbm,1.0,0.1814630718627982
P2-hpo-lgbm,1.0,0.18093408285092297
P2-hpo-lgbm,1.0,0.18040807117000723
P2-hpo-lgbm,1.0,0.17988520635112926
P2-hpo-lgbm,1.0,0.1793652668197067
P2-hpo-lgbm,1.0,0.1788483242883421
P2-hpo-lgbm,1.0,0.17833444853351177
P2-hpo-lgbm,1.0,0.17782342223666878
P2-hpo-lgbm,1.0,0.17731541083932392
P2-hpo-lgbm,1.0,0.17681019979109247
P2-hpo-lgbm,1.0,0.1763079529347908
P2-hpo-lgbm,1.0,0.17580845843459655
P2-hpo-lgbm,1.0,0.1753117861543862
P2-hpo-lgbm,1.0,0.17481800412371568
P2-hpo-lgbm,1.0,0.1743269044812588
P2-hpo-lgbm,1.0,0.17383864716322805
P2-hpo-lgbm,1.0,0.17335302689484514
P2-hpo-lgbm,1.0,0.17287011223995527
P2-hpo-lgbm,1.0,0.1723899699966467
P2-hpo-lgbm,1.0,0.171912398678734
P2-hpo-lgbm,1.0,0.17143755444110567
P2-hpo-lgbm,1.0,0.1709652382641234
P2-hpo-lgbm,1.0,0.1704955174305061
P2-hpo-lgbm,1.0,0.1700284575225342
P2-hpo-lgbm,1.0,0.16956386313480412
P2-hpo-lgbm,1.0,0.1691018867617572
P2-hpo-lgbm,1.0,0.1686423353519293
P2-hpo-lgbm,1.0,0.16818535996848843
P2-hpo-lgbm,1.0,0.16773076987080993
P2-hpo-lgbm,1.0,0.16727863058216955
P2-hpo-lgbm,1.0,0.16682900601173858
P2-hpo-lgbm,1.0,0.16638170880674855
P2-hpo-lgbm,1.0,0.1659368865319521
P2-hpo-lgbm,1.0,0.16549435404222715
P2-hpo-lgbm,1.0,0.16505417562977465
P2-hpo-lgbm,1.0,0.16461641403093394
P2-hpo-lgbm,1.0,0.16418088733832067
P2-hpo-lgbm,1.0,0.1637477397290284
P2-hpo-lgbm,1.0,0.16331679140625038
P2-hpo-lgbm,1.0,0.16288818522214962
P2-hpo-lgbm,1.0,0.16246174345328282
P2-hpo-lgbm,1.0,0.16203752870578675
P2-hpo-lgbm,1.0,0.16161560210701134
P2-hpo-lgbm,1.0,0.16119578897579334
P2-hpo-lgbm,1.0,0.16077822892498067
P2-hpo-lgbm,1.0,0.16036274925753075
P2-hpo-lgbm,1.0,0.1599494114026314
P2-hpo-lgbm,1.0,0.15953827536274287
P2-hpo-lgbm,1.0,0.15912917135313234
P2-hpo-lgbm,1.0,0.15872223584866946
P2-hpo-lgbm,1.0,0.15831730096460758
P2-hpo-lgbm,1.0,0.1579145019481873
P2-hpo-lgbm,1.0,0.15751367278234313
P2-hpo-lgbm,1.0,0.15711487328752402
P2-hpo-lgbm,1.0,0.15671816192642654
P2-hpo-lgbm,1.0,0.15632337542462577
P2-hpo-lgbm,1.0,0.15593064602705434
P2-hpo-lgbm,1.0,0.15553981224938332
P2-hpo-lgbm,1.0,0.15515093279100303
P2-hpo-lgbm,1.0,0.15476406504019646
P2-hpo-lgbm,1.0,0.154379050142164
P2-hpo-lgbm,1.0,0.1539960174321836
P2-hpo-lgbm,1.0,0.15361480977225506
P2-hpo-lgbm,1.0,0.15323555535899222
P2-hpo-lgbm,1.0,0.1528580987430101
P2-hpo-lgbm,1.0,0.15248249709354567
P2-hpo-lgbm,1.0,0.15210880633060336
P2-hpo-lgbm,1.0,0.15173687348630588
P2-hpo-lgbm,1.0,0.15136682397163959
P2-hpo-lgbm,1.0,0.15099850643956073
P2-hpo-lgbm,1.0,0.15063197699431652
P2-hpo-lgbm,1.0,0.15026729053281465
P2-hpo-lgbm,1.0,0.14990429809060382
P2-hpo-lgbm,1.0,0.14954312237774184
P2-hpo-lgbm,1.0,0.1491836159864513
P2-hpo-lgbm,1.0,0.1488258339791351
P2-hpo-lgbm,1.0,0.1484698302509433
P2-hpo-lgbm,1.0,0.14811545968302514
P2-hpo-lgbm,1.0,0.1477628423661033
P2-hpo-lgbm,1.0,0.14741183467722277
P2-hpo-lgbm,1.0,0.14706255568156446
P2-hpo-lgbm,1.0,0.14671486322865504
P2-hpo-lgbm,1.0,0.14636881096078488
P2-hpo-lgbm,1.0,0.1460244514062544
P2-hpo-lgbm,1.0,0.14568164458055066
P2-hpo-lgbm,1.0,0.14534050703875784
P2-hpo-lgbm,1.0,0.1450009002124327
P2-hpo-lgbm,1.0,0.14466287675659548
P2-hpo-lgbm,1.0,0.14432648824839822
P2-hpo-lgbm,1.0,0.14399159820292973
P2-hpo-lgbm,1.0,0.143658320739796
P2-hpo-lgbm,1.0,0.14332652073662225
P2-hpo-lgbm,1.0,0.1429963113591223
P2-hpo-lgbm,1.0,0.1426675588268094
P2-hpo-lgbm,1.0,0.14234031444979844
P2-hpo-lgbm,1.0,0.14201462850838487
P2-hpo-lgbm,1.0,0.14169036919717537
P2-hpo-lgbm,1.0,0.1413676473463337
P2-hpo-lgbm,1.0,0.14104633244254772
P2-hpo-lgbm,1.0,0.14072647486141773
P2-hpo-lgbm,1.0,0.14040812398134692
P2-hpo-lgbm,1.0,0.14009115119127893
P2-hpo-lgbm,1.0,0.13977566505410866
P2-hpo-lgbm,1.0,0.13946153820351728
P2-hpo-lgbm,1.0,0.13914887831407205
P2-hpo-lgbm,1.0,0.13883755924590993
P2-hpo-lgbm,1.0,0.13852763010209926
P2-hpo-lgbm,1.0,0.13821913903195324
P2-hpo-lgbm,1.0,0.13791196170185593
P2-hpo-lgbm,1.0,0.13760620361058146
P2-hpo-lgbm,1.0,0.1373017416068223
P2-hpo-lgbm,1.0,0.13699862390970277
P2-hpo-lgbm,1.0,0.13669689781411873
P2-hpo-lgbm,1.0,0.1363964419103982
P2-hpo-lgbm,1.0,0.13609735958405397
P2-hpo-lgbm,1.0,0.13579953056569324
P2-hpo-lgbm,1.0,0.13550300221086892
P2-hpo-lgbm,1.0,0.13520782097924838
P2-hpo-lgbm,1.0,0.13491386828154345
P2-hpo-lgbm,1.0,0.13462124545030313
P2-hpo-lgbm,1.0,0.1343298349964804
P2-hpo-lgbm,1.0,0.13403973744785386
P2-hpo-lgbm,1.0,0.13375083640013383
P2-hpo-lgbm,1.0,0.13346317803329416
P2-hpo-lgbm,1.0,0.13317680766922368
P2-hpo-lgbm,1.0,0.13289161050242376
P2-hpo-lgbm,1.0,0.13260768508854254
P2-hpo-lgbm,1.0,0.1323249176693934
P2-hpo-lgbm,1.0,0.13204335360852654
P2-hpo-lgbm,1.0,0.13176303743713766
P2-hpo-lgbm,1.0,0.13148385694097184
P2-hpo-lgbm,1.0,0.13120590875884192
P2-hpo-lgbm,1.0,0.13092908168808287
P2-hpo-lgbm,1.0,0.13065347161583202
P2-hpo-lgbm,1.0,0.13037896833718582
P2-hpo-lgbm,1.0,0.13010561610437302
P2-hpo-lgbm,1.0,0.129833458371619
P2-hpo-lgbm,1.0,0.12956238640533305
P2-hpo-lgbm,1.0,0.1292924942499828
P2-hpo-lgbm,1.0,0.12902367413626506
P2-hpo-lgbm,1.0,0.12875596954462878
P2-hpo-lgbm,1.0,0.12848942318092618
P2-hpo-lgbm,1.0,0.12822392869809254
P2-hpo-lgbm,1.0,0.1279595783486875
P2-hpo-lgbm,1.0,0.1276962667179574
P2-hpo-lgbm,1.0,0.127434085355528
P2-hpo-lgbm,1.0,0.12717292976656658
P2-hpo-lgbm,1.0,0.12691284238094838
P2-hpo-lgbm,1.0,0.1266538648852314
P2-hpo-lgbm,1.0,0.12639589414175714
P2-hpo-lgbm,1.0,0.12613901997636634
P2-hpo-lgbm,1.0,0.12588314014130242
P2-hpo-lgbm,1.0,0.12562829633680764
P2-hpo-lgbm,1.0,0.12537452954114123
P2-hpo-lgbm,1.0,0.1251217388196836
P2-hpo-lgbm,1.0,0.12487001232114259
P2-hpo-lgbm,1.0,0.1246192499720877
P2-hpo-lgbm,1.0,0.12436949275996341
