latent,freq,disagree_match,disagree_nonmatch,log2_ratio
1051,0.009650400582665695,0.0065256080680245205,0.02127124610278588,1.6895462606053577
1666,0.010773245933479,0.00682222661657109,0.02127124610278588,1.626362952658989
993,0.009559359067734887,0.006228989519477951,0.01895806094740018,1.5903542566334425
3038,0.011896091284292304,0.008305319359303936,0.02459016393442623,1.5545618748494447
1930,0.009832483612527313,0.006031243820446905,0.017902041637332798,1.5539088515622763
2341,0.01131949502306385,0.007415463713664228,0.02167353917328774,1.534641900893932
2557,0.011137411993202234,0.006426735218508998,0.018656341144523785,1.5229450072028063
3,0.013990046127700898,0.008997429305912597,0.02594790304737001,1.5176363945237237
2303,0.010075260985676135,0.0065256080680245205,0.018756914412149252,1.5089688550595213
1040,0.0150825443068706,0.01008503065058335,0.028663381273257568,1.4977829595378926
2930,0.01681233309055596,0.011568123393316195,0.032736598612088906,1.4927321446113802
960,0.007677834425831512,0.005734625271900337,0.016292869355325354,1.4903564941509928
1652,0.011805049769361496,0.008404192208819458,0.023584431258171577,1.4776929187915588
1465,0.015446710366593834,0.011469250543800673,0.031982299104897915,1.4714821232828617
1384,0.010712551590191794,0.008404192208819458,0.02343357135673338,1.4684741649187099
1510,0.01119810633648944,0.008305319359303936,0.02308156492004425,1.4636034211039044
2145,0.00798130614226754,0.005240261024322721,0.014532837171879715,1.4542273562123431
2216,0.011228453508133042,0.008404192208819458,0.02308156492004425,1.4467318521333232
1442,0.012351298858946346,0.008503065058334982,0.023332998089107916,1.4456188958951883
340,0.012776159261956785,0.008700810757366027,0.023835864427235242,1.4434655685095177
2986,0.01001456664238893,0.008305319359303936,0.022679271849542392,1.4383470906619977
2601,0.008254430687059966,0.006723353767055566,0.01835462134164739,1.4354292141191278
2659,0.010378732702112163,0.007514336563179751,0.02046665996178216,1.4335172729806114
2631,0.008648943918426803,0.006327862368993475,0.017198028763954543,1.4281966976431288
1871,0.007586792910900704,0.0058334981214158595,0.01584028965101076,1.425723036502453
2351,0.008800679776644817,0.006426735218508998,0.017248315397767274,1.4103621599294682
42,0.007829570284049526,0.006130116669962428,0.016443729256763552,1.408953395175753
772,0.01541636319495023,0.01077714059719201,0.028763954540883034,1.407969623450696
3048,0.015810876426317066,0.011864741941862765,0.031580006034396056,1.4047833293677088
146,0.009498664724447681,0.007613209412695274,0.02031580006034396,1.4042829198945255
780,0.01229060451565914,0.009294047854459166,0.024741023835864427,1.4029057882220792
682,0.007252974022821073,0.005438006723353767,0.014532837171879715,1.401770811525938
142,0.016903374605486767,0.012853470437017995,0.03409433772503269,1.400418777327855
1516,0.009680747754309299,0.007514336563179751,0.019963793623654833,1.3978041684122682
1286,0.00743505705268269,0.005635752422384813,0.014985416876194308,1.395099906914596
1267,0.010955328963340616,0.008700810757366027,0.02303127828623152,1.3941366543100546
2694,0.013383102694828841,0.008898556456397073,0.023483857990546114,1.3900342536779504
480,0.009832483612527313,0.0072177180146331815,0.019008347581212913,1.3847372966327847
1590,0.00895241563486283,0.0065256080680245205,0.017198028763954543,1.3844828719394169
1576,0.008770332605001215,0.006228989519477951,0.01639344262295082,1.3818454754608243
169,0.012047827142510318,0.008898556456397073,0.02323242482148245,1.3745707583968523
1445,0.0065246419033746055,0.004152659679651968,0.01091219953736297,1.3726653438348442
330,0.010864287448409808,0.008601937907850504,0.022327265412853264,1.3658450936032347
784,0.009195193008011653,0.006921099466086613,0.01795232827114553,1.3624160469264033
50,0.008800679776644817,0.005932370970931382,0.015387709946696169,1.3603267817975166
215,0.00958970623937849,0.006426735218508998,0.01664487579201448,1.3592862573796711
1651,0.01195678562757951,0.008799683606881551,0.022729558483355124,1.3590770057773855
1416,0.013140325321680019,0.010282776349614395,0.026450769385497334,1.3545613966327743
1078,0.007768875940762321,0.006228989519477951,0.016041436186261693,1.3507218644775676
696,0.009529011896091285,0.007613209412695274,0.01956150055315297,1.3499702459119545
801,0.01702476329206118,0.01206248764089381,0.0308759931610178,1.3487122002126888
1290,0.019361495508618598,0.013248961835080087,0.033893191189781756,1.3485182584492545
2622,0.015810876426317066,0.012556851888471426,0.032082872372523386,1.346374483680794
184,0.011137411993202234,0.00978841210203678,0.025042743638740823,1.3463313145380182
845,0.009225540179655257,0.007118845165117659,0.018254048074021926,1.346258326008823
470,0.008922068463219229,0.006624480917540043,0.01699688222870361,1.346238449384842
838,0.00819373634377276,0.005734625271900337,0.014733983707130645,1.346194182440992
2740,0.005765962612284535,0.0044492782281985365,0.011465352509303027,1.346099663784733
1446,0.01520393299344501,0.01107375914573858,0.028261088202755708,1.3437982612808566
406,0.009650400582665695,0.008601937907850504,0.021975258976164137,1.3430217352021565
2476,0.010409079873755766,0.007909827961241843,0.020215226792718494,1.3427183092329218
2747,0.010166302500606943,0.007712082262210797,0.01971236045459117,1.3426217277023347
1521,0.010196649672250545,0.007118845165117659,0.01820376144020919,1.3423001886463877
1458,0.01043942704539937,0.008008700810757366,0.020416373327969424,1.3392330416692155
2028,0.011349842194707454,0.008107573660272888,0.020617519863220357,1.3358236076977086
1529,0.012533381888807963,0.00978841210203678,0.024841597103489894,1.3347430749870004
2750,0.007920611798980334,0.007019972315602136,0.017851755003520063,1.3341813552981914
620,0.008042000485554746,0.00682222661657109,0.017348888665392737,1.3338270752278871
2901,0.015992959456178683,0.012853470437017995,0.03253545207683798,1.3331013538888765
961,0.01368657441126487,0.010183903500098873,0.02579704314593181,1.3323994066189244
2208,0.008254430687059966,0.006031243820446905,0.015337423312883436,1.3321802875841802
3063,0.010682204418548192,0.007909827961241843,0.020064366891280296,1.3319649483659879
39,0.013322408351541637,0.010480522048645443,0.026450769385497334,1.3273428553485196
586,0.008042000485554746,0.005734625271900337,0.014532837171879715,1.3264976147251675
1207,0.015143238650157806,0.011172631995254104,0.02816051493513024,1.325963350169092
1285,0.008709638261714009,0.0065256080680245205,0.016494015890576284,1.3245383031011653
2556,0.011622966739499878,0.009195175004943643,0.023131851553856986,1.3215502071294578
2457,0.013292061179898033,0.01008503065058335,0.02534446344161722,1.3209014469811846
192,0.010257344015537751,0.008305319359303936,0.02086895303228402,1.3188802896271068
1708,0.015568099053168244,0.012161360490409334,0.03047370009051594,1.3181720948343014
2323,0.013565185724690459,0.01008503065058335,0.025294176807804485,1.3180473855613997
152,0.011835396941005098,0.010282776349614395,0.02574675651211908,1.3157909780306336
2382,0.016933721777130373,0.01364445323314218,0.03409433772503269,1.3149079312869583
1885,0.009104151493080845,0.0072177180146331815,0.018103188172583728,1.3147254232323473
1888,0.010135955328963341,0.007712082262210797,0.01931006738408931,1.3130260803498255
810,0.011167759164845836,0.007514336563179751,0.018807201045961983,1.3121455623658103
524,0.013049283806749211,0.011864741941862765,0.029568540681886756,1.3101446853042995
366,0.015901917941247876,0.010876013446707534,0.02710449562506286,1.309490926820085
2535,0.016660597232337947,0.01137037769428515,0.02831137483656844,1.3085557488371293
1031,0.007738528769118718,0.005734625271900337,0.014331690636628784,1.3065284107548754
822,0.011592619567856276,0.009195175004943643,0.022880418384793322,1.3058511312763739
126,0.013261714008254431,0.00978841210203678,0.024338730765362568,1.3053585859119423
2825,0.011562272396212672,0.008305319359303936,0.02066780649703309,1.304974305600268
2316,0.012411993202233552,0.008898556456397073,0.022126118877602335,1.3044905583594
58,0.011380189366351056,0.008503065058334982,0.021120386201347683,1.3025282599730152
2781,0.010135955328963341,0.008008700810757366,0.019863220356029367,1.299801779890739
2968,0.014961155620296188,0.010480522048645443,0.02594790304737001,1.299756422329583
2630,0.008102694828841952,0.007019972315602136,0.017399175299205472,1.2973433956330718
640,0.009468317552804079,0.008008700810757366,0.019812933722216635,1.2961630982094463
1782,0.011076717649915028,0.008404192208819458,0.020768379764658555,1.2950724833658376
266,0.024065307113377035,0.016808384417638916,0.04138589962787891,1.2948822535569346
258,0.010287691187181355,0.007613209412695274,0.018807201045961983,1.2935326221778942
2530,0.011592619567856276,0.008107573660272888,0.020014080257467565,1.2931780726786286
691,0.010864287448409808,0.009096302155428119,0.022427838680478727,1.292583134728699
2808,0.013383102694828841,0.010678267747676488,0.026299909484059136,1.2924076521960761
2778,0.010742898761835398,0.008997429305912597,0.022176405511415066,1.2919856199086681
1106,0.013018936635105609,0.010480522048645443,0.02579704314593181,1.291376571755558
2929,0.009316581694586065,0.007316590864148704,0.018052901538770996,1.2913720752325903
1309,0.007738528769118718,0.005932370970931382,0.01463341043950518,1.288294361711898
2311,0.010105608157319737,0.008404192208819458,0.02066780649703309,1.288102736629687
2729,0.009953872299101723,0.007712082262210797,0.01895806094740018,1.2866222942725374
547,0.011258800679776644,0.009096302155428119,0.022327265412853264,1.286127947961926
1011,0.010075260985676135,0.008107573660272888,0.0199135069898421,1.2859462968245206
2086,0.009468317552804079,0.007613209412695274,0.018706627778336517,1.285837996470163
270,0.00688880796309784,0.005042515325291675,0.012420798551744947,1.283780484170845
372,0.012320951687302743,0.009195175004943643,0.022528411948104194,1.2835814076008722
1252,0.010166302500606943,0.008898556456397073,0.021774112440913207,1.2814589909103962
1300,0.018268997329448894,0.014534308878781887,0.035452076837976465,1.28057922540365
2504,0.01174435542607429,0.01077714059719201,0.026299909484059136,1.2792336350089226
1085,0.013383102694828841,0.011172631995254104,0.027255355526501057,1.2789989028634918
968,0.012594076232095169,0.00978841210203678,0.023886151061047974,1.2783908997872182
15,0.016205389657683904,0.014435436029266363,0.03510007040128734,1.2760039646842434
2673,0.013656227239621267,0.009392920703974688,0.022880418384793322,1.2754811269025974
203,0.015264627336732216,0.012260233339924856,0.029819973850950417,1.2754029352613614
886,0.012411993202233552,0.010183903500098873,0.02479131046967716,1.2752542091675747
2776,0.010742898761835398,0.008107573660272888,0.01971236045459117,1.2713730761980042
613,0.007708181597475115,0.006921099466086613,0.01684602232726541,1.2711778034535934
3071,0.009650400582665695,0.0072177180146331815,0.01755003520064367,1.2702053325839
217,0.010864287448409808,0.009195175004943643,0.02227697877904053,1.2674613315723648
920,0.013747268754552075,0.01137037769428515,0.027506788695564718,1.267110182165542
1537,0.013504491381403253,0.010183903500098873,0.02464045056823896,1.2664837969394065
1039,0.012867200776887595,0.009392920703974688,0.022729558483355124,1.2659790213203235
2472,0.01119810633648944,0.008997429305912597,0.021774112440913207,1.265693639298921
1495,0.01520393299344501,0.011765869092347241,0.028411948104193906,1.2647488442893313
1407,0.01195678562757951,0.009887284951552304,0.023835864427235242,1.2610094698786796
1369,0.010864287448409808,0.008503065058334982,0.02051694659559489,1.2609080300586917
1817,0.008557902403495994,0.006723353767055566,0.016242582721512622,1.2600830776576326
1838,0.022032046613255644,0.016511765869092348,0.039676154078246005,1.2596983467174823
2678,0.011349842194707454,0.009887284951552304,0.023785577793422507,1.257975337046376
954,0.00625151735858218,0.004844769626260629,0.01171678567836669,1.256862443392211
294,0.013352755523185239,0.009986157801067827,0.02398672432867344,1.255861505772827
229,0.010105608157319737,0.007712082262210797,0.018555767876898322,1.255842696951508
1821,0.007374362709395484,0.005438006723353767,0.013124811425123202,1.2558084405415182
583,0.010409079873755766,0.008601937907850504,0.02066780649703309,1.2549402185106546
981,0.008891721291575625,0.006624480917540043,0.015940862918636226,1.254256942490944
277,0.013565185724690459,0.010876013446707534,0.026048476314995475,1.2523727282788768
946,0.010894634620053412,0.009294047854459166,0.02227697877904053,1.252196416435247
354,0.007890264627336732,0.006130116669962428,0.014733983707130645,1.2515750039145221
223,0.011289147851420248,0.010282776349614395,0.02459016393442623,1.2497441442520922
633,0.00840616654527798,0.006624480917540043,0.015890576284823495,1.249727121875297
2428,0.009711094925952901,0.0072177180146331815,0.017298602031580006,1.2495056627730738
488,0.012108521485797524,0.008997429305912597,0.021522679271849542,1.249014458506287
3041,0.015325321680019422,0.012260233339924856,0.02926682087901036,1.248481115290331
2494,0.011714008254430686,0.009195175004943643,0.021975258976164137,1.2478764301075063
1574,0.008315125030347172,0.006723353767055566,0.016091722820074424,1.246703576361839
2803,0.011562272396212672,0.009294047854459166,0.022176405511415066,1.2456976122747532
1535,0.009134498664724447,0.007514336563179751,0.01795232827114553,1.2453946731325647
407,0.008588249575139597,0.0072177180146331815,0.017248315397767274,1.2453298490179638
2058,0.014779072590434572,0.011469250543800673,0.027305642160313788,1.2441775301861484
3070,0.0067067249332362225,0.005339133873838244,0.012772804988434075,1.2428776110151138
2854,0.010166302500606943,0.007613209412695274,0.01815347480639646,1.2427679419553312
2849,0.009134498664724447,0.007316590864148704,0.017449461933018204,1.2425987080133785
1316,0.012533381888807963,0.01008503065058335,0.02398672432867344,1.2417878858470772
701,0.008679291090070405,0.0072177180146331815,0.017198028763954543,1.241141913469531
792,0.006979849478028648,0.004943642475776152,0.011817358945992154,1.2405266323965625
1026,0.007586792910900704,0.007712082262210797,0.01835462134164739,1.2402030899896048
1068,0.010196649672250545,0.008799683606881551,0.02091923966609675,1.239884530520388
761,0.01465768390386016,0.01265572473798695,0.030021120386201347,1.239630563122948
1704,0.009437970381160475,0.008206446509788412,0.01951121391934024,1.2393755095598653
422,0.013990046127700898,0.010678267747676488,0.02534446344161722,1.2392264379971356
1122,0.01229060451565914,0.00978841210203678,0.02323242482148245,1.238525472865278
1829,0.009104151493080845,0.007316590864148704,0.017399175299205472,1.2384588422305474
301,0.007010196649672251,0.005932370970931382,0.014130544101377854,1.2381937665743714
244,0.010044913814032531,0.007019972315602136,0.016695162425827217,1.23810221120473
1226,0.00840616654527798,0.007019972315602136,0.016695162425827217,1.23810221120473
1503,0.01043942704539937,0.008404192208819458,0.0199135069898421,1.234727884860865
1737,0.012138868657441126,0.01077714059719201,0.025495323343055414,1.2345808837678078
763,0.0118657441126487,0.010183903500098873,0.024087297596298903,1.2338616108797413
1993,0.013595532896334061,0.011469250543800673,0.02710449562506286,1.233549671220336
1398,0.01659990288905074,0.012754597587502471,0.030121693653826814,1.2333000654494215
760,0.010166302500606943,0.007514336563179751,0.01780146836970733,1.2332876842023623
1320,0.008284777858703568,0.006723353767055566,0.015940862918636226,1.2331988316491027
1507,0.015689487739742655,0.013446707534111133,0.031730865935834254,1.2324841512996694
2272,0.009862830784170915,0.008503065058334982,0.02011465352509303,1.2324788234220019
468,0.009316581694586065,0.007712082262210797,0.018254048074021926,1.2323192453501757
2634,0.009468317552804079,0.006921099466086613,0.01639344262295082,1.232123687728032
273,0.007465404224326293,0.005339133873838244,0.01267223172080861,1.2315617918984147
346,0.007829570284049526,0.006624480917540043,0.015689429749572565,1.2314642566147707
2499,0.012897547948531197,0.010974886296223058,0.025897616413557277,1.231087469123346
2377,0.014839766933721778,0.010974886296223058,0.025897616413557277,1.231087469123346
133,0.00916484583636805,0.00682222661657109,0.016142009453887156,1.2304220554726435
2841,0.00743505705268269,0.007514336563179751,0.0177511817358946,1.2292293374867613
1250,0.01411143481427531,0.012556851888471426,0.029568540681886756,1.2290153552051297
2396,0.011440883709638262,0.009590666403005734,0.022578698581916926,1.2266700688281043
137,0.016448167030832725,0.013051216136049041,0.03067484662576687,1.226555450267791
1185,0.012533381888807963,0.011271504844769626,0.026501056019310066,1.2260603340549143
2247,0.01056081573197378,0.009294047854459166,0.02187468570853867,1.2260236834709248
2696,0.00980213644088371,0.008305319359303936,0.01956150055315297,1.2259988907681918
1399,0.014020393299344501,0.011469250543800673,0.02695363572362466,1.2255270804265002
897,0.007161932507890265,0.0065256080680245205,0.015387709946696169,1.224999069526022
2481,0.01229060451565914,0.010678267747676488,0.025093030272553555,1.2248993321053987
2012,0.01754066521000243,0.01334783468459561,0.031328572865332395,1.2247028679128804
1299,0.011137411993202234,0.008206446509788412,0.01931006738408931,1.224501796059424
1809,0.012108521485797524,0.010876013446707534,0.02554560997686815,1.2243577319325243
1406,0.0086185967467832,0.006723353767055566,0.01584028965101076,1.2241249227304212
387,0.019664967225054626,0.01591852877199921,0.03731268228904757,1.2237857541638346
2587,0.010135955328963341,0.008305319359303936,0.01951121391934024,1.2223042993528621
713,0.010682204418548192,0.009491793553490212,0.02227697877904053,1.2221427517099273
18,0.009316581694586065,0.007316590864148704,0.017198028763954543,1.2217795515227907
2674,0.011258800679776644,0.008008700810757366,0.018807201045961983,1.2213931205863346
2608,0.008557902403495994,0.007514336563179751,0.017650608468269133,1.2210782338713333
2775,0.009953872299101723,0.008700810757366027,0.020416373327969424,1.2210673883669794
2089,0.015052197135226996,0.012952343286533517,0.030322840189077743,1.2208460082039085
2211,0.013079630978392813,0.01077714059719201,0.025243890173991753,1.2203386406309062
98,0.01571983491138626,0.01235910618944038,0.028914814442321232,1.2195891286970415
2717,0.02166788055353241,0.017599367213763102,0.041084179825002516,1.2183924758898939
2760,0.010409079873755766,0.009195175004943643,0.021522679271849542,1.21799136600949
1700,0.014172129157562515,0.011469250543800673,0.026802775822186462,1.2174596277335203
360,0.014020393299344501,0.012161360490409334,0.028411948104193906,1.2174475502599993
1386,0.008557902403495994,0.007712082262210797,0.018052901538770996,1.2164211191798673
2060,0.007829570284049526,0.006327862368993475,0.01483455697475611,1.2162434975405638
438,0.013231366836610827,0.010678267747676488,0.024942170371115357,1.2162342732159785
833,0.009923525127458121,0.007909827961241843,0.018505481243085587,1.2158845459946133
1349,0.008436513716921583,0.0072177180146331815,0.016896308961078146,1.2157557463187092
2985,0.008436513716921583,0.0065256080680245205,0.015287136679070702,1.215600022501316
363,0.011987132799223112,0.010381649199129919,0.0242381574977371,1.2153542233851569
2009,0.009559359067734887,0.007613209412695274,0.01780146836970733,1.214674744014446
1388,0.011774702597717892,0.010974886296223058,0.02559589661068088,1.214246106213158
30,0.01043942704539937,0.009590666403005734,0.022377552046665996,1.213817140419021
1763,0.011622966739499878,0.009096302155428119,0.021220959468973146,1.2131465891740894
892,0.012047827142510318,0.009986157801067827,0.02328271145529518,1.2130655322488852
288,0.008770332605001215,0.006624480917540043,0.015488283214321634,1.2129672371262306
2426,0.00798130614226754,0.007514336563179751,0.01755003520064367,1.2128808154187107
638,0.008648943918426803,0.007712082262210797,0.01800261490495826,1.212419062066172
628,0.008800679776644817,0.007712082262210797,0.01800261490495826,1.212419062066172
272,0.014414906530711338,0.013051216136049041,0.030373126822890475,1.2123413249665629
1656,0.01229060451565914,0.010579394898160965,0.02464045056823896,1.212041869382211
2624,0.006160475843651371,0.005438006723353767,0.012722518354621341,1.2112409261371402
1849,0.011137411993202234,0.008503065058334982,0.019812933722216635,1.2107831324224336
882,0.014263170672493324,0.010876013446707534,0.025294176807804485,1.2101435534137954
2826,0.010469774217042972,0.008898556456397073,0.02071809313084582,1.2100724397966025
1385,0.006979849478028648,0.006031243820446905,0.01408025746756512,1.2096320451033322
1802,0.015173585821801408,0.011666996242831719,0.02710449562506286,1.2090989897933746
1001,0.013079630978392813,0.01008503065058335,0.02343357135673338,1.2082699526429548
2182,0.010378732702112163,0.007909827961241843,0.018404907975460124,1.2080647999484813
1179,0.0066763777615926195,0.005734625271900337,0.013376244594186865,1.207706611655391
2217,0.011714008254430686,0.009392920703974688,0.02182439907472594,1.2076133631883335
615,0.010803593105122602,0.009590666403005734,0.02227697877904053,1.2073474797209
2821,0.01647851420247633,0.013446707534111133,0.031177712963894197,1.2071927725015543
1297,0.01001456664238893,0.008503065058334982,0.019762647088403903,1.2071352502596258
618,0.009741442097596503,0.007415463713664228,0.017248315397767274,1.2068615490779722
1435,0.011622966739499878,0.009986157801067827,0.023182138187669718,1.2068468567268305
910,0.01174435542607429,0.009096302155428119,0.021120386201347683,1.2063251394769021
1919,0.01250303471716436,0.010579394898160965,0.024539877300613498,1.2061651666003341
1863,0.008072347657198348,0.007118845165117659,0.01654430252438902,1.2051884504267143
1875,0.011683661082787084,0.008799683606881551,0.020416373327969424,1.204949776016034
139,0.009953872299101723,0.007514336563179751,0.017449461933018204,1.2046365527949294
2391,0.015264627336732216,0.01235910618944038,0.028613094639444836,1.2045082558933549
7,0.011228453508133042,0.010183903500098873,0.023584431258171577,1.2035510507438987
1723,0.006221170186938577,0.004943642475776152,0.01151563914311576,1.2035306223471092
2693,0.006221170186938577,0.005141388174807198,0.011968218847430353,1.2031919005682814
2177,0.015780529254673464,0.012457979038955902,0.028814241174695766,1.2031759311643733
2976,0.010621510075260986,0.009294047854459166,0.021522679271849542,1.202726450872372
499,0.00852755523185239,0.007415463713664228,0.017198028763954543,1.2026736135295395
1725,0.013474144209759651,0.011765869092347241,0.027205068892688325,1.202351025066909
3005,0.009620053411022093,0.008799683606881551,0.020366086694156692,1.2014093192647797
1601,0.008011653313911144,0.0065256080680245205,0.015136276777632506,1.2013856311085989
2842,0.008042000485554746,0.006921099466086613,0.016041436186261693,1.2010000767447748
143,0.01444525370235494,0.011172631995254104,0.02579704314593181,1.1999629812092287
2518,0.017965525613012866,0.015424164524421594,0.03555265010560193,1.1994936900261808
1424,0.013140325321680019,0.009887284951552304,0.02283013175098059,1.1990802052624197
788,0.008648943918426803,0.007019972315602136,0.016242582721512622,1.1986924629833575
220,0.014202476329206118,0.011864741941862765,0.02735592879412652,1.1983284355281278
2597,0.012047827142510318,0.010183903500098873,0.023483857990546114,1.1974117647357017
2542,0.0066156834183054136,0.00553687957286929,0.012823091622246806,1.1969825997520038
378,0.00840616654527798,0.007118845165117659,0.016443729256763552,1.1964445152896748
305,0.007708181597475115,0.007316590864148704,0.016896308961078146,1.1963933843719687
2840,0.009650400582665695,0.007514336563179751,0.017348888665392737,1.1963449075391808
104,0.009013109978150037,0.008107573660272888,0.018706627778336517,1.196213484319474
824,0.010773245933479,0.008305319359303936,0.01915920748265111,1.196173796754557
729,0.01056081573197378,0.008305319359303936,0.01915920748265111,1.196173796754557
3014,0.009498664724447681,0.009096302155428119,0.020969526299909485,1.1960321054165508
1990,0.011440883709638262,0.01008503065058335,0.02323242482148245,1.195885925226508
351,0.01411143481427531,0.011864741941862765,0.027305642160313788,1.1956836590013096
737,0.015871570769604274,0.013051216136049041,0.030021120386201347,1.195579217116707
23,0.011987132799223112,0.00978841210203678,0.022528411948104194,1.1943245661775697
453,0.0118657441126487,0.009590666403005734,0.0220758322437896,1.1943204641876513
595,0.012594076232095169,0.009392920703974688,0.02162325253947501,1.1943161912893785
1620,0.013959698956057295,0.01206248764089381,0.02770793523081565,1.193058288008975
995,0.011289147851420248,0.009294047854459166,0.021371819370411344,1.1926255921735776
2298,0.008224083515416362,0.007118845165117659,0.01639344262295082,1.1920525937585664
925,0.012745812090313183,0.01077714059719201,0.024741023835864427,1.191425288125922
43,0.006919155134741442,0.00553687957286929,0.012772804988434075,1.1913578005664174
1342,0.011926438455935906,0.010381649199129919,0.023835864427235242,1.191308178298494
127,0.011076717649915028,0.010381649199129919,0.023835864427235242,1.191308178298494
2170,0.036841466375333816,0.027585525014830928,0.06310972543497938,1.1910146675393787
1043,0.011228453508133042,0.009195175004943643,0.021120386201347683,1.1908969800235607
34,0.005917698470502549,0.004548151077714059,0.010509906466861108,1.1906830718453947
2923,0.01001456664238893,0.008206446509788412,0.018857487679774715,1.1904644548603052
2207,0.008133042000485554,0.007613209412695274,0.017499748566830935,1.1901516328777448
2327,0.01229060451565914,0.01107375914573858,0.02539475007542995,1.1900855673758426
1275,0.007890264627336732,0.006624480917540043,0.01523685004525797,1.1895073945331638
167,0.008163389172129158,0.006624480917540043,0.01523685004525797,1.1895073945331638
1365,0.01110706482155863,0.008503065058334982,0.01951121391934024,1.1887561871180528
2225,0.009862830784170915,0.010579394898160965,0.0242381574977371,1.1883900487707773
901,0.009529011896091285,0.009590666403005734,0.021975258976164137,1.187762578256041
1770,0.011228453508133042,0.009392920703974688,0.021522679271849542,1.1876213616357136
1592,0.010955328963340616,0.008997429305912597,0.020617519863220357,1.1873204650171676
1303,0.010044913814032531,0.008404192208819458,0.019259780750276578,1.1868165045223817
798,0.011440883709638262,0.009689539252521258,0.022176405511415066,1.186203594588806
2706,0.011501578052925468,0.010579394898160965,0.02418787086392437,1.1854061199766044
2498,0.00688880796309784,0.006624480917540043,0.015186563411445237,1.1847692981393216
557,0.009650400582665695,0.008107573660272888,0.018555767876898322,1.1845940454471775
1,0.011562272396212672,0.011271504844769626,0.02574675651211908,1.1845600638129492
2179,0.012017479970866714,0.009590666403005734,0.0219249723423514,1.184472422785243
1013,0.011653313911143482,0.009590666403005734,0.0219249723423514,1.184472422785243
1882,0.009346928866229667,0.009392920703974688,0.02147239263803681,1.1842622603868027
1741,0.010803593105122602,0.008997429305912597,0.020567233229407622,1.1838144243858566
1125,0.011167759164845836,0.008799683606881551,0.02011465352509303,1.183575523555833
2833,0.012806506433600389,0.01008503065058335,0.02303127828623152,1.1833946728137514
988,0.008922068463219229,0.008601937907850504,0.019662073820778437,1.1833257226983043
1190,0.014779072590434572,0.01137037769428515,0.02594790304737001,1.1832543379790945
564,0.011562272396212672,0.009887284951552304,0.022578698581916926,1.183173414482962
1341,0.014475600873998544,0.012260233339924856,0.027959368399879312,1.182776555996191
2856,0.010621510075260986,0.009096302155428119,0.020768379764658555,1.1821928196054967
1110,0.010621510075260986,0.008898556456397073,0.02031580006034396,1.1819206166747704
1501,0.009529011896091285,0.007613209412695274,0.017399175299205472,1.181883746824182
2205,0.0086185967467832,0.007019972315602136,0.016041436186261693,1.1808254115719101
2326,0.011380189366351056,0.008997429305912597,0.02051694659559489,1.180299842606034
2820,0.008497208060208788,0.006624480917540043,0.015136276777632506,1.1800155896106137
3009,0.007708181597475115,0.006624480917540043,0.015136276777632506,1.1800155896106137
2275,0.01098567613498422,0.007712082262210797,0.017600321834456402,1.1799965460372912
739,0.008466860888565186,0.007316590864148704,0.016695162425827217,1.1792176578022056
1738,0.00873998543335761,0.007316590864148704,0.016695162425827217,1.1792176578022056
1714,0.012351298858946346,0.010183903500098873,0.023182138187669718,1.1788355810291755
2626,0.008648943918426803,0.007118845165117659,0.016242582721512622,1.178796034186757
2005,0.015386016023306628,0.014138817480719794,0.032133159006336114,1.1787162495299663
46,0.007617140082544307,0.006921099466086613,0.015790003017198028,1.178350527075956
1985,0.008436513716921583,0.00781095511172632,0.01780146836970733,1.1781541386143655
128,0.009043457149793639,0.007613209412695274,0.017348888665392737,1.1777319673512645
2350,0.009346928866229667,0.008305319359303936,0.01890777431358745,1.1772150710199396
2297,0.014202476329206118,0.012754597587502471,0.028965101076133964,1.1770034782754288
112,0.008375819373634377,0.0072177180146331815,0.016443729256763552,1.1768187526304914
2394,0.010742898761835398,0.008997429305912597,0.02046665996178216,1.1767766779614655
578,0.011714008254430686,0.010579394898160965,0.02403701096248617,1.1764171239243904
1519,0.013868657441126487,0.010579394898160965,0.02403701096248617,1.1764171239243904
2477,0.008679291090070405,0.007019972315602136,0.015991149552448958,1.1763238592190908
2245,0.007738528769118718,0.007019972315602136,0.015991149552448958,1.1763238592190908
2273,0.011562272396212672,0.009491793553490212,0.021572965905662274,1.17602408439195
2569,0.01043942704539937,0.009294047854459166,0.021120386201347683,1.1756320648864427
382,0.01098567613498422,0.009986157801067827,0.022679271849542392,1.1753449293414113
1614,0.009195193008011653,0.008008700810757366,0.01820376144020919,1.174597467042539
2941,0.00819373634377276,0.007118845165117659,0.01619229608769989,1.174349972960871
2100,0.011289147851420248,0.009392920703974688,0.021321532736598613,1.1741377731245526
1006,0.010833940276766206,0.009392920703974688,0.021321532736598613,1.1741377731245526
3044,0.01432386501578053,0.011666996242831719,0.026450769385497334,1.1740075768094762
2475,0.01056081573197378,0.009195175004943643,0.02086895303228402,1.1737008974428433
271,0.010651857246904588,0.008305319359303936,0.018857487679774715,1.173393244653302
210,0.006312211701869385,0.005141388174807198,0.01171678567836669,1.172816793411905
2784,0.013018936635105609,0.012457979038955902,0.028210801568942977,1.1727482877452886
1350,0.008466860888565186,0.0072177180146331815,0.01639344262295082,1.1724268310993828
3069,0.009013109978150037,0.008601937907850504,0.01951121391934024,1.1722702122632487
2187,0.010955328963340616,0.008601937907850504,0.01951121391934024,1.1722702122632487
1269,0.011380189366351056,0.00978841210203678,0.022176405511415066,1.1717056859885684
3051,0.01174435542607429,0.009590666403005734,0.021723825807100472,1.171236249540265
341,0.009771789269240107,0.008206446509788412,0.018606054510711054,1.1712019663207844
2392,0.005948045642146152,0.005438006723353767,0.012370511917932214,1.171081979104057
2733,0.00603908715707696,0.005438006723353767,0.012370511917932214,1.171081979104057
636,0.013383102694828841,0.011469250543800673,0.02594790304737001,1.170871825217501
725,0.013383102694828841,0.011963614791378287,0.027054208991250127,1.1705135706937955
1270,0.014688031075503764,0.011963614791378287,0.027054208991250127,1.1705135706937955
1081,0.008861374119932023,0.007613209412695274,0.017248315397767274,1.1693923916648583
431,0.008436513716921583,0.007613209412695274,0.017248315397767274,1.1693923916648583
2815,0.00937727603787327,0.007613209412695274,0.017248315397767274,1.1693923916648583
2828,0.014688031075503764,0.013743326082657702,0.031026853062456,1.1689691117165857
2344,0.010318038358824957,0.009986157801067827,0.022578698581916926,1.1689611515432468
585,0.011410536537994658,0.009294047854459166,0.021019812933722216,1.168778208253315
766,0.007283321194464676,0.00553687957286929,0.012571658453183143,1.1686367042584405
1170,0.012138868657441126,0.00978841210203678,0.022126118877602335,1.1684452728278256
853,0.009134498664724447,0.008404192208819458,0.019008347581212913,1.167956915165335
22,0.013929351784413693,0.011963614791378287,0.027003922357437392,1.1678393798879765
2266,0.009073804321437243,0.007712082262210797,0.017449461933018204,1.1676477519606552
1146,0.011349842194707454,0.009195175004943643,0.020768379764658555,1.166764660152155
2119,0.009134498664724447,0.008008700810757366,0.018103188172583728,1.166648464287682
329,0.00743505705268269,0.005635752422384813,0.012772804988434075,1.1662717934278837
963,0.007617140082544307,0.006130116669962428,0.013879110932314191,1.1659415229822367
2558,0.012533381888807963,0.010480522048645443,0.02363471789198431,1.165588089611747
1483,0.011896091284292304,0.012457979038955902,0.02805994166750478,1.1650400361104944
1382,0.009650400582665695,0.008898556456397073,0.020064366891280296,1.164042620828359
1481,0.011380189366351056,0.009392920703974688,0.021170672835160415,1.1639417322004446
2843,0.0086185967467832,0.0072177180146331815,0.016292869355325354,1.1636026730792617
2867,0.014414906530711338,0.012853470437017995,0.028914814442321232,1.1634510322613363
478,0.009862830784170915,0.008206446509788412,0.018505481243085587,1.16342437673998
939,0.012411993202233552,0.009689539252521258,0.02182439907472594,1.163224434739045
630,0.010955328963340616,0.010183903500098873,0.022930705018606053,1.1631705980606393
2321,0.011076717649915028,0.010183903500098873,0.022930705018606053,1.1631705980606393
1917,0.012958242291818403,0.011172631995254104,0.025143316906366286,1.1630770860589041
2960,0.009832483612527313,0.008503065058334982,0.01915920748265111,1.1626256845197473
174,0.00958970623937849,0.008997429305912597,0.02026551342653123,1.16259734562465
97,0.012472687545520757,0.010480522048645443,0.023584431258171577,1.1625282158805326
2802,0.01153192522456907,0.01077714059719201,0.0242381574977371,1.1619206059286749
2074,0.009346928866229667,0.007316590864148704,0.016494015890576284,1.1618349826845389
1200,0.013049283806749211,0.01008503065058335,0.022679271849542392,1.1612713094156615
2830,0.009346928866229667,0.008107573660272888,0.018254048074021926,1.1610705938458452
1606,0.011896091284292304,0.009887284951552304,0.022226692145227798,1.1606050826291376
2732,0.016144695314396697,0.013150088985564565,0.02951825404807402,1.160484549784268
653,0.015112891478514202,0.01265572473798695,0.028411948104193906,1.1604217456464965
140,0.011167759164845836,0.010183903500098873,0.022880418384793322,1.1600170864423964
698,0.011410536537994658,0.008700810757366027,0.01956150055315297,1.159665091018159
2712,0.008861374119932023,0.008206446509788412,0.018455194609272856,1.1595198018180057
1540,0.011349842194707454,0.010282776349614395,0.02308156492004425,1.158785690506552
1353,0.007252974022821073,0.007514336563179751,0.016896308961078146,1.15843122915352
2349,0.014961155620296188,0.011864741941862765,0.026601629286935533,1.1581384944846898
1339,0.008982762806506433,0.008305319359303936,0.018656341144523785,1.1580038837944335
2585,0.005826656955571741,0.005042515325291675,0.011364779241677562,1.156662482322349
2749,0.011076717649915028,0.009986157801067827,0.022377552046665996,1.156108223134163
1811,0.010257344015537751,0.008503065058334982,0.019058634215025645,1.1550720646649193
1869,0.016326778344258316,0.013743326082657702,0.030725133259579603,1.154916516124721
2700,0.010773245933479,0.008799683606881551,0.01971236045459117,1.1545748211039517
17,0.012199563000728332,0.011172631995254104,0.024992457004928092,1.1544293404725854
247,0.010196649672250545,0.008305319359303936,0.018606054510711054,1.1541307561137812
552,0.012806506433600389,0.010678267747676488,0.023886151061047974,1.1540763431643992
2974,0.014141781985918912,0.012260233339924856,0.027406215427939255,1.154051674226007
1189,0.012047827142510318,0.010183903500098873,0.022779845117167855,1.153689308275424
1133,0.009923525127458121,0.009392920703974688,0.021019812933722216,1.1536731190166563
1542,0.010378732702112163,0.009195175004943643,0.020567233229407622,1.1527913318890597
1474,0.01271546491866958,0.011864741941862765,0.026501056019310066,1.1526942386914234
2812,0.008648943918426803,0.00682222661657109,0.015287136679070702,1.152416714554947
2804,0.010682204418548192,0.00978841210203678,0.02187468570853867,1.1520317571847403
1227,0.010257344015537751,0.008997429305912597,0.02011465352509303,1.1518706359693442
1058,0.008891721291575625,0.008206446509788412,0.01835462134164739,1.1516788056992036
510,0.013201019664967225,0.012260233339924856,0.02735592879412652,1.151411737284139
87,0.016569555717407137,0.01334783468459561,0.029769687217137686,1.1513082358093956
1461,0.008284777858703568,0.007712082262210797,0.017248315397767274,1.1510165310185
843,0.006312211701869385,0.005339133873838244,0.011968218847430353,1.1497639234256354
2278,0.017328235008497207,0.01572078307296816,0.03499949713366187,1.1496293514622509
2130,0.007677834425831512,0.007019972315602136,0.015689429749572565,1.1490155310986543
742,0.009741442097596503,0.008404192208819458,0.018756914412149252,1.1488475151221857
188,0.011016023306627822,0.008700810757366027,0.019410640651714776,1.1485528106572447
2752,0.012897547948531197,0.011469250543800673,0.02554560997686815,1.1484164763327753
2669,0.012320951687302743,0.010381649199129919,0.023131851553856986,1.1482384093526647
464,0.015750182083029862,0.013150088985564565,0.02926682087901036,1.1481850457612852
115,0.008800679776644817,0.007909827961241843,0.017650608468269133,1.148025318001291
2114,0.012381646030589949,0.010974886296223058,0.02443930403298803,1.1478024458704168
1492,0.012897547948531197,0.011271504844769626,0.025093030272553555,1.147601477520747
2640,0.010044913814032531,0.008503065058334982,0.01895806094740018,1.1474786875403233
509,0.01411143481427531,0.012754597587502471,0.02836166147038117,1.146735435318165
2512,0.009043457149793639,0.006624480917540043,0.014784270340943378,1.146293688078191
1449,0.009073804321437243,0.007514336563179751,0.01674544905963995,1.1455686424499592
949,0.007708181597475115,0.006130116669962428,0.01367796439706326,1.1450316695211595
159,0.007950958970623938,0.006426735218508998,0.014331690636628784,1.1448069005946484
1524,0.011440883709638262,0.009294047854459166,0.02066780649703309,1.1445299982788866
2943,0.011926438455935906,0.01077714059719201,0.023936437694860705,1.1439237500870585
3007,0.009468317552804079,0.008503065058334982,0.01890777431358745,1.1436669587851305
604,0.012745812090313183,0.011666996242831719,0.025897616413557277,1.1436332650047407
2966,0.011289147851420248,0.010876013446707534,0.024137584230111635,1.1428917579050026
1727,0.009984219470745327,0.008008700810757366,0.01780146836970733,1.1425352424228865
2990,0.01377761592619568,0.01265572473798695,0.02805994166750478,1.1424994750598114
1105,0.009680747754309299,0.008305319359303936,0.018455194609272856,1.1424485916110025
1274,0.005462490895848507,0.005734625271900337,0.012772804988434075,1.141614544429983
176,0.01034838553046856,0.008700810757366027,0.01931006738408931,1.141096786102388
702,0.012017479970866714,0.010480522048645443,0.02323242482148245,1.1409254345912372
2103,0.015568099053168244,0.012260233339924856,0.02715478225887559,1.14080341540941
1964,0.014475600873998544,0.013150088985564565,0.029115960977572162,1.1407546948671279
1367,0.01905802379218257,0.015325291674906072,0.033893191189781756,1.1399480352129785
832,0.01377761592619568,0.01235910618944038,0.02735592879412652,1.1399171425878722
1818,0.012867200776887595,0.01206248764089381,0.026702202554561,1.1399132245283767
2203,0.013322408351541637,0.011469250543800673,0.02539475007542995,1.1399047856535869
1995,0.013170672493323623,0.011172631995254104,0.024741023835864427,1.1399002331155241
978,0.011653313911143482,0.011172631995254104,0.024741023835864427,1.1399002331155241
243,0.008861374119932023,0.007909827961241843,0.01755003520064367,1.1398278995486681
2827,0.00852755523185239,0.007316590864148704,0.016242582721512622,1.139807909580833
2372,0.006403253216800194,0.004943642475776152,0.011012772804988434,1.1396809185337764
451,0.011258800679776644,0.010381649199129919,0.02298099165241879,1.138839478671658
2437,0.011471230881281864,0.010381649199129919,0.02298099165241879,1.138839478671658
1731,0.01110706482155863,0.010381649199129919,0.02298099165241879,1.138839478671658
1148,0.009225540179655257,0.008898556456397073,0.01971236045459117,1.1386352851289379
1695,0.008709638261714009,0.008008700810757366,0.0177511817358946,1.1384768957072855
2676,0.013474144209759651,0.012853470437017995,0.028411948104193906,1.1382279458345972
2739,0.007374362709395484,0.006228989519477951,0.013828824298501458,1.138026404538154
279,0.011562272396212672,0.009887284951552304,0.02187468570853867,1.1376780924114358
2503,0.006008739985433357,0.004745896776745106,0.010560193100673841,1.1373979924320832
1934,0.012138868657441126,0.010282776349614395,0.022729558483355124,1.1367106872810109
1611,0.019270453993687788,0.016808384417638916,0.03706124911998391,1.1360601785815523
1604,0.013049283806749211,0.010974886296223058,0.0242381574977371,1.1359280670441683
2038,0.009953872299101723,0.008206446509788412,0.01815347480639646,1.1358677970185715
1546,0.013018936635105609,0.012260233339924856,0.027054208991250127,1.1354698587169336
2863,0.0086185967467832,0.007019972315602136,0.015538569848134365,1.135165047064211
890,0.008345472201990774,0.007019972315602136,0.015538569848134365,1.135165047064211
2762,0.011046370478271426,0.009195175004943643,0.02031580006034396,1.135132172566499
3010,0.011349842194707454,0.010480522048645443,0.023131851553856986,1.1346933274321145
2905,0.009255887351298859,0.008305319359303936,0.01835462134164739,1.1346075954922001
108,0.008891721291575625,0.007712082262210797,0.017047168862516345,1.1341913491601705
1769,0.01271546491866958,0.011172631995254104,0.02464045056823896,1.1340473715297108
1901,0.009286234522942461,0.007415463713664228,0.01639344262295082,1.1339585311593912
976,0.0118657441126487,0.010579394898160965,0.023332998089107916,1.133711643554561
1225,0.008163389172129158,0.007118845165117659,0.015739716383385297,1.1337065380834161
2346,0.013474144209759651,0.010282776349614395,0.022679271849542392,1.133529360064645
477,0.009407623209516873,0.008404192208819458,0.018555767876898322,1.133375633483522
2617,0.01110706482155863,0.009986157801067827,0.022025545609976868,1.1333363301082904
1486,0.008375819373634377,0.00781095511172632,0.017248315397767274,1.1328717862647777
705,0.005159019179412479,0.004647023927229583,0.010308759931610179,1.1327029737630674
1219,0.007344015537751882,0.0072177180146331815,0.015940862918636226,1.1322860255190432
2490,0.01034838553046856,0.009195175004943643,0.02026551342653123,1.131574253127853
820,0.010257344015537751,0.008898556456397073,0.019611787186965705,1.1312930968073422
1101,0.008315125030347172,0.007019972315602136,0.015488283214321634,1.130518511610114
2206,0.00916484583636805,0.008008700810757366,0.017650608468269133,1.1303257920918577
2486,0.009013109978150037,0.008700810757366027,0.01915920748265111,1.1298399970045239
1459,0.015659140568099052,0.01265572473798695,0.027808508498441114,1.1295601547599743
2670,0.00895241563486283,0.008404192208819458,0.018505481243085587,1.1294815975623953
1808,0.010833940276766206,0.011172631995254104,0.024539877300613498,1.128170668747834
2030,0.0086185967467832,0.0072177180146331815,0.015890576284823495,1.1277562049033965
1192,0.013868657441126487,0.010579394898160965,0.02323242482148245,1.1275063418974078
2253,0.0065246419033746055,0.005240261024322721,0.011565925776928493,1.1273186346975683
416,0.007890264627336732,0.006921099466086613,0.01523685004525797,1.1272333341899121
311,0.012685117747025977,0.01137037769428515,0.024942170371115357,1.1264467072142679
971,0.011714008254430686,0.010381649199129919,0.022779845117167855,1.1262115553326084
1074,0.009013109978150037,0.007712082262210797,0.016946595594890878,1.1257045987149503
1575,0.0118657441126487,0.01077714059719201,0.02363471789198431,1.125699554075815
1000,0.009498664724447681,0.008404192208819458,0.018455194609272856,1.1255770226404214
2774,0.009741442097596503,0.00978841210203678,0.02147239263803681,1.1253754233372768
2754,0.0086185967467832,0.008799683606881551,0.01931006738408931,1.1249791737514423
2915,0.01174435542607429,0.011666996242831719,0.02554560997686815,1.1239657949058137
1359,0.007829570284049526,0.007514336563179751,0.016494015890576284,1.1238728274660899
200,0.00819373634377276,0.00682222661657109,0.014985416876194308,1.123846487368481
2625,0.007374362709395484,0.006130116669962428,0.01347681786181233,1.1238142943217724
2651,0.01529497450837582,0.015523037373937117,0.03394347782359449,1.1237034635598575
2210,0.011653313911143482,0.010381649199129919,0.022729558483355124,1.123037227917307
1470,0.011926438455935906,0.010381649199129919,0.022729558483355124,1.123037227917307
2479,0.010621510075260986,0.009392920703974688,0.020567233229407622,1.1224213275152832
687,0.010803593105122602,0.008700810757366027,0.019058634215025645,1.1222863771496956
481,0.012381646030589949,0.010480522048645443,0.022930705018606053,1.1221477631972732
2151,0.009953872299101723,0.009491793553490212,0.020768379764658555,1.1214460802897175
1891,0.008709638261714009,0.007019972315602136,0.015387709946696169,1.12118030251192
2166,0.006828113619810634,0.007019972315602136,0.015387709946696169,1.12118030251192
2470,0.013352755523185239,0.010974886296223058,0.02398672432867344,1.120946320791368
582,0.01001456664238893,0.008503065058334982,0.018606054510711054,1.1205826438789719
1239,0.017388929351784415,0.014633181728297409,0.03193201247108519,1.120445417392292
2355,0.01098567613498422,0.009294047854459166,0.02031580006034396,1.1198672574293809
785,0.009893177955814517,0.009294047854459166,0.02031580006034396,1.1198672574293809
86,0.010651857246904588,0.009689539252521258,0.021170672835160415,1.119552803751156
1856,0.011926438455935906,0.009689539252521258,0.021170672835160415,1.119552803751156
891,0.00958970623937849,0.008601937907850504,0.018807201045961983,1.119527179944518
2718,0.011380189366351056,0.011172631995254104,0.0243890173991753,1.1193104850584572
2961,0.011410536537994658,0.00978841210203678,0.021371819370411344,1.1186336658873928
1864,0.010500121388686574,0.008700810757366027,0.019008347581212913,1.118494684385883
1005,0.013292061179898033,0.010183903500098873,0.022226692145227798,1.1183815439917673
2880,0.017631706724933235,0.014633181728297409,0.03188172583727245,1.1181787698236576
2169,0.007465404224326293,0.005438006723353767,0.011917932213617621,1.1177499792717631
1558,0.010044913814032531,0.008898556456397073,0.019410640651714776,1.1164956623312856
1094,0.009346928866229667,0.007415463713664228,0.01619229608769989,1.1162559103616958
492,0.023033503277494538,0.017599367213763102,0.03826812833148949,1.1162106071928308
2087,0.006858460791454237,0.00553687957286929,0.01211907874886855,1.1161668670390112
1629,0.009013109978150037,0.00781095511172632,0.017047168862516345,1.1160466044064479
2374,0.010166302500606943,0.009392920703974688,0.02046665996178216,1.115383581090892
2243,0.008133042000485554,0.007118845165117659,0.015538569848134365,1.1152686182676104
2970,0.008315125030347172,0.007118845165117659,0.015538569848134365,1.1152686182676104
2924,0.007950958970623938,0.007514336563179751,0.01639344262295082,1.1151023139341936
498,0.008648943918426803,0.008305319359303936,0.018103188172583728,1.1148166107354787
33,0.013504491381403253,0.01265572473798695,0.027506788695564718,1.1138782086550485
1904,0.009741442097596503,0.009195175004943643,0.020014080257467565,1.1136518375012907
2431,0.011592619567856276,0.010381649199129919,0.022578698581916926,1.1134721229027762
1649,0.014050740470988103,0.011172631995254104,0.024288444131549833,1.1133733207833956
849,0.00916484583636805,0.008503065058334982,0.018505481243085587,1.1128050542981673
1761,0.01034838553046856,0.010480522048645443,0.022779845117167855,1.112666473412058
1661,0.014505948045642146,0.012853470437017995,0.02790908176606658,1.1125560174576172
1080,0.012594076232095169,0.013248961835080087,0.028763954540883034,1.1125414254076147
866,0.013413449866472445,0.012161360490409334,0.026400482751684603,1.1118995752720775
551,0.00785991745569313,0.006228989519477951,0.013577391129437795,1.1117459882518221
629,0.012563729060451567,0.010282776349614395,0.022327265412853264,1.1110614500954956
1313,0.00937727603787327,0.008700810757366027,0.01890777431358745,1.110881271269907
669,0.010742898761835398,0.009590666403005734,0.020818666398471287,1.1101230954761159
694,0.009741442097596503,0.009195175004943643,0.019963793623654833,1.1100404808963251
545,0.00785991745569313,0.007613209412695274,0.01654430252438902,1.1096252304144252
2555,0.011349842194707454,0.010480522048645443,0.022729558483355124,1.1094921459967564
867,0.015598446224811848,0.013743326082657702,0.029769687217137686,1.1094915150233087
1949,0.01119810633648944,0.009294047854459166,0.020164940158905763,1.1091670672065679
1298,0.015901917941247876,0.013941071781688748,0.030171980287639545,1.1083299908437136
300,0.013929351784413693,0.011469250543800673,0.024841597103489894,1.1082584396008774
2293,0.010257344015537751,0.008601937907850504,0.018656341144523785,1.10796979670482
587,0.01153192522456907,0.009887284951552304,0.021422106004224076,1.1076548178899408
1411,0.010469774217042972,0.009096302155428119,0.01971236045459117,1.107275000474008
3045,0.010591162903617383,0.009096302155428119,0.01971236045459117,1.107275000474008
2468,0.016023306627822288,0.014237690330235317,0.030775419893392338,1.1066461190248176
475,0.008770332605001215,0.007909827961241843,0.017147742130141808,1.1065643525119249
875,0.008254430687059966,0.0058334981214158595,0.01267223172080861,1.1060558241436436
1626,0.012169215829084729,0.01137037769428515,0.02459016393442623,1.1060235186173486
1075,0.012169215829084729,0.009294047854459166,0.02011465352509303,1.1055826283354295
401,0.006767419276523428,0.006327862368993475,0.013728251030875993,1.1052077548811041
573,0.008042000485554746,0.0072177180146331815,0.01563914311575983,1.1048912703356024
2627,0.013929351784413693,0.012853470437017995,0.027758221864628382,1.104764506268197
2452,0.011440883709638262,0.009392920703974688,0.02031580006034396,1.1047621681927224
2134,0.014779072590434572,0.01334783468459561,0.028814241174695766,1.104406345911829
2162,0.009346928866229667,0.007712082262210797,0.016695162425827217,1.1042667017494823
1681,0.009771789269240107,0.009491793553490212,0.02051694659559489,1.1039581702467998
2978,0.008345472201990774,0.007316590864148704,0.01584028965101076,1.1038497546536215
485,0.014991502791939792,0.011271504844769626,0.024338730765362568,1.1037461747044717
970,0.007161932507890265,0.0065256080680245205,0.014130544101377854,1.1028660543028765
709,0.010621510075260986,0.008305319359303936,0.01795232827114553,1.1028103778008858
2108,0.011653313911143482,0.010183903500098873,0.021975258976164137,1.1020423852735288
1678,0.011258800679776644,0.010183903500098873,0.021975258976164137,1.1020423852735288
776,0.01022699684389415,0.008404192208819458,0.01815347480639646,1.1019250178409874
40,0.011896091284292304,0.010678267747676488,0.02303127828623152,1.101719663829702
2250,0.010803593105122602,0.010678267747676488,0.02303127828623152,1.101719663829702
1912,0.01034838553046856,0.009887284951552304,0.021321532736598613,1.1008972713017218
1583,0.008011653313911144,0.0072177180146331815,0.015588856481947098,1.1002744738442092
2295,0.012442340373877155,0.009986157801067827,0.021522679271849542,1.1001685968731674
1206,0.015386016023306628,0.011864741941862765,0.02554560997686815,1.0999226051479367
1505,0.00916484583636805,0.008700810757366027,0.018756914412149252,1.099385284342734
1638,0.009559359067734887,0.009195175004943643,0.019812933722216635,1.099151852472979
1151,0.007920611798980334,0.00781095511172632,0.01684602232726541,1.0990228840717584
2093,0.012169215829084729,0.011172631995254104,0.02403701096248617,1.09842262607189
657,0.008497208060208788,0.007415463713664228,0.015991149552448958,1.098333367823315
2258,0.014141781985918912,0.013545580383626656,0.029115960977572162,1.0983229858352155
2033,0.009286234522942461,0.008107573660272888,0.017449461933018204,1.0963991004563245
1400,0.009498664724447681,0.008107573660272888,0.017449461933018204,1.0963991004563245
157,0.010135955328963341,0.008601937907850504,0.018505481243085587,1.0963190794433633
1079,0.010105608157319737,0.009096302155428119,0.01956150055315297,1.0962476580372695
2043,0.014748725418790968,0.011568123393316195,0.024841597103489894,1.0959813009804817
1336,0.006312211701869385,0.005240261024322721,0.01131449260786483,1.095884565306475
160,0.008922068463219229,0.007712082262210797,0.01659458915820175,1.09560154397553
1191,0.009529011896091285,0.008700810757366027,0.018706627778336517,1.095532841576367
2084,0.014263170672493324,0.01265572473798695,0.02715478225887559,1.0953645240893373
2052,0.011714008254430686,0.01077714059719201,0.023131851553856986,1.0948047918961825
141,0.009195193008011653,0.008305319359303936,0.017851755003520063,1.0947503513455386
2913,0.007799223112405924,0.0058334981214158595,0.012571658453183143,1.0946505469523657
2054,0.006342558873512988,0.005339133873838244,0.01151563914311576,1.094619699181236
1308,0.014718378247147366,0.014336563179750841,0.030725133259579603,1.0943798016099802
1091,0.015143238650157806,0.01235910618944038,0.026501056019310066,1.094282945751168
536,0.01098567613498422,0.009887284951552304,0.021220959468973146,1.0941079235241409
458,0.011440883709638262,0.008898556456397073,0.01910892084883838,1.094010982372821
2870,0.00980213644088371,0.008404192208819458,0.018052901538770996,1.0939540557118814
575,0.011016023306627822,0.009986157801067827,0.021422106004224076,1.0934425549502256
2473,0.01131949502306385,0.009096302155428119,0.01951121391934024,1.0925530666219399
688,0.013443797038116047,0.011666996242831719,0.024992457004928092,1.0925076524798714
1556,0.007070890992959456,0.006031243820446905,0.012973951523685004,1.0924435706107507
1502,0.009468317552804079,0.008601937907850504,0.018455194609272856,1.092414504521389
1509,0.011774702597717892,0.011172631995254104,0.023936437694860705,1.0923986950766607
2395,0.010742898761835398,0.010183903500098873,0.02182439907472594,1.0921493227281327
1376,0.007131585336246662,0.006624480917540043,0.014231117369003319,1.0916562868704713
2708,0.012806506433600389,0.01137037769428515,0.024338730765362568,1.0912564632874129
530,0.011440883709638262,0.009294047854459166,0.0199135069898421,1.0911551465100646
1668,0.007617140082544307,0.00682222661657109,0.01463341043950518,1.0897833414940343
1841,0.012411993202233552,0.010579394898160965,0.02262898521572966,1.0897033681299664
3061,0.014596989560572954,0.012853470437017995,0.027456502061751986,1.0890540981301842
1215,0.009771789269240107,0.008008700810757366,0.017147742130141808,1.0888648266024914
2501,0.01283685360524399,0.009689539252521258,0.02071809313084582,1.0885250628652656
1764,0.009832483612527313,0.008700810757366027,0.018606054510711054,1.0877969563637484
2745,0.009832483612527313,0.008799683606881551,0.018807201045961983,1.087109854933153
1468,0.01153192522456907,0.010480522048645443,0.022377552046665996,1.0870741125731425
1165,0.009741442097596503,0.008305319359303936,0.0177511817358946,1.0866450421550822
1779,0.008011653313911144,0.0072177180146331815,0.0154379965805089,1.086334771082522
1610,0.012958242291818403,0.011765869092347241,0.025093030272553555,1.0862068912360299
2450,0.009437970381160475,0.009590666403005734,0.02046665996178216,1.0856397336132035
505,0.009225540179655257,0.007316590864148704,0.01563914311575983,1.085528908388862
452,0.007738528769118718,0.007316590864148704,0.01563914311575983,1.085528908388862
1786,0.009286234522942461,0.009096302155428119,0.019410640651714776,1.0851353776763555
699,0.012563729060451567,0.010876013446707534,0.023182138187669718,1.0848694046534764
726,0.01271546491866958,0.01206248764089381,0.025696469878306347,1.0847353143522815
3024,0.01022699684389415,0.009195175004943643,0.019611787186965705,1.0845046526990703
2421,0.008466860888565186,0.007514336563179751,0.016041436186261693,1.083978702950937
1413,0.00916484583636805,0.008107573660272888,0.017298602031580006,1.0839436932692794
2957,0.01229060451565914,0.011666996242831719,0.024841597103489894,1.083807758173916
334,0.01787448409808206,0.014732054577812933,0.031328572865332395,1.0833583047325341
827,0.01174435542607429,0.011172631995254104,0.023785577793422507,1.08331537299931
1238,0.011592619567856276,0.010678267747676488,0.022729558483355124,1.0827776276479781
953,0.009346928866229667,0.008898556456397073,0.01895806094740018,1.0826358516991408
276,0.009680747754309299,0.008305319359303936,0.017700895102081865,1.0825752469695142
2599,0.013443797038116047,0.01137037769428515,0.02418787086392437,1.0823231283199448
2055,0.007161932507890265,0.005932370970931382,0.01267223172080861,1.0822135749829336
32,0.01110706482155863,0.010183903500098873,0.02167353917328774,1.0821879513188142
1160,0.010409079873755766,0.009590666403005734,0.020416373327969424,1.0821079440812835
356,0.010469774217042972,0.009590666403005734,0.020416373327969424,1.0821079440812835
1554,0.009832483612527313,0.008404192208819458,0.017902041637332798,1.0819144242992835
2731,0.010651857246904588,0.009096302155428119,0.01936035401790204,1.0814121820995046
2158,0.009498664724447681,0.007909827961241843,0.01684602232726541,1.0811035137897127
248,0.014081087642631707,0.012952343286533517,0.027506788695564718,1.0807142420571778
1202,0.007890264627336732,0.006723353767055566,0.014331690636628784,1.0806873958132033
414,0.017419276523428017,0.015523037373937117,0.03293774514733984,1.0804402607653116
619,0.011167759164845836,0.009887284951552304,0.021019812933722216,1.0804326171938254
2236,0.01098567613498422,0.009887284951552304,0.021019812933722216,1.0804326171938254
1897,0.011774702597717892,0.010579394898160965,0.022478125314291462,1.08009579733247
1961,0.010833940276766206,0.008700810757366027,0.018505481243085587,1.0800193667829439
905,0.009316581694586065,0.008700810757366027,0.018505481243085587,1.0800193667829439
2238,0.010105608157319737,0.008107573660272888,0.017248315397767274,1.0797678795141694
443,0.010864287448409808,0.009392920703974688,0.019963793623654833,1.0796704765225487
1307,0.01432386501578053,0.011963614791378287,0.02539475007542995,1.0795379282016215
2,0.01520393299344501,0.012754597587502471,0.027054208991250127,1.0788913904282589
339,0.008011653313911144,0.007019972315602136,0.014935130242381574,1.078393828643446
1418,0.010803593105122602,0.010282776349614395,0.02182439907472594,1.078345029149021
3031,0.009316581694586065,0.008997429305912597,0.01910892084883838,1.078245630761346
2459,0.016326778344258316,0.012952343286533517,0.027456502061751986,1.0780839313442132
3030,0.01153192522456907,0.01107375914573858,0.023483857990546114,1.0776851144825088
1174,0.009953872299101723,0.009096302155428119,0.01931006738408931,1.0776793531214985
2952,0.007890264627336732,0.007118845165117659,0.015136276777632506,1.0776704352978965
888,0.013747268754552075,0.012556851888471426,0.026601629286935533,1.0770091643855197
2198,0.012199563000728332,0.009887284951552304,0.020969526299909485,1.0769934397666021
893,0.007526098567613498,0.0072177180146331815,0.015337423312883436,1.076966241788637
2050,0.012229910172371935,0.011271504844769626,0.023886151061047974,1.0767784885797476
1549,0.008648943918426803,0.008601937907850504,0.018254048074021926,1.0766896637631576
2002,0.008982762806506433,0.007316590864148704,0.015538569848134365,1.0762804936616865
1962,0.010803593105122602,0.01206248764089381,0.02554560997686815,1.0762735470122953
79,0.009984219470745327,0.008008700810757366,0.01699688222870361,1.0761905734682762
1980,0.007070890992959456,0.006031243820446905,0.012823091622246806,1.0756995683393813
2429,0.011926438455935906,0.009491793553490212,0.02011465352509303,1.0755289636101097
384,0.006342558873512988,0.005438006723353767,0.011565925776928493,1.0748620900111634
3033,0.004066521000242777,0.003361676883527783,0.0071909886352207585,1.0746433843914267
233,0.007313668366108279,0.006228989519477951,0.013225384692748667,1.0741300991718918
1860,0.014900461277008982,0.01334783468459561,0.028210801568942977,1.0739787024927443
1318,0.010530468560330178,0.008404192208819458,0.01780146836970733,1.0738318199001022
1977,0.009832483612527313,0.008404192208819458,0.01780146836970733,1.0738318199001022
1833,0.007465404224326293,0.00781095511172632,0.01654430252438902,1.0731046250143443
2811,0.009741442097596503,0.009986157801067827,0.021120386201347683,1.0730742108872382
65,0.011380189366351056,0.009986157801067827,0.021120386201347683,1.0730742108872382
2702,0.014779072590434572,0.012161360490409334,0.025696469878306347,1.0730545875373647
2070,0.011167759164845836,0.01008503065058335,0.021321532736598613,1.0726113884362565
1550,0.022851420247632922,0.018588095708918333,0.039173287740118676,1.0714288094791813
1046,0.010864287448409808,0.011172631995254104,0.023584431258171577,1.0711146253342032
121,0.008102694828841952,0.008206446509788412,0.017348888665392737,1.070831822414505
1224,0.010712551590191794,0.009294047854459166,0.019611787186965705,1.0692397375619527
2422,0.01098567613498422,0.010974886296223058,0.023131851553856986,1.0688122530116761
758,0.01110706482155863,0.009392920703974688,0.019812933722216635,1.0687818480992028
2620,0.014779072590434572,0.01364445323314218,0.0287136679070703,1.0679038073481368
565,0.01022699684389415,0.008799683606881551,0.018555767876898322,1.067795790353125
2777,0.010621510075260986,0.009689539252521258,0.020416373327969424,1.0674628631096832
61,0.008224083515416362,0.007316590864148704,0.0154379965805089,1.0669724091357817
541,0.009620053411022093,0.008997429305912597,0.01895806094740018,1.066870500087666
3011,0.011835396941005098,0.010678267747676488,0.022478125314291462,1.0668003716775212
253,0.010105608157319737,0.009195175004943643,0.01936035401790204,1.065984022646163
2434,0.00819373634377276,0.007514336563179751,0.01584028965101076,1.0658875994351724
1963,0.010530468560330178,0.008503065058334982,0.017902041637332798,1.0652378810350551
8,0.010712551590191794,0.009392920703974688,0.019762647088403903,1.0651339659363948
1060,0.008891721291575625,0.007712082262210797,0.016242582721512622,1.0648569535281096
1893,0.013504491381403253,0.012161360490409334,0.02554560997686815,1.064592820197378
2218,0.005917698470502549,0.006031243820446905,0.012722518354621341,1.0644279540601815
2568,0.010621510075260986,0.009590666403005734,0.020164940158905763,1.0643181304922211
1682,0.01022699684389415,0.009590666403005734,0.020164940158905763,1.0643181304922211
147,0.01119810633648944,0.010480522048645443,0.022025545609976868,1.0643022195472693
2409,0.011835396941005098,0.010480522048645443,0.022025545609976868,1.0643022195472693
274,0.010044913814032531,0.010579394898160965,0.022226692145227798,1.0639396164345718
236,0.009680747754309299,0.008799683606881551,0.018505481243085587,1.0639017544319984
690,0.009437970381160475,0.008799683606881551,0.018505481243085587,1.0639017544319984
1660,0.011046370478271426,0.008799683606881551,0.018505481243085587,1.0639017544319984
550,0.012169215829084729,0.00978841210203678,0.020567233229407622,1.063534490465757
2698,0.011167759164845836,0.011666996242831719,0.024489590666800766,1.0633016280636307
1514,0.00873998543335761,0.009887284951552304,0.020768379764658555,1.063154153955548
1153,0.013747268754552075,0.011765869092347241,0.024690737202051696,1.0629834017040165
1789,0.012533381888807963,0.010974886296223058,0.02303127828623152,1.0625531077580421
102,0.01119810633648944,0.01008503065058335,0.021170672835160415,1.0624153475121487
1158,0.010044913814032531,0.010183903500098873,0.021371819370411344,1.0620564624767181
2076,0.00937727603787327,0.008305319359303936,0.017449461933018204,1.0620522574632503
1278,0.009741442097596503,0.008305319359303936,0.017449461933018204,1.0620522574632503
2947,0.009073804321437243,0.007415463713664228,0.015588856481947098,1.0618061739042175
2032,0.011714008254430686,0.010282776349614395,0.021572965905662274,1.0617043258412988
2744,0.007495751395969896,0.0065256080680245205,0.013728251030875993,1.0614939291773924
1844,0.007950958970623938,0.006624480917540043,0.013929397566126923,1.0609582485693858
2755,0.008436513716921583,0.007613209412695274,0.015991149552448958,1.060864210410201
1361,0.008588249575139597,0.007613209412695274,0.015991149552448958,1.060864210410201
799,0.008861374119932023,0.007613209412695274,0.015991149552448958,1.060864210410201
92,0.009407623209516873,0.008601937907850504,0.018052901538770996,1.060791537592849
2586,0.008982762806506433,0.008601937907850504,0.018052901538770996,1.060791537592849
332,0.009407623209516873,0.009590666403005734,0.02011465352509303,1.0607336916210828
2835,0.011076717649915028,0.009590666403005734,0.02011465352509303,1.0607336916210828
213,0.009893177955814517,0.008700810757366027,0.018254048074021926,1.0603899511027381
2283,0.012563729060451567,0.01077714059719201,0.022578698581916926,1.0600385054462937
2899,0.011622966739499878,0.00978841210203678,0.02051694659559489,1.0600199086859348
2449,0.009711094925952901,0.00978841210203678,0.02051694659559489,1.0600199086859348
2862,0.015355668851663024,0.015028673126359502,0.03142914613295786,1.059400639465216
958,0.008648943918426803,0.008008700810757366,0.01679573569345268,1.0591164842242433
2337,0.007526098567613498,0.007019972315602136,0.014733983707130645,1.0589625528250448
183,0.009741442097596503,0.009096302155428119,0.019058634215025645,1.0588689441688064
1121,0.01596261228453508,0.013248961835080087,0.02770793523081565,1.0587690808625245
608,0.010044913814032531,0.009491793553490212,0.019863220356029367,1.0574719542918343
1117,0.011653313911143482,0.010678267747676488,0.022327265412853264,1.0571283904624629
2567,0.01283685360524399,0.011765869092347241,0.02459016393442623,1.0571186437496907
563,0.00916484583636805,0.008601937907850504,0.01800261490495826,1.056789480479154
1943,0.012988589463462005,0.013051216136049041,0.027255355526501057,1.0566270895425984
371,0.009346928866229667,0.008700810757366027,0.01820376144020919,1.0564318137403028
1810,0.01250303471716436,0.010974886296223058,0.022930705018606053,1.0562666887768346
1956,0.014384559359067736,0.01107375914573858,0.023131851553856986,1.0559895120422882
2201,0.007708181597475115,0.006624480917540043,0.013879110932314191,1.0557777974088758
290,0.01110706482155863,0.01008503065058335,0.021070099567534948,1.0555777327450875
685,0.0150825443068706,0.013743326082657702,0.028663381273257568,1.0550426660536913
1391,0.012169215829084729,0.010381649199129919,0.02167353917328774,1.0547101983759986
1647,0.014961155620296188,0.012754597587502471,0.026601629286935533,1.0546433279520264
956,0.010287691187181355,0.008107573660272888,0.016946595594890878,1.0544559472106199
2688,0.00937727603787327,0.008107573660272888,0.016946595594890878,1.0544559472106199
2219,0.01584122359796067,0.014138817480719794,0.02946796741426129,1.0542057350013887
2511,0.009984219470745327,0.010579394898160965,0.0220758322437896,1.0541583436479436
1212,0.007344015537751882,0.007019972315602136,0.014683697073317912,1.0540635637735551
1412,0.011380189366351056,0.010678267747676488,0.02227697877904053,1.0538899335262435
412,0.010318038358824957,0.009689539252521258,0.020215226792718494,1.0532486047639562
516,0.008679291090070405,0.008503065058334982,0.0177511817358946,1.053096929920273
1213,0.01043942704539937,0.009986157801067827,0.020818666398471287,1.0524141781912584
1475,0.009559359067734887,0.009986157801067827,0.020818666398471287,1.0524141781912584
2480,0.013140325321680019,0.013941071781688748,0.029015387709946695,1.0521287667963488
1490,0.008254430687059966,0.007712082262210797,0.016091722820074424,1.0514774522323163
2244,0.007556445739257101,0.006426735218508998,0.013426531227999597,1.0513585017389107
1488,0.010469774217042972,0.009096302155428119,0.01895806094740018,1.0512755670442107
645,0.010075260985676135,0.009096302155428119,0.01895806094740018,1.0512755670442107
1423,0.014718378247147366,0.011765869092347241,0.024489590666800766,1.0512299473845272
1221,0.008011653313911144,0.00781095511172632,0.016292869355325354,1.0511446103260753
2539,0.01432386501578053,0.011864741941862765,0.024690737202051696,1.0510118926252427
260,0.012320951687302743,0.010579394898160965,0.022025545609976868,1.0508831268534402
3001,0.018026219956300073,0.016017401621514733,0.03328975158402896,1.0507861824589733
2527,0.011349842194707454,0.009294047854459166,0.01936035401790204,1.050719107509045
1065,0.010894634620053412,0.009392920703974688,0.01956150055315297,1.0504494942101514
2178,0.011592619567856276,0.01265572473798695,0.026299909484059136,1.0493881126838724
132,0.009195193008011653,0.008404192208819458,0.017499748566830935,1.0493087087634008
632,0.0086185967467832,0.007019972315602136,0.01463341043950518,1.0491478824263016
2214,0.011805049769361496,0.01137037769428515,0.02363471789198431,1.0490860052612583
1699,0.015568099053168244,0.014336563179750841,0.029769687217137686,1.0489548005085678
2112,0.01389900461277009,0.012952343286533517,0.02690334908981193,1.0488295115797166
1914,0.013383102694828841,0.012952343286533517,0.02690334908981193,1.0488295115797166
1783,0.007374362709395484,0.007118845165117659,0.01483455697475611,1.0488144760261497
1138,0.008648943918426803,0.008700810757366027,0.018103188172583728,1.048482810985446
2882,0.013807963097839281,0.011666996242831719,0.0242381574977371,1.048473862925563
532,0.010500121388686574,0.010282776349614395,0.021371819370411344,1.0482521688976063
2845,0.008011653313911144,0.007316590864148704,0.01523685004525797,1.0481741156145228
2647,0.0064942947317310025,0.0058334981214158595,0.012169365382681284,1.0481058210882321
2618,0.010378732702112163,0.010381649199129919,0.021572965905662274,1.0480308664775946
673,0.010318038358824957,0.010678267747676488,0.022176405511415066,1.0473911293657494
1047,0.011349842194707454,0.01077714059719201,0.022377552046665996,1.0471855770372107
2791,0.0066763777615926195,0.006130116669962428,0.012772804988434075,1.0469953659035136
325,0.007526098567613498,0.006130116669962428,0.012772804988434075,1.0469953659035136
1528,0.012260257344015538,0.010876013446707534,0.022578698581916926,1.0469836994698924
594,0.015052197135226996,0.012556851888471426,0.026048476314995475,1.0468082713951194
2687,0.012685117747025977,0.01107375914573858,0.02298099165241879,1.0465905813612812
1686,0.009680747754309299,0.009590666403005734,0.0199135069898421,1.0463062097957174
2668,0.009923525127458121,0.008107573660272888,0.01684602232726541,1.0459189773211501
2753,0.00958970623937849,0.00978841210203678,0.02031580006034396,1.0458753311431963
228,0.007768875940762321,0.008305319359303936,0.017248315397767274,1.0454210365210954
2637,0.00873998543335761,0.008503065058334982,0.017650608468269133,1.0449458263048452
1324,0.009437970381160475,0.008503065058334982,0.017650608468269133,1.0449458263048452
1107,0.012897547948531197,0.01206248764089381,0.024992457004928092,1.044815404586353
1294,0.012381646030589949,0.010381649199129919,0.021522679271849542,1.0446795682326973
996,0.011714008254430686,0.010480522048645443,0.021723825807100472,1.0444932216943867
2402,0.010166302500606943,0.008700810757366027,0.018052901538770996,1.0444918249324293
626,0.008102694828841952,0.008799683606881551,0.018254048074021926,1.0442723387517927
2204,0.007404709881039087,0.007019972315602136,0.014583123805692447,1.0442153946431467
3036,0.007677834425831512,0.007019972315602136,0.014583123805692447,1.0442153946431467
1015,0.011774702597717892,0.010678267747676488,0.022126118877602335,1.0441307162050066
2184,0.009104151493080845,0.007415463713664228,0.015387709946696169,1.0431898111161446
962,0.0065549890750182084,0.00553687957286929,0.01151563914311576,1.0430998887325398
106,0.010469774217042972,0.009590666403005734,0.019863220356029367,1.042676682302807
2660,0.013807963097839281,0.011765869092347241,0.024338730765362568,1.0423515884197543
1555,0.009680747754309299,0.009887284951552304,0.02046665996178216,1.0421430792680615
1108,0.00937727603787327,0.007909827961241843,0.01639344262295082,1.0420493980641514
1938,0.008436513716921583,0.007909827961241843,0.01639344262295082,1.0420493980641514
2549,0.014718378247147366,0.014138817480719794,0.029216534245197625,1.0418852234756169
1746,0.009741442097596503,0.008008700810757366,0.01659458915820175,1.0418379030303286
1095,0.010469774217042972,0.01008503065058335,0.02086895303228402,1.0418045083807708
693,0.010044913814032531,0.008107573660272888,0.01679573569345268,1.041631473665114
540,0.01529497450837582,0.012754597587502471,0.02635019611787187,1.0409939720125896
2041,0.012169215829084729,0.010678267747676488,0.0220758322437896,1.0408629179929945
2545,0.01250303471716436,0.010876013446707534,0.022478125314291462,1.0405715485139662
135,0.013140325321680019,0.011172631995254104,0.02308156492004425,1.0401535586759678
1295,0.009862830784170915,0.008898556456397073,0.018404907975460124,1.0401424724108523
778,0.010044913814032531,0.008898556456397073,0.018404907975460124,1.0401424724108523
487,0.009529011896091285,0.009096302155428119,0.018807201045961983,1.039810034303209
1010,0.009832483612527313,0.009195175004943643,0.019008347581212913,1.0396490919516523
1199,0.013383102694828841,0.011568123393316195,0.023886151061047974,1.0396291257806995
2881,0.010409079873755766,0.009294047854459166,0.019209494116463843,1.0394915200603982
868,0.009559359067734887,0.009294047854459166,0.019209494116463843,1.0394915200603982
328,0.006767419276523428,0.006921099466086613,0.014331690636628784,1.039471446311793
2040,0.013170672493323623,0.011765869092347241,0.024288444131549833,1.0393799521115779
2602,0.010166302500606943,0.009392920703974688,0.019410640651714776,1.0393372138492374
2008,0.014293517844136926,0.011864741941862765,0.024489590666800766,1.0392584383057537
1853,0.008284777858703568,0.007118845165117659,0.014733983707130645,1.0390661240284444
418,0.010955328963340616,0.009689539252521258,0.020014080257467565,1.0388929046782256
2728,0.011258800679776644,0.01008503065058335,0.020818666398471287,1.0383405582655085
51,0.011653313911143482,0.010381649199129919,0.021422106004224076,1.037953526309755
2506,0.00873998543335761,0.008107573660272888,0.01674544905963995,1.0373311901113542
1131,0.010318038358824957,0.01107375914573858,0.02283013175098059,1.037130016371857
663,0.011562272396212672,0.011666996242831719,0.02403701096248617,1.0365009380791759
2461,0.012806506433600389,0.011765869092347241,0.0242381574977371,1.0364021822464595
1803,0.009013109978150037,0.008898556456397073,0.01835462134164739,1.0362166474162082
1602,0.010257344015537751,0.008898556456397073,0.01835462134164739,1.0362166474162082
1921,0.01056081573197378,0.008898556456397073,0.01835462134164739,1.0362166474162082
221,0.010378732702112163,0.009096302155428119,0.018756914412149252,1.0359678513618449
1366,0.01195678562757951,0.012260233339924856,0.025243890173991753,1.0359320096259286
1263,0.010591162903617383,0.009491793553490212,0.01956150055315297,1.0355009187214905
19,0.01110706482155863,0.009689539252521258,0.019963793623654833,1.0352815480732604
375,0.009711094925952901,0.00978841210203678,0.020164940158905763,1.0351751409203835
1497,0.010409079873755766,0.010579394898160965,0.021774112440913207,1.0343945744109515
1520,0.007556445739257101,0.007118845165117659,0.014683697073317912,1.0341671349769548
2893,0.011562272396212672,0.010974886296223058,0.022578698581916926,1.0340459665617876
1022,0.012411993202233552,0.011271504844769626,0.023182138187669718,1.0338003732323797
2857,0.011562272396212672,0.01137037769428515,0.023383284722920648,1.0337213225298583
2373,0.009104151493080845,0.007613209412695274,0.015689429749572565,1.0335558822897644
2406,0.00819373634377276,0.007613209412695274,0.015689429749572565,1.0335558822897644
254,0.008072347657198348,0.007712082262210797,0.015890576284823495,1.0334428869039325
2786,0.006828113619810634,0.008008700810757366,0.016494015890576284,1.0331203856866142
1425,0.007890264627336732,0.008008700810757366,0.016494015890576284,1.0331203856866142
1061,0.008770332605001215,0.008206446509788412,0.016896308961078146,1.0329181440288437
496,0.013747268754552075,0.012853470437017995,0.026400482751684603,1.0326799708466754
2221,0.013656227239621267,0.013051216136049041,0.026802775822186462,1.0325588209783796
264,0.009073804321437243,0.008601937907850504,0.017700895102081865,1.032541159879901
344,0.009559359067734887,0.009392920703974688,0.01931006738408931,1.0318811892943804
2638,0.011228453508133042,0.009491793553490212,0.01951121391934024,1.0318063273061608
479,0.009255887351298859,0.009590666403005734,0.01971236045459117,1.0317329891692015
1455,0.005796309783928138,0.004745896776745106,0.009805893593482853,1.031523449973862
2096,0.017935178441369264,0.015226418825390548,0.03122799959770693,1.0314320156149606
404,0.011016023306627822,0.01008503065058335,0.02071809313084582,1.0313876066262584
472,0.013534838553046855,0.01107375914573858,0.022729558483355124,1.03078833060693
1251,0.011653313911143482,0.01137037769428515,0.023332998089107916,1.0306286518979018
3015,0.01250303471716436,0.011469250543800673,0.023534144624358846,1.0305772414236896
2159,0.013656227239621267,0.011666996242831719,0.023936437694860705,1.0304770070839468
2334,0.006403253216800194,0.005734625271900337,0.011817358945992154,1.0303526426455583
1217,0.012229910172371935,0.01265572473798695,0.02594790304737001,1.030022364468601
841,0.015507404709881038,0.014929800276843978,0.030574273358141404,1.029203330175604
3066,0.008345472201990774,0.007316590864148704,0.01503570351000704,1.0291276433032122
1658,0.0086185967467832,0.007415463713664228,0.01523685004525797,1.0290681776212718
934,0.03058994901675164,0.024915958077911804,0.0509403600522981,1.02878979960453
1798,0.009862830784170915,0.008799683606881551,0.018052901538770996,1.028374212581484
208,0.00895241563486283,0.008997429305912597,0.018455194609272856,1.0282922919235358
78,0.010409079873755766,0.008997429305912597,0.018455194609272856,1.0282922919235358
2540,0.009346928866229667,0.009096302155428119,0.018656341144523785,1.0282526510635113
2495,0.010166302500606943,0.009392920703974688,0.019259780750276578,1.0281386769349226
2280,0.009984219470745327,0.009689539252521258,0.019863220356029367,1.028031601331207
769,0.0118657441126487,0.010183903500098873,0.02086895303228402,1.027866852608866
2141,0.012169215829084729,0.010876013446707534,0.02227697877904053,1.0276611103626883
427,0.011349842194707454,0.010974886296223058,0.022478125314291462,1.0276338156058613
646,0.01262442340373877,0.011469250543800673,0.023483857990546114,1.0275043327602533
1858,0.01195678562757951,0.011666996242831719,0.023886151061047974,1.0274555829741336
666,0.012594076232095169,0.012853470437017995,0.026299909484059136,1.0271943128719732
1777,0.014081087642631707,0.013842198932173226,0.028261088202755708,1.0244547714676768
2318,0.013018936635105609,0.013446707534111133,0.027456502061751986,1.0244505146701164
2122,0.014293517844136926,0.012952343286533517,0.026450769385497334,1.0244448308896672
1584,0.01389900461277009,0.012754597587502471,0.026048476314995475,1.024442434961626
2482,0.011926438455935906,0.011271504844769626,0.02303127828623152,1.0244218092450506
741,0.012320951687302743,0.010480522048645443,0.021422106004224076,1.0244084443892048
1433,0.01131949502306385,0.010381649199129919,0.021220959468973146,1.0244066319439546
1597,0.009680747754309299,0.009590666403005734,0.019611787186965705,1.0243908008476055
1431,0.010378732702112163,0.009294047854459166,0.019008347581212913,1.0243841768145345
2061,0.015446710366593834,0.015028673126359502,0.03062455999195414,1.0221068895738321
2741,0.012138868657441126,0.012754597587502471,0.02599818968118274,1.0216652893488394
2196,0.013079630978392813,0.011963614791378287,0.0243890173991753,1.0214726210407392
1208,0.012138868657441126,0.011864741941862765,0.02418787086392437,1.0214467443735127
237,0.01229060451565914,0.010579394898160965,0.021572965905662274,1.021066691863215
1357,0.01001456664238893,0.010480522048645443,0.021371819370411344,1.0210336276133518
1933,0.010682204418548192,0.010381649199129919,0.021170672835160415,1.020999938797428
733,0.011592619567856276,0.010282776349614395,0.020969526299909485,1.0209656075501203
2489,0.011167759164845836,0.00978841210203678,0.019963793623654833,1.0207836394730228
558,0.008891721291575625,0.009491793553490212,0.01936035401790204,1.0206654427837254
3060,0.008163389172129158,0.009392920703974688,0.01915920748265111,1.0206244001965166
2000,0.010075260985676135,0.009392920703974688,0.01915920748265111,1.0206244001965166
1093,0.010075260985676135,0.009294047854459166,0.01895806094740018,1.0205824924537512
2772,0.008557902403495994,0.008404192208819458,0.017147742130141808,1.0201614040797071
716,0.00852755523185239,0.008107573660272888,0.01654430252438902,1.0200007182637363
450,0.008770332605001215,0.008008700810757366,0.016343155989138086,1.019944539688554
397,0.014718378247147366,0.014929800276843978,0.030373126822890475,1.0197117032290175
2816,0.014627336732216558,0.014732054577812933,0.029970833752388615,1.0196464112345243
2621,0.008497208060208788,0.007514336563179751,0.015337423312883436,1.0196417246234475
1600,0.00785991745569313,0.007415463713664228,0.015136276777632506,1.0195763726987215
513,0.00798130614226754,0.007118845165117659,0.014532837171879715,1.0193695563126197
1408,0.015143238650157806,0.013842198932173226,0.02816051493513024,1.0193296355124153
2675,0.007950958970623938,0.0065256080680245205,0.013325957960374132,1.0189002604294446
2357,0.013443797038116047,0.01235910618944038,0.025143316906366286,1.0187009153680575
1262,0.007010196649672251,0.006130116669962428,0.012521371819370412,1.0185376400155788
2441,0.013352755523185239,0.011765869092347241,0.023936437694860705,1.0184053264048434
2338,0.012017479970866714,0.011666996242831719,0.023735291159609775,1.0183531576369396
1771,0.010469774217042972,0.010876013446707534,0.022126118877602335,1.0179018930414514
199,0.011501578052925468,0.010876013446707534,0.022126118877602335,1.0179018930414514
814,0.009741442097596503,0.01077714059719201,0.0219249723423514,1.0178408594034327
2354,0.012472687545520757,0.010480522048645443,0.021321532736598613,1.0176508978009855
986,0.011076717649915028,0.010282776349614395,0.02091923966609675,1.0175182120240134
2140,0.01635712551590192,0.015127545975875024,0.030725133259579603,1.01742367123531
2795,0.010166302500606943,0.009986157801067827,0.02031580006034396,1.0173094034301764
1073,0.017631706724933235,0.014633181728297409,0.02971940058332495,1.0171822339003775
2430,0.01131949502306385,0.00978841210203678,0.0199135069898421,1.0171632202238798
913,0.010621510075260986,0.009491793553490212,0.01931006738408931,1.0169326138057193
1677,0.010378732702112163,0.009491793553490212,0.01931006738408931,1.0169326138057193
1859,0.009923525127458121,0.009392920703974688,0.01910892084883838,1.0168525338907726
1613,0.009741442097596503,0.009392920703974688,0.01910892084883838,1.0168525338907726
1920,0.01034838553046856,0.009195175004943643,0.018706627778336517,1.0166872491421362
1347,0.009771789269240107,0.009195175004943643,0.018706627778336517,1.0166872491421362
900,0.01529497450837582,0.01364445323314218,0.02770793523081565,1.0166471107277597
1715,0.00819373634377276,0.009096302155428119,0.018505481243085587,1.0166019338020544
625,0.015143238650157806,0.013545580383626656,0.027506788695564718,1.0165893214141628
947,0.01465768390386016,0.013446707534111133,0.027305642160313788,1.0165306861652808
2851,0.01022699684389415,0.008997429305912597,0.018304334707834657,1.0165147587992398
2813,0.009711094925952901,0.008997429305912597,0.018304334707834657,1.0165147587992398
908,0.013322408351541637,0.01334783468459561,0.02710449562506286,1.0164711862695748
2937,0.007829570284049526,0.008503065058334982,0.017298602031580006,1.0160487380413963
2314,0.012138868657441126,0.012556851888471426,0.025495323343055414,1.0159616209076492
2548,0.008042000485554746,0.008404192208819458,0.017097455496329076,1.0159490125845263
781,0.008224083515416362,0.008008700810757366,0.016292869355325354,1.0155257141345964
894,0.009498664724447681,0.008008700810757366,0.016292869355325354,1.0155257141345964
1214,0.009741442097596503,0.008008700810757366,0.016292869355325354,1.0155257141345964
3004,0.011380189366351056,0.011568123393316195,0.023483857990546114,1.0152271941398574
1941,0.00916484583636805,0.01077714059719201,0.02187468570853867,1.0145431833747676
37,0.010955328963340616,0.010579394898160965,0.02147239263803681,1.0143562923694065
616,0.011683661082787084,0.010282776349614395,0.02086895303228402,1.0140625590297543
2094,0.012199563000728332,0.009986157801067827,0.02026551342653123,1.0137514839915305
745,0.014627336732216558,0.013248961835080087,0.026853062455999194,1.0137216577906913
4,0.00852755523185239,0.006624480917540043,0.01347681786181233,1.0136505687484112
2123,0.0182993445010925,0.016116274471030256,0.03263602534446344,1.0134367544617064
1886,0.010742898761835398,0.009689539252521258,0.019662073820778437,1.013421484780589
2310,0.00722262685117747,0.006327862368993475,0.01287337825605954,1.0131432610005568
692,0.014354212187424132,0.012556851888471426,0.025445036709242683,1.0131243979967215
1493,0.005644573925710124,0.006228989519477951,0.01267223172080861,1.012963548602994
683,0.010864287448409808,0.009294047854459166,0.018857487679774715,1.0129489373319205
1842,0.010955328963340616,0.012260233339924856,0.024841597103489894,1.0128478701720502
2721,0.009468317552804079,0.009195175004943643,0.018656341144523785,1.0128244916101699
1837,0.020423646516144697,0.018192604310856238,0.03680981595092025,1.0127440580370959
2805,0.010044913814032531,0.009096302155428119,0.018455194609272856,1.0126973588800803
2385,0.016630250060694345,0.014929800276843978,0.030222266921452277,1.0125517766296859
53,0.009680747754309299,0.008898556456397073,0.018052901538770996,1.0124346766064705
2454,0.014354212187424132,0.011666996242831719,0.02363471789198431,1.0122528110727034
2367,0.012594076232095169,0.01107375914573858,0.022427838680478727,1.0115942801881874
2956,0.008679291090070405,0.008305319359303936,0.01684602232726541,1.0115721343280761
955,0.008679291090070405,0.008206446509788412,0.01664487579201448,1.0114163441783013
1937,0.008922068463219229,0.008008700810757366,0.016242582721512622,1.0110933125829082
186,0.026159261956785626,0.021257662645837453,0.04294478527607362,1.011084701752034
275,0.012108521485797524,0.010282776349614395,0.020818666398471287,1.010598608914492
1709,0.006979849478028648,0.007514336563179751,0.01523685004525797,1.0102119603960737
1843,0.008102694828841952,0.007514336563179751,0.01523685004525797,1.0102119603960737
1030,0.005735615440640932,0.004943642475776152,0.010057326762546516,1.0099828416561543
89,0.009832483612527313,0.00978841210203678,0.019812933722216635,1.0098950110496765
434,0.010044913814032531,0.009689539252521258,0.019611787186965705,1.0097457198760056
983,0.011896091284292304,0.011765869092347241,0.023785577793422507,1.0093220043274924
2832,0.008011653313911144,0.007019972315602136,0.014231117369003319,1.009207561354355
512,0.012806506433600389,0.01137037769428515,0.02298099165241879,1.0087923124006188
936,0.008922068463219229,0.009096302155428119,0.018404907975460124,1.0087821877559222
2662,0.011380189366351056,0.009096302155428119,0.018404907975460124,1.0087821877559222
1218,0.010803593105122602,0.008997429305912597,0.01820376144020919,1.008609313802869
118,0.007344015537751882,0.006723353767055566,0.013627677763250528,1.0085346711860146
1831,0.010044913814032531,0.008898556456397073,0.01800261490495826,1.0084326194927755
1453,0.009559359067734887,0.008799683606881551,0.01780146836970733,1.0082519767697051
2132,0.012442340373877155,0.010579394898160965,0.021371819370411344,1.0076145349195227
1955,0.016873027433843165,0.016412893019576824,0.03308860504877804,1.0070950935990974
2757,0.009073804321437243,0.008206446509788412,0.01659458915820175,1.0070772596851287
1568,0.009680747754309299,0.008206446509788412,0.01659458915820175,1.0070772596851287
1485,0.015052197135226996,0.014336563179750841,0.028914814442321232,1.0070623725705468
1379,0.009984219470745327,0.012161360490409334,0.024539877300613498,1.0068760060466841
1959,0.010924981791697014,0.01206248764089381,0.024338730765362568,1.0067310212053393
204,0.01022699684389415,0.009986157801067827,0.020164940158905763,1.0066092132073634
1491,0.010742898761835398,0.009887284951552304,0.019963793623654833,1.0064299746997183
2199,0.006190823015294974,0.005932370970931382,0.012018505481243086,1.0064147314936842
1636,0.009620053411022093,0.00978841210203678,0.019762647088403903,1.0062471288868688
861,0.013018936635105609,0.01137037769428515,0.022930705018606053,1.0056456788467845
151,0.007192279679533868,0.007514336563179751,0.015186563411445237,1.0054738640022316
335,0.01195678562757951,0.01107375914573858,0.022327265412853264,1.0051390934214146
1892,0.01034838553046856,0.010974886296223058,0.022126118877602335,1.0049641601333463
280,0.00873998543335761,0.007316590864148704,0.014784270340943378,1.0049604091595497
2036,0.009953872299101723,0.01077714059719201,0.021723825807100472,1.0046046861584546
1609,0.010773245933479,0.010579394898160965,0.021321532736598613,1.0042318051071562
2918,0.011167759164845836,0.010282776349614395,0.02071809313084582,1.0036456572752417
1735,0.007192279679533868,0.006723353767055566,0.013577391129437795,1.00324015002044
998,0.00895241563486283,0.008404192208819458,0.016946595594890878,1.0032375352469647
740,0.011562272396212672,0.011666996242831719,0.023483857990546114,1.0030536513332917
93,0.010924981791697014,0.009986157801067827,0.02011465352509303,1.0030247743362248
2533,0.010591162903617383,0.009887284951552304,0.0199135069898421,1.0028095554505754
190,0.011167759164845836,0.009887284951552304,0.0199135069898421,1.0028095554505754
182,0.00937727603787327,0.008206446509788412,0.01654430252438902,1.0027250854776655
1103,0.010469774217042972,0.00978841210203678,0.01971236045459117,1.0025899995973635
902,0.009529011896091285,0.009689539252521258,0.01951121391934024,1.0023659743455333
148,0.008831026948288419,0.008008700810757366,0.016142009453887156,1.0021874460044615
1511,0.009437970381160475,0.009590666403005734,0.01931006738408931,1.002137341816692
2286,0.011167759164845836,0.009491793553490212,0.01910892084883838,1.0019039584021114
874,0.008102694828841952,0.009491793553490212,0.01910892084883838,1.0019039584021114
753,0.008284777858703568,0.009491793553490212,0.01910892084883838,1.0019039584021114
1624,0.010621510075260986,0.009392920703974688,0.01890777431358745,1.0016656744618997
3025,0.008891721291575625,0.00781095511172632,0.015739716383385297,1.0016227126710462
2591,0.009043457149793639,0.009294047854459166,0.018706627778336517,1.0014223340050183
2903,0.008648943918426803,0.007712082262210797,0.015538569848134365,1.0013295376089628
2738,0.010500121388686574,0.009195175004943643,0.018505481243085587,1.0011737743487128
1457,0.009650400582665695,0.010678267747676488,0.02147239263803681,1.0010608667144578
2948,0.0066156834183054136,0.006031243820446905,0.012169365382681284,1.0008089469816848
610,0.018177955814518088,0.018093731461340717,0.03630694961279292,1.000772404113984
1884,0.007313668366108279,0.007514336563179751,0.015136276777632506,1.0007201554735237
476,0.010530468560330178,0.008997429305912597,0.018103188172583728,1.0006603110480121
2988,0.012563729060451567,0.013446707534111133,0.027003922357437392,1.0005593933190744
2319,0.011228453508133042,0.010381649199129919,0.02086895303228402,1.00038909966605
1023,0.01034838553046856,0.010282776349614395,0.02066780649703309,1.0001565750029153
1086,0.007829570284049526,0.008700810757366027,0.017499748566830935,0.9998464779839491
2500,0.011683661082787084,0.011568123393316195,0.02323242482148245,0.9997636988587592
2017,0.010591162903617383,0.011469250543800673,0.02303127828623152,0.9995495850663983
883,0.015173585821801408,0.012853470437017995,0.02579704314593181,0.9994487140826769
2682,0.008466860888565186,0.008503065058334982,0.017097455496329076,0.999272469320298
1997,0.013716921582908473,0.012754597587502471,0.02559589661068088,0.9992535458040123
435,0.014414906530711338,0.014138817480719794,0.02836166147038117,0.9991905457782465
2412,0.009680747754309299,0.009689539252521258,0.019460927285527507,0.9986618971699806
2369,0.009923525127458121,0.009689539252521258,0.019460927285527507,0.9986618971699806
343,0.008982762806506433,0.008008700810757366,0.016091722820074424,0.9977138112871148
430,0.008800679776644817,0.008008700810757366,0.016091722820074424,0.9977138112871148
931,0.005159019179412479,0.003954913980620921,0.007995574776224479,0.9974622038122818
2304,0.009832483612527313,0.007909827961241843,0.015890576284823495,0.9973787718681646
1392,0.009104151493080845,0.007909827961241843,0.015890576284823495,0.9973787718681646
2289,0.011592619567856276,0.010480522048645443,0.021019812933722216,0.9971862436930892
1876,0.008770332605001215,0.00781095511172632,0.015689429749572565,0.9970352768896837
854,0.01229060451565914,0.009096302155428119,0.018254048074021926,0.9969725181218487
459,0.011440883709638262,0.010381649199129919,0.020818666398471287,0.9969251495507879
1599,0.010196649672250545,0.010183903500098873,0.020416373327969424,0.9963877510987712
2117,0.011471230881281864,0.01137037769428515,0.022779845117167855,0.9961643890615691
2942,0.010621510075260986,0.01008503065058335,0.020215226792718494,0.9961111485249489
1721,0.008648943918426803,0.008799683606881551,0.017650608468269133,0.9960425264386761
2202,0.011137411993202234,0.011172631995254104,0.022377552046665996,0.9956605220268128
398,0.006979849478028648,0.007316590864148704,0.014683697073317912,0.9951790103710306
1265,0.0118657441126487,0.010974886296223058,0.021975258976164137,0.9951384759897244
218,0.01453629521728575,0.01334783468459561,0.026702202554561,0.9949776688980956
1552,0.012260257344015538,0.009689539252521258,0.019410640651714776,0.9949482853999488
1012,0.012745812090313183,0.011963614791378287,0.023936437694860705,0.9945608310589429
234,0.008315125030347172,0.008305319359303936,0.01664487579201448,0.9943451339712982
2684,0.01368657441126487,0.012952343286533517,0.025897616413557277,0.9940705190849317
2725,0.01635712551590192,0.016412893019576824,0.03278688524590164,0.9939194762301682
116,0.01195678562757951,0.010480522048645443,0.020969526299909485,0.9937470662658657
720,0.011016023306627822,0.009294047854459166,0.018606054510711054,0.9936864487923996
250,0.011896091284292304,0.011568123393316195,0.023131851553856986,0.9935315916996366
1393,0.008770332605001215,0.009096302155428119,0.01820376144020919,0.9930143807594135
1139,0.01001456664238893,0.010183903500098873,0.020366086694156692,0.9928472943475166
2488,0.009437970381160475,0.010183903500098873,0.020366086694156692,0.9928472943475166
66,0.010773245933479,0.010183903500098873,0.020366086694156692,0.9928472943475166
1021,0.014384559359067736,0.013446707534111133,0.026853062455999194,0.992506950236755
421,0.013413449866472445,0.01107375914573858,0.022126118877602335,0.9921414191639584
1196,0.008163389172129158,0.007712082262210797,0.0154379965805089,0.9920214530830583
446,0.012108521485797524,0.010974886296223058,0.0219249723423514,0.9918483205189264
1532,0.010955328963340616,0.00978841210203678,0.01956150055315297,0.9915626571606254
1954,0.01056081573197378,0.011963614791378287,0.023886151061047974,0.99153940694913
2240,0.00819373634377276,0.008601937907850504,0.017198028763954543,0.9911990138830492
1726,0.008436513716921583,0.007514336563179751,0.01503570351000704,0.9911654880847632
1706,0.01605365379946589,0.013941071781688748,0.027808508498441114,0.9910519616784845
1389,0.010591162903617383,0.009590666403005734,0.01915920748265111,0.990880552718828
2595,0.030316824471959214,0.028771999209017202,0.05727647591270241,0.990788351067718
684,0.006281864530225783,0.006327862368993475,0.01267223172080861,0.9905996884151504
2047,0.014961155620296188,0.013743326082657702,0.027406215427939255,0.9905670379179862
782,0.00937727603787327,0.009491793553490212,0.01895806094740018,0.9905288277284314
1464,0.00937727603787327,0.008404192208819458,0.01679573569345268,0.9904130617014589
2329,0.011137411993202234,0.010480522048645443,0.02091923966609675,0.990299670739759
2765,0.007495751395969896,0.007316590864148704,0.01463341043950518,0.990263329023777
2936,0.009529011896091285,0.009392920703974688,0.018756914412149252,0.9901696875347268
324,0.012351298858946346,0.011469250543800673,0.022880418384793322,0.9901096544669483
2796,0.016448167030832725,0.014534308878781887,0.028965101076133964,0.9899333111553161
835,0.007920611798980334,0.0072177180146331815,0.014432263904254249,0.9897937421027727
2950,0.0064639475600873995,0.006130116669962428,0.012269938650306749,0.9895072595381706
2347,0.009832483612527313,0.009096302155428119,0.01815347480639646,0.9890453540806462
156,0.00743505705268269,0.006921099466086613,0.013828824298501458,0.9883046168053617
1862,0.011714008254430686,0.01077714059719201,0.02147239263803681,0.9878868495273041
1205,0.009346928866229667,0.008799683606881551,0.01755003520064367,0.9878451079860533
2299,0.01377761592619568,0.014633181728297409,0.029115960977572162,0.9876877199124265
1402,0.008648943918426803,0.008700810757366027,0.017348888665392737,0.9874268124574689
2920,0.018815246419033746,0.018390350009887285,0.03655838278185658,0.9873706072208926
3016,0.011046370478271426,0.011568123393316195,0.02303127828623152,0.9872724464460024
650,0.018056567127943676,0.018192604310856238,0.03615608971135472,0.9869628504190223
1846,0.014020393299344501,0.014336563179750841,0.02851252137181937,0.9869193054665053
454,0.01626608400097111,0.014336563179750841,0.02851252137181937,0.9869193054665053
367,0.009255887351298859,0.008503065058334982,0.016946595594890878,0.9865609919827365
749,0.008254430687059966,0.007514336563179751,0.014985416876194308,0.9863643196797746
1969,0.009650400582665695,0.009392920703974688,0.018706627778336517,0.9863172447683597
1752,0.009437970381160475,0.009392920703974688,0.018706627778336517,0.9863172447683597
2635,0.008709638261714009,0.008404192208819458,0.01674544905963995,0.986112778147699
1358,0.01917941247875698,0.016808384417638916,0.033390324851654433,0.9860055520638055
2125,0.009923525127458121,0.011172631995254104,0.022226692145227798,0.9859451185820717
235,0.011289147851420248,0.009294047854459166,0.018505481243085587,0.9859088592115949
2121,0.008133042000485554,0.006426735218508998,0.012823091622246806,0.9855178334553423
1879,0.007131585336246662,0.006426735218508998,0.012823091622246806,0.9855178334553423
99,0.007283321194464676,0.006327862368993475,0.012621945086995877,0.9849083203934536
2124,0.013170672493323623,0.011765869092347241,0.023383284722920648,0.9848164476622
429,0.018238650157805292,0.017203875815701007,0.03414462435884542,0.984782318252845
643,0.007768875940762321,0.008107573660272888,0.016142009453887156,0.9847024354453322
239,0.007131585336246662,0.007118845165117659,0.014180830735190586,0.9842399398057053
1169,0.010833940276766206,0.009689539252521258,0.019259780750276578,0.9837497484856339
642,0.009680747754309299,0.009590666403005734,0.019058634215025645,0.9833269328639997
1305,0.011137411993202234,0.013051216136049041,0.025897616413557277,0.9831831396765615
703,0.012685117747025977,0.012161360490409334,0.024137584230111635,0.9831268461698567
2424,0.015871570769604274,0.016511765869092348,0.032736598612088906,0.9830992496324763
1344,0.00840616654527798,0.007712082262210797,0.015337423312883436,0.9826529237891732
2274,0.01098567613498422,0.010183903500098873,0.020215226792718494,0.982173492753044
2761,0.011167759164845836,0.009294047854459166,0.018455194609272856,0.9820042842896209
1986,0.00819373634377276,0.01008503065058335,0.020014080257467565,0.9817554484392181
1335,0.010166302500606943,0.01008503065058335,0.020014080257467565,0.9817554484392181
2352,0.007010196649672251,0.007514336563179751,0.014935130242381574,0.9815471200224725
1793,0.016660597232337947,0.01572078307296816,0.031127426330081465,0.9809926618066835
697,0.012320951687302743,0.010678267747676488,0.021170672835160415,0.9807403385280994
2643,0.006099781500364166,0.0065256080680245205,0.012973951523685004,0.9805704832850931
390,0.009984219470745327,0.00978841210203678,0.019410640651714776,0.9804503767997113
1845,0.010166302500606943,0.008898556456397073,0.017650608468269133,0.9801029904636623
1067,0.010621510075260986,0.010480522048645443,0.020768379764658555,0.9799077804548114
1791,0.007738528769118718,0.006426735218508998,0.012772804988434075,0.9798930342697562
347,0.01043942704539937,0.011172631995254104,0.022126118877602335,0.9794316440074551
2507,0.010591162903617383,0.009491793553490212,0.018807201045961983,0.9790632949874297
2249,0.010105608157319737,0.010282776349614395,0.020366086694156692,0.979043000768405
2922,0.01110706482155863,0.01107375914573858,0.0219249723423514,0.9790255795495383
2014,0.011046370478271426,0.01107375914573858,0.0219249723423514,0.9790255795495383
2928,0.011896091284292304,0.010183903500098873,0.020164940158905763,0.9785979375097086
1758,0.009104151493080845,0.008601937907850504,0.017047168862516345,0.9785617675731525
1419,0.011774702597717892,0.010876013446707534,0.021522679271849542,0.9781911447998134
2042,0.010651857246904588,0.01008503065058335,0.019963793623654833,0.9781440918342529
1694,0.011016023306627822,0.01008503065058335,0.019963793623654833,0.9781440918342529
425,0.010166302500606943,0.009294047854459166,0.018404907975460124,0.9780891131654628
2580,0.008466860888565186,0.008503065058334982,0.01684602232726541,0.9780240220932669
2493,0.00916484583636805,0.009195175004943643,0.01820376144020919,0.9775862213060719
1973,0.007526098567613498,0.007613209412695274,0.015085990143819773,0.977337791397136
2703,0.009316581694586065,0.008305319359303936,0.016443729256763552,0.9769099401336228
2467,0.008831026948288419,0.008305319359303936,0.016443729256763552,0.9769099401336228
123,0.012594076232095169,0.01206248764089381,0.023835864427235242,0.976735569945381
2053,0.005432143724204904,0.005240261024322721,0.010409333199235643,0.9766889698390672
2227,0.012047827142510318,0.011271504844769626,0.02227697877904053,0.9765920789415916
2403,0.007890264627336732,0.006723353767055566,0.013325957960374132,0.9764721080896177
2160,0.015598446224811848,0.016511765869092348,0.03258573871065071,0.9764558597548749
531,0.008982762806506433,0.008206446509788412,0.016242582721512622,0.9763326692377081
1020,0.011440883709638262,0.009689539252521258,0.01915920748265111,0.9762354717472279
1088,0.01207817431415392,0.011172631995254104,0.0220758322437896,0.9761638457954434
494,0.007920611798980334,0.007415463713664228,0.014683697073317912,0.9760730723777796
2224,0.010530468560330178,0.010381649199129919,0.02051694659559489,0.9759649523324443
299,0.008133042000485554,0.008107573660272888,0.016041436186261693,0.9757412506123319
1390,0.010257344015537751,0.009590666403005734,0.01895806094740018,0.9757335557394041
502,0.007708181597475115,0.008008700810757366,0.01584028965101076,0.9751351576556968
731,0.011380189366351056,0.010876013446707534,0.02147239263803681,0.9748320435509026
2726,0.010196649672250545,0.01008503065058335,0.0199135069898421,0.97452367258511
589,0.008648943918426803,0.007909827961241843,0.01563914311575983,0.9745138373003708
1027,0.009468317552804079,0.008601937907850504,0.01699688222870361,0.9743246328264596
2940,0.010318038358824957,0.009294047854459166,0.01835462134164739,0.9741632881708184
979,0.011471230881281864,0.01137037769428515,0.022427838680478727,0.9737960112275251
400,0.011471230881281864,0.01137037769428515,0.022427838680478727,0.9737960112275251
2257,0.013109978150036417,0.01562191022345264,0.030775419893392338,0.9736822401715346
1161,0.009498664724447681,0.009195175004943643,0.01815347480639646,0.9736171946273046
549,0.013716921582908473,0.013446707534111133,0.026501056019310066,0.9735412658553946
1687,0.00937727603787327,0.008997429305912597,0.0177511817358946,0.9724887424676154
2025,0.010075260985676135,0.01107375914573858,0.02182439907472594,0.9724226724749402
896,0.011440883709638262,0.010974886296223058,0.02162325253947501,0.9719482415453731
1115,0.009104151493080845,0.010282776349614395,0.02026551342653123,0.9719359147147641
262,0.008011653313911144,0.008898556456397073,0.01755003520064367,0.9719055720110396
2353,0.008800679776644817,0.008898556456397073,0.01755003520064367,0.9719055720110396
987,0.009529011896091285,0.008206446509788412,0.01619229608769989,0.9718866080118223
1900,0.007040543821315854,0.00682222661657109,0.01347681786181233,0.9718373023000277
1403,0.007070890992959456,0.006130116669962428,0.01211907874886855,0.9718044323761071
1216,0.012533381888807963,0.010876013446707534,0.021422106004224076,0.9714651028768714
526,0.010742898761835398,0.010876013446707534,0.021422106004224076,0.9714651028768714
1163,0.008466860888565186,0.008107573660272888,0.015991149552448958,0.9712396982595123
1719,0.012806506433600389,0.011469250543800673,0.022578698581916926,0.9710424438701437
173,0.01638747268754552,0.015424164524421594,0.030322840189077743,0.970639217283286
3034,0.008163389172129158,0.008008700810757366,0.015790003017198028,0.9705767115026419
1438,0.006281864530225783,0.007316590864148704,0.014432263904254249,0.9704313801560323
2111,0.00873998543335761,0.007316590864148704,0.014432263904254249,0.9704313801560323
506,0.010409079873755766,0.009986157801067827,0.019662073820778437,0.9703576484673314
1476,0.010135955328963341,0.009986157801067827,0.019662073820778437,0.9703576484673314
1242,0.008163389172129158,0.007909827961241843,0.015588856481947098,0.9698970408089774
2594,0.013170672493323623,0.012556851888471426,0.024690737202051696,0.969882562526073
109,0.00980213644088371,0.009195175004943643,0.018103188172583728,0.969637218551215
1734,0.010682204418548192,0.010480522048645443,0.020617519863220357,0.9694404928230272
1180,0.006797766448167031,0.0065256080680245205,0.01287337825605954,0.9694294352968451
871,0.012108521485797524,0.011765869092347241,0.023131851553856986,0.9692863682139674
1018,0.007526098567613498,0.00781095511172632,0.015387709946696169,0.9692000483029496
1410,0.013322408351541637,0.01235910618944038,0.024288444131549833,0.9689971500925489
82,0.007374362709395484,0.007118845165117659,0.01402997083375239,0.9689185222301144
654,0.010894634620053412,0.010974886296223058,0.021572965905662274,0.9686047101366059
331,0.009620053411022093,0.010282776349614395,0.020215226792718494,0.9683691991739325
1905,0.010894634620053412,0.012161360490409334,0.023886151061047974,0.9680826082656983
1100,0.012958242291818403,0.011469250543800673,0.022528411948104194,0.9678399307914467
2051,0.008588249575139597,0.008898556456397073,0.017499748566830935,0.96778932965799
3052,0.00764748725418791,0.007613209412695274,0.014985416876194308,0.9677513794918584
1375,0.01110706482155863,0.013150088985564565,0.02579704314593181,0.9667853356856031
938,0.0086185967467832,0.009986157801067827,0.019611787186965705,0.9666818835627479
1312,0.011653313911143482,0.011864741941862765,0.02328271145529518,0.9666529533909436
1872,0.01432386501578053,0.013743326082657702,0.02695363572362466,0.9666318746896518
813,0.010287691187181355,0.009294047854459166,0.018254048074021926,0.9662794435313893
2308,0.009316581694586065,0.009887284951552304,0.019410640651714776,0.9660967120264069
2149,0.014718378247147366,0.013545580383626656,0.0265513426531228,0.9657744578850572
1099,0.01056081573197378,0.009195175004943643,0.018052901538770996,0.9656462324981986
381,0.009923525127458121,0.009195175004943643,0.018052901538770996,0.9656462324981986
1616,0.01174435542607429,0.011568123393316195,0.022679271849542392,0.9651490830479125
828,0.01262442340373877,0.011568123393316195,0.022679271849542392,0.9651490830479125
2092,0.011046370478271426,0.010282776349614395,0.020164940158905763,0.964793643930597
811,0.010044913814032531,0.009590666403005734,0.018807201045961983,0.9642680229984024
2332,0.012927895120174799,0.010183903500098873,0.019963793623654833,0.964206436062348
723,0.007829570284049526,0.007118845165117659,0.013979684199939656,0.9637750099125696
1966,0.009286234522942461,0.008305319359303936,0.016292869355325354,0.9636938605823931
2734,0.009741442097596503,0.008898556456397073,0.017449461933018204,0.9636613093872582
1979,0.008648943918426803,0.008898556456397073,0.017449461933018204,0.9636613093872582
1870,0.012411993202233552,0.011765869092347241,0.02303127828623152,0.9630272229603333
10,0.011076717649915028,0.011172631995254104,0.02187468570853867,0.96301812836437
2164,0.007101238164603059,0.007019972315602136,0.013778537664688726,0.9629120272277784
1551,0.007526098567613498,0.007019972315602136,0.013778537664688726,0.9629120272277784
2664,0.0086185967467832,0.008700810757366027,0.017047168862516345,0.9622620549127329
912,0.008284777858703568,0.008107573660272888,0.015890576284823495,0.962194235399602
3021,0.00852755523185239,0.008107573660272888,0.015890576284823495,0.962194235399602
2649,0.00819373634377276,0.007514336563179751,0.014733983707130645,0.9621158442040711
471,0.011137411993202234,0.010381649199129919,0.02031580006034396,0.9618203747897058
539,0.013413449866472445,0.01206248764089381,0.023584431258171577,0.9615006894479704
2878,0.009711094925952901,0.010282776349614395,0.02011465352509303,0.9612092050594585
655,0.007495751395969896,0.006228989519477951,0.012219652016494015,0.9609144221209293
153,0.012260257344015538,0.01137037769428515,0.022226692145227798,0.9608566247779123
1187,0.011622966739499878,0.010183903500098873,0.0199135069898421,0.960586016813205
283,0.010075260985676135,0.010183903500098873,0.0199135069898421,0.960586016813205
1591,0.010621510075260986,0.008997429305912597,0.017600321834456402,0.9602447518524196
2034,0.009893177955814517,0.008404192208819458,0.016443729256763552,0.9600383711630416
2819,0.008648943918426803,0.009491793553490212,0.018555767876898322,0.959749230407402
568,0.010833940276766206,0.011172631995254104,0.02182439907472594,0.9597128973184371
2237,0.009437970381160475,0.008898556456397073,0.017399175299205472,0.9595214436044271
3059,0.01056081573197378,0.010579394898160965,0.02066780649703309,0.9595189410248316
1482,0.012806506433600389,0.012260233339924856,0.023936437694860705,0.959517119082081
1772,0.010287691187181355,0.009392920703974688,0.01835462134164739,0.9590581989341599
569,0.014263170672493324,0.014336563179750841,0.027959368399879312,0.9587552051734293
2188,0.006979849478028648,0.007118845165117659,0.013929397566126923,0.9586130942566687
2013,0.00785991745569313,0.007118845165117659,0.013929397566126923,0.9586130942566687
1989,0.01207817431415392,0.01206248764089381,0.023534144624358846,0.9584343121032092
2984,0.012260257344015538,0.013150088985564565,0.025646183244493612,0.9583565264894693
1739,0.008497208060208788,0.007613209412695274,0.014884843608568843,0.9581008415084622
504,0.006858460791454237,0.007019972315602136,0.013728251030875993,0.9576751621632906
2939,0.009225540179655257,0.008107573660272888,0.01584028965101076,0.9576501470965677
2944,0.00916484583636805,0.008107573660272888,0.01584028965101076,0.9576501470965677
1234,0.008831026948288419,0.009195175004943643,0.01795232827114553,0.9576309856166219
2213,0.011380189366351056,0.01137037769428515,0.022176405511415066,0.957603563364039
1742,0.013929351784413693,0.014633181728297409,0.02851252137181937,0.9575776118055198
1707,0.011501578052925468,0.011864741941862765,0.023131851553856986,0.9573148591351937
1823,0.009650400582665695,0.009689539252521258,0.01890777431358745,0.957276746012611
2209,0.009862830784170915,0.008601937907850504,0.01679573569345268,0.9572505435824267
659,0.011349842194707454,0.011271504844769626,0.021975258976164137,0.9570071774767328
1042,0.00840616654527798,0.009096302155428119,0.0177511817358946,0.95689380942416
525,0.007313668366108279,0.006921099466086613,0.013527104495625063,0.9567101774918089
948,0.007920611798980334,0.006921099466086613,0.013527104495625063,0.9567101774918089
800,0.01229060451565914,0.01334783468459561,0.02599818968118274,0.9565758421155802
2339,0.012381646030589949,0.01334783468459561,0.02599818968118274,0.9565758421155802
1354,0.008922068463219229,0.010579394898160965,0.020617519863220357,0.9560214001291979
2063,0.007495751395969896,0.00682222661657109,0.013325957960374132,0.9557169524830755
2522,0.00895241563486283,0.008404192208819458,0.01639344262295082,0.9556464496319335
2560,0.01034838553046856,0.009986157801067827,0.019460927285527507,0.955598060856723
2927,0.021060937120660355,0.02056555269922879,0.039977873881122394,0.955578026996089
1994,0.013109978150036417,0.011568123393316195,0.022528411948104194,0.9555627921710509
508,0.011440883709638262,0.011568123393316195,0.022528411948104194,0.9555627921710509
2655,0.012229910172371935,0.01206248764089381,0.023483857990546114,0.9553614034397729
2088,0.01001456664238893,0.009392920703974688,0.018304334707834657,0.9551216619286662
679,0.013625880067977665,0.012952343286533517,0.02519360354017902,0.9544637531366047
469,0.01098567613498422,0.00978841210203678,0.019058634215025645,0.9541839432921622
990,0.008466860888565186,0.007712082262210797,0.01503570351000704,0.954176687250489
321,0.01250303471716436,0.012853470437017995,0.024992457004928092,0.9539150733460336
1632,0.010409079873755766,0.011271504844769626,0.0219249723423514,0.9537170220059347
1097,0.014232823500849721,0.013842198932173226,0.02690334908981193,0.9536802308355632
1456,0.009953872299101723,0.009195175004943643,0.017902041637332798,0.9536066010856007
1588,0.008922068463219229,0.009689539252521258,0.018857487679774715,0.9534549196459732
1261,0.00840616654527798,0.008107573660272888,0.015790003017198028,0.9530917009435128
2433,0.012138868657441126,0.012161360490409334,0.02363471789198431,0.9528798363642678
500,0.013990046127700898,0.01265572473798695,0.02459016393442623,0.9527915451068556
2583,0.010166302500606943,0.01008503065058335,0.019611787186965705,0.9526082636369979
1967,0.014596989560572954,0.014534308878781887,0.028210801568942977,0.9519979826058907
1277,0.010682204418548192,0.009491793553490212,0.018455194609272856,0.9519506195643012
2066,0.018845593590677348,0.018983587106980424,0.03680981595092025,0.9516721660871326
1055,0.014020393299344501,0.012952343286533517,0.025143316906366286,0.9515926521463809
924,0.014566642388929352,0.014435436029266363,0.028009655033692044,0.9514913992178776
1496,0.008163389172129158,0.006921099466086613,0.01347681786181233,0.9513765084051596
2848,0.010166302500606943,0.008898556456397073,0.017298602031580006,0.9512059022002133
1126,0.009862830784170915,0.009392920703974688,0.018254048074021926,0.9511743542947307
1957,0.009316581694586065,0.010381649199129919,0.020164940158905763,0.951120184566893
1089,0.012411993202233552,0.010876013446707534,0.021120386201347683,0.9510967588138839
937,0.013231366836610827,0.01235910618944038,0.02398672432867344,0.9510376339746303
83,0.012594076232095169,0.011271504844769626,0.02187468570853867,0.9504193459772694
1944,0.008861374119932023,0.009294047854459166,0.018052901538770996,0.9503813173610807
1996,0.005948045642146152,0.005339133873838244,0.010409333199235643,0.9502222949370223
2003,0.010803593105122602,0.012161360490409334,0.023584431258171577,0.9498199626330535
889,0.011258800679776644,0.011666996242831719,0.02262898521572966,0.949787182284752
1947,0.010955328963340616,0.011172631995254104,0.02167353917328774,0.9497515259091186
2685,0.009984219470745327,0.010678267747676488,0.02071809313084582,0.9497125976422092
1076,0.009893177955814517,0.010183903500098873,0.019762647088403903,0.9496699254761939
2405,0.008922068463219229,0.008700810757366027,0.016896308961078146,0.9495131340718078
2588,0.008770332605001215,0.008700810757366027,0.016896308961078146,0.9495131340718078
2906,0.009437970381160475,0.008700810757366027,0.016896308961078146,0.9495131340718078
648,0.013504491381403253,0.015028673126359502,0.029115960977572162,0.9494712832338368
572,0.010682204418548192,0.011568123393316195,0.022427838680478727,0.9491363598455359
64,0.011016023306627822,0.01107375914573858,0.02147239263803681,0.9490715696734094
806,0.009043457149793639,0.009096302155428119,0.017650608468269133,0.9487427058087321
1197,0.009286234522942461,0.008107573660272888,0.015739716383385297,0.9485188059204381
1570,0.006949502306385045,0.007613209412695274,0.014784270340943378,0.9483853137531848
1688,0.0118657441126487,0.010974886296223058,0.02127124610278588,0.9483791433365579
652,0.01711580480699199,0.017203875815701007,0.03328975158402896,0.9483101432574628
304,0.007738528769118718,0.007118845165117659,0.013828824298501458,0.9482335228358965
2423,0.011471230881281864,0.009986157801067827,0.01936035401790204,0.9481612535098405
405,0.014475600873998544,0.015226418825390548,0.02946796741426129,0.9480144360146712
1903,0.008891721291575625,0.008997429305912597,0.017449461933018204,0.9478959577757834
2838,0.009134498664724447,0.008008700810757366,0.015538569848134365,0.9475658966637616
757,0.007950958970623938,0.008008700810757366,0.015538569848134365,0.9475658966637616
1355,0.00916484583636805,0.010381649199129919,0.02011465352509303,0.9475357456957545
333,0.010044913814032531,0.009887284951552304,0.01915920748265111,0.9473838983736859
1454,0.011016023306627822,0.011765869092347241,0.022779845117167855,0.9472595141939109
47,0.006919155134741442,0.007019972315602136,0.013627677763250528,0.9471440565117396
933,0.011562272396212672,0.011271504844769626,0.02182439907472594,0.9471141149313366
1526,0.014172129157562515,0.01265572473798695,0.024489590666800766,0.9469028487416924
1444,0.013838310269482883,0.01265572473798695,0.024489590666800766,0.9469028487416924
2077,0.009650400582665695,0.010282776349614395,0.0199135069898421,0.9467817232340935
2998,0.010318038358824957,0.011172631995254104,0.02162325253947501,0.946415725419482
571,0.009529011896091285,0.008799683606881551,0.017047168862516345,0.9461444425617876
884,0.009043457149793639,0.010183903500098873,0.01971236045459117,0.946012796186689
2992,0.01131949502306385,0.01107375914573858,0.021422106004224076,0.9457046289993782
129,0.012138868657441126,0.01107375914573858,0.021422106004224076,0.9457046289993782
2965,0.009468317552804079,0.009195175004943643,0.01780146836970733,0.9455239966864195
1800,0.009680747754309299,0.010579394898160965,0.02046665996178216,0.9454776130734959
635,0.006949502306385045,0.005932370970931382,0.01151563914311576,0.9452714822657545
641,0.007890264627336732,0.008700810757366027,0.01684602232726541,0.9452383345780431
1922,0.009104151493080845,0.009590666403005734,0.018555767876898322,0.9449539584183747
1231,0.008345472201990774,0.009096302155428119,0.017600321834456402,0.9446498188089644
2519,0.014718378247147366,0.015028673126359502,0.029015387709946695,0.944496370035574
2892,0.010894634620053412,0.010381649199129919,0.020064366891280296,0.9439423789432942
2704,0.009923525127458121,0.008997429305912597,0.017399175299205472,0.9437560919929523
1348,0.0067370721048798255,0.006723353767055566,0.013024238157497738,0.9436807568598654
751,0.008982762806506433,0.009392920703974688,0.01815347480639646,0.9432471902535282
762,0.006979849478028648,0.006228989519477951,0.012068792115055817,0.9431388881703091
455,0.009711094925952901,0.008404192208819458,0.016242582721512622,0.9423898900601239
1760,0.009407623209516873,0.008404192208819458,0.016242582721512622,0.9423898900601239
2980,0.01368657441126487,0.012853470437017995,0.02479131046967716,0.9423035166313272
1428,0.014809419762078174,0.013743326082657702,0.026501056019310066,0.9422929041394139
242,0.010318038358824957,0.010579394898160965,0.020416373327969424,0.9419458235415759
1765,0.011046370478271426,0.009689539252521258,0.018706627778336517,0.9419283163190711
1512,0.010044913814032531,0.008799683606881551,0.01699688222870361,0.9419073078150949
2048,0.007829570284049526,0.007909827961241843,0.015287136679070702,0.9418816309961985
1204,0.011683661082787084,0.010974886296223058,0.021170672835160415,0.9415737824564393
1751,0.01056081573197378,0.01008503065058335,0.019460927285527507,0.9415244409309731
1655,0.008375819373634377,0.008700810757366027,0.01679573569345268,0.9409508309220072
1923,0.007040543821315854,0.007316590864148704,0.014130544101377854,0.9401627338862504
12,0.008557902403495994,0.008601937907850504,0.01659458915820175,0.9399719623885121
1940,0.0067370721048798255,0.006426735218508998,0.012420798551744947,0.9398931601715577
2223,0.011835396941005098,0.011172631995254104,0.021522679271849542,0.9397208957658171
576,0.011228453508133042,0.011568123393316195,0.02227697877904053,0.9394427161425436
738,0.00688880796309784,0.00682222661657109,0.013175098058935936,0.9394144401441988
1718,0.011410536537994658,0.009392920703974688,0.018103188172583728,0.9392672141774386
617,0.010833940276766206,0.01235910618944038,0.023785577793422507,0.9389392023084634
67,0.011896091284292304,0.011864741941862765,0.02283013175098059,0.9384553634647625
2610,0.009893177955814517,0.010974886296223058,0.021120386201347683,0.9381590259057788
1650,0.012381646030589949,0.01265572473798695,0.024338730765362568,0.9380244897769195
570,0.011258800679776644,0.01137037769428515,0.02187468570853867,0.9379296345602106
1113,0.011076717649915028,0.010480522048645443,0.020164940158905763,0.9375751026463425
377,0.009134498664724447,0.009195175004943643,0.017700895102081865,0.9373958547852504
2874,0.011046370478271426,0.010876013446707534,0.02091923966609675,0.9373563292274258
312,0.010135955328963341,0.010381649199129919,0.019963793623654833,0.9367286831195323
542,0.012351298858946346,0.01077714059719201,0.02071809313084582,0.9365385804550554
3023,0.01001456664238893,0.009096302155428119,0.017499748566830935,0.9364290450030598
2798,0.008163389172129158,0.007415463713664228,0.014281404002816052,0.9362704994684522
1572,0.008770332605001215,0.009491793553490212,0.018254048074021926,0.9362257788060695
915,0.011926438455935906,0.011963614791378287,0.02298099165241879,0.9360429421870602
447,0.014081087642631707,0.013150088985564565,0.025243890173991753,0.9356359400968828
2171,0.008922068463219229,0.008997429305912597,0.017298602031580006,0.9354405505887384
1322,0.011258800679776644,0.011469250543800673,0.022025545609976868,0.9354176224351873
1948,0.012958242291818403,0.012260233339924856,0.023534144624358846,0.9351666719948623
2246,0.01098567613498422,0.012260233339924856,0.023534144624358846,0.9351666719948623
2577,0.00937727603787327,0.010183903500098873,0.01956150055315297,0.9349854537499507
930,0.011440883709638262,0.010183903500098873,0.01956150055315297,0.9349854537499507
950,0.01043942704539937,0.010579394898160965,0.02031580006034396,0.9348562001753262
2414,0.010773245933479,0.010579394898160965,0.02031580006034396,0.9348562001753262
297,0.008315125030347172,0.008898556456397073,0.017097455496329076,0.9344296334791152
2789,0.012199563000728332,0.010876013446707534,0.02086895303228402,0.9339006762331665
1692,0.012108521485797524,0.01206248764089381,0.023131851553856986,0.9336658009995523
764,0.008770332605001215,0.008008700810757366,0.015387709946696169,0.9335811521114707
750,0.008800679776644817,0.008404192208819458,0.016142009453887156,0.9334840234816769
2904,0.0118657441126487,0.013248961835080087,0.02539475007542995,0.933472649186656
6,0.013959698956057295,0.014830927427328456,0.028411948104193906,0.9332628355047485
2573,0.009559359067734887,0.009986157801067827,0.01915920748265111,0.9331716354339704
789,0.01131949502306385,0.011568123393316195,0.022176405511415066,0.9329439119820497
206,0.01411143481427531,0.01235910618944038,0.023685004525797044,0.9328517260214565
2858,0.011622966739499878,0.013150088985564565,0.02519360354017902,0.9327705415255021
2248,0.006221170186938577,0.005932370970931382,0.011415065875490295,0.9327256070997741
580,0.006797766448167031,0.007118845165117659,0.01367796439706326,0.9325227896350816
2724,0.007920611798980334,0.007118845165117659,0.01367796439706326,0.9325227896350816
503,0.00937727603787327,0.008700810757366027,0.016695162425827217,0.9323374075020445
2823,0.009346928866229667,0.009096302155428119,0.017449461933018204,0.9323010247323281
1082,0.01043942704539937,0.010282776349614395,0.01971236045459117,0.9322085026075774
2787,0.010378732702112163,0.010282776349614395,0.01971236045459117,0.9322085026075774
389,0.012442340373877155,0.011864741941862765,0.022729558483355124,0.9321136776998357
1981,0.011440883709638262,0.012260233339924856,0.023483857990546114,0.932093763331426
2379,0.011410536537994658,0.012260233339924856,0.023483857990546114,0.932093763331426
2722,0.0118657441126487,0.01265572473798695,0.0242381574977371,0.9320750836036246
1177,0.012108521485797524,0.01265572473798695,0.0242381574977371,0.9320750836036246
1968,0.012594076232095169,0.013051216136049041,0.024992457004928092,0.9320575271516922
2895,0.011926438455935906,0.012952343286533517,0.02479131046967716,0.931333349845356
1705,0.01110706482155863,0.011765869092347241,0.022528411948104194,0.9313175686853817
2131,0.0118657441126487,0.01137037769428515,0.021774112440913207,0.9313115827542922
1543,0.00937727603787327,0.010579394898160965,0.02026551342653123,0.9312982807366803
263,0.010075260985676135,0.010183903500098873,0.01951121391934024,0.931290862334621
2879,0.00958970623937849,0.00978841210203678,0.018756914412149252,0.9312828504852007
1420,0.009255887351298859,0.00978841210203678,0.018756914412149252,0.9312828504852007
3027,0.011562272396212672,0.010876013446707534,0.020818666398471287,0.9304367261179042
1373,0.011016023306627822,0.010480522048645443,0.020064366891280296,0.930397297022744
712,0.009407623209516873,0.009294047854459166,0.01780146836970733,0.9302590815493016
803,0.010378732702112163,0.009294047854459166,0.01780146836970733,0.9302590815493016
1975,0.009680747754309299,0.009294047854459166,0.01780146836970733,0.9302590815493016
2737,0.009559359067734887,0.008898556456397073,0.017047168862516345,0.9302049065867739
878,0.008163389172129158,0.007712082262210797,0.014784270340943378,0.9300094531068265
870,0.01465768390386016,0.013150088985564565,0.025143316906366286,0.9298994405352784
1618,0.011137411993202234,0.009195175004943643,0.017600321834456402,0.9292216593556227
553,0.00873998543335761,0.009195175004943643,0.017600321834456402,0.9292216593556227
2267,0.009225540179655257,0.008799683606881551,0.01684602232726541,0.9291207222270979
2865,0.009043457149793639,0.010678267747676488,0.020416373327969424,0.9286503978866268
2829,0.009073804321437243,0.009887284951552304,0.01890777431358745,0.928425172639069
122,0.01571983491138626,0.01562191022345264,0.029819973850950417,0.9283323976230522
2265,0.013565185724690459,0.012556851888471426,0.02398672432867344,0.9283195968157157
69,0.008982762806506433,0.009096302155428119,0.017399175299205472,0.928161158949497
197,0.008254430687059966,0.008305319359303936,0.015890576284823495,0.9278473924065279
2065,0.0066763777615926195,0.007514336563179751,0.014381977270441517,0.927468346270444
2872,0.010924981791697014,0.00978841210203678,0.018706627778336517,0.9274304077188336
1245,0.009893177955814517,0.00978841210203678,0.018706627778336517,0.9274304077188336
1984,0.012685117747025977,0.011271504844769626,0.021522679271849542,0.9271221133787166
2574,0.00937727603787327,0.008997429305912597,0.017198028763954543,0.9270768012851957
245,0.008679291090070405,0.00781095511172632,0.014935130242381574,0.9264135744344756
1596,0.013534838553046855,0.012260233339924856,0.023383284722920648,0.9259282403394377
1797,0.010591162903617383,0.010381649199129919,0.019812933722216635,0.9258400546961862
3068,0.01119810633648944,0.011864741941862765,0.02262898521572966,0.9257439925268749
2600,0.010166302500606943,0.009986157801067827,0.019058634215025645,0.9256180155791421
3055,0.013201019664967225,0.014435436029266363,0.027506788695564718,0.92544872945469
2909,0.011289147851420248,0.01107375914573858,0.021120386201347683,0.9253362849363908
621,0.013383102694828841,0.011765869092347241,0.022427838680478727,0.9248911363598666
2161,0.010318038358824957,0.009887284951552304,0.018857487679774715,0.9246033462724312
212,0.009862830784170915,0.009887284951552304,0.018857487679774715,0.9246033462724312
52,0.006767419276523428,0.006921099466086613,0.013225384692748667,0.9244083114390996
2916,0.008315125030347172,0.008008700810757366,0.015287136679070702,0.9241821050867649
634,0.011258800679776644,0.010579394898160965,0.020164940158905763,0.9241560099525132
2711,0.01098567613498422,0.011666996242831719,0.022226692145227798,0.9240234305893575
2629,0.008982762806506433,0.009096302155428119,0.017348888665392737,0.9240093794765796
385,0.009195193008011653,0.009096302155428119,0.017348888665392737,0.9240093794765796
1273,0.008375819373634377,0.008305319359303936,0.01584028965101076,0.9233033041034936
2983,0.008588249575139597,0.008305319359303936,0.01584028965101076,0.9233033041034936
1854,0.00764748725418791,0.008997429305912597,0.017147742130141808,0.9228766733628212
1038,0.009832483612527313,0.01008503065058335,0.019209494116463843,0.9228600461354436
2336,0.010894634620053412,0.011172631995254104,0.02127124610278588,0.9228466272106667
2383,0.00798130614226754,0.008601937907850504,0.01639344262295082,0.922483931512901
2896,0.012563729060451567,0.012556851888471426,0.023886151061047974,0.9222830631170869
1104,0.010469774217042972,0.010381649199129919,0.019762647088403903,0.9221921725333783
322,0.011471230881281864,0.010381649199129919,0.019762647088403903,0.9221921725333783
991,0.008861374119932023,0.008206446509788412,0.01563914311575983,0.9220536680457372
2837,0.008375819373634377,0.008206446509788412,0.01563914311575983,0.9220536680457372
876,0.008315125030347172,0.008206446509788412,0.01563914311575983,0.9220536680457372
1518,0.012108521485797524,0.012161360490409334,0.023131851553856986,0.9219850741846353
2192,0.015810876426317066,0.015028673126359502,0.028562808005632104,0.9218944925833107
2783,0.008072347657198348,0.010678267747676488,0.02031580006034396,0.9215607745203772
728,0.00980213644088371,0.009195175004943643,0.017499748566830935,0.9210008855497182
754,0.008224083515416362,0.009195175004943643,0.017499748566830935,0.9210008855497182
1971,0.009984219470745327,0.010974886296223058,0.02086895303228402,0.9209629433250613
1443,0.014627336732216558,0.012754597587502471,0.0242381574977371,0.9209355066350225
56,0.00980213644088371,0.009887284951552304,0.018807201045961983,0.9207713686532604
2156,0.009529011896091285,0.009887284951552304,0.018807201045961983,0.9207713686532604
1898,0.010833940276766206,0.010579394898160965,0.02011465352509303,0.9205715710813748
1494,0.00688880796309784,0.007712082262210797,0.014683697073317912,0.9202280543183073
2536,0.006312211701869385,0.005932370970931382,0.01131449260786483,0.920069673488949
1302,0.01905802379218257,0.018983587106980424,0.03600522980991652,0.9198754477392364
2900,0.009286234522942461,0.009096302155428119,0.017298602031580006,0.9198456175452832
2011,0.00764748725418791,0.007316590864148704,0.013929397566126923,0.9196249696507448
388,0.012108521485797524,0.011172631995254104,0.021220959468973146,0.9194479594770748
2859,0.011471230881281864,0.011864741941862765,0.022528411948104194,0.9193460596066081
2945,0.006190823015294974,0.00553687957286929,0.010560193100673841,0.9192649206034578
747,0.008709638261714009,0.008997429305912597,0.017097455496329076,0.9186642818676404
2363,0.010894634620053412,0.011765869092347241,0.022327265412853264,0.9184359495930939
834,0.00798130614226754,0.007909827961241843,0.01503570351000704,0.918112572214721
1567,0.012169215829084729,0.01235910618944038,0.02343357135673338,0.9175197007705076
1907,0.010196649672250545,0.011666996242831719,0.022126118877602335,0.9175099560147411
2291,0.01714615197863559,0.015424164524421594,0.029216534245197625,0.9171989324656443
700,0.012988589463462005,0.011963614791378287,0.022679271849542392,0.917059364216343
714,0.007374362709395484,0.00781095511172632,0.01483455697475611,0.9167306506137797
2397,0.012320951687302743,0.013248961835080087,0.025093030272553555,0.9162971168751637
2106,0.01368657441126487,0.014237690330235317,0.02695363572362466,0.9160098522126464
1857,0.0049162418062636565,0.004350405378683014,0.008297294579100875,0.9159878442850592
240,0.012594076232095169,0.012853470437017995,0.024338730765362568,0.91583068996502
1288,0.011016023306627822,0.012161360490409334,0.02303127828623152,0.9157259289310012
1978,0.012685117747025977,0.012457979038955902,0.023584431258171577,0.9153347190702338
521,0.011380189366351056,0.01107375914573858,0.020969526299909485,0.9150432508760394
175,0.009953872299101723,0.009689539252521258,0.01835462134164739,0.9146692704848712
1932,0.013140325321680019,0.01137037769428515,0.021522679271849542,0.9146324019616578
807,0.00688880796309784,0.007316590864148704,0.013879110932314191,0.9144445184902349
1134,0.009498664724447681,0.008997429305912597,0.017047168862516345,0.9144395549752989
2607,0.00937727603787327,0.008997429305912597,0.017047168862516345,0.9144395549752989
1902,0.00958970623937849,0.010678267747676488,0.020215226792718494,0.9144361395408996
1032,0.008861374119932023,0.009294047854459166,0.017600321834456402,0.9139567442185049
1194,0.011016023306627822,0.011271504844769626,0.021321532736598613,0.9136385248675556
1982,0.01022699684389415,0.011271504844769626,0.021321532736598613,0.9136385248675556
1813,0.01229060451565914,0.012260233339924856,0.023182138187669718,0.9135175796249002
1657,0.010196649672250545,0.009590666403005734,0.01815347480639646,0.9135033427758398
433,0.007799223112405924,0.008898556456397073,0.01684602232726541,0.913181186252084
2039,0.01034838553046856,0.009887284951552304,0.018706627778336517,0.9130767429455291
1757,0.008011653313911144,0.0072177180146331815,0.01367796439706326,0.9128970269758978
256,0.009437970381160475,0.009195175004943643,0.017399175299205472,0.9127329994961554
985,0.009923525127458121,0.010183903500098873,0.019259780750276578,0.9126746364747216
1976,0.009559359067734887,0.010183903500098873,0.019259780750276578,0.9126746364747216
2793,0.010864287448409808,0.010183903500098873,0.019259780750276578,0.9126746364747216
1260,0.010530468560330178,0.009491793553490212,0.01795232827114553,0.9123124057541844
5,0.01153192522456907,0.012457979038955902,0.023534144624358846,0.9122683417254726
1396,0.011137411993202234,0.011765869092347241,0.022226692145227798,0.9119517499102542
2553,0.01229060451565914,0.01077714059719201,0.020366086694156692,0.9119359239482185
1608,0.010044913814032531,0.01077714059719201,0.020366086694156692,0.9119359239482185
1162,0.0086185967467832,0.00978841210203678,0.018505481243085587,0.9119169329254102
918,0.010833940276766206,0.00978841210203678,0.018505481243085587,0.9119169329254102
2024,0.009529011896091285,0.00978841210203678,0.018505481243085587,0.9119169329254102
951,0.01022699684389415,0.00978841210203678,0.018505481243085587,0.9119169329254102
323,0.008011653313911144,0.00781095511172632,0.014784270340943378,0.911864708353104
2128,0.01119810633648944,0.01137037769428515,0.02147239263803681,0.9112733007127471
350,0.00625151735858218,0.006130116669962428,0.011616212410741225,0.9111751684789812
2081,0.010287691187181355,0.010678267747676488,0.020164940158905763,0.9108605842975643
1338,0.00980213644088371,0.010678267747676488,0.020164940158905763,0.9108605842975643
2026,0.011016023306627822,0.010678267747676488,0.020164940158905763,0.9108605842975643
2727,0.013322408351541637,0.012952343286533517,0.02443930403298803,0.9107854958320023
2592,0.010924981791697014,0.010974886296223058,0.02071809313084582,0.910546041570549
1819,0.011926438455935906,0.010974886296223058,0.02071809313084582,0.910546041570549
2075,0.010894634620053412,0.009986157801067827,0.018857487679774715,0.9103910833327158
529,0.008011653313911144,0.007712082262210797,0.014583123805692447,0.9103798851878989
1372,0.007283321194464676,0.007712082262210797,0.014583123805692447,0.9103798851878989
2994,0.010196649672250545,0.010282776349614395,0.019410640651714776,0.9100688798099249
3002,0.008284777858703568,0.008008700810757366,0.015136276777632506,0.9099677136940478
2263,0.01271546491866958,0.011568123393316195,0.02182439907472594,0.9099647521322887
2646,0.01195678562757951,0.013150088985564565,0.02479131046967716,0.9096401382342535
1119,0.00895241563486283,0.008601937907850504,0.016242582721512622,0.9092273719410915
2168,0.00819373634377276,0.007613209412695274,0.014381977270441517,0.908855406082528
1627,0.015537751881524642,0.014633181728297409,0.027557075329377453,0.9085795793676948
885,0.01195678562757951,0.01206248764089381,0.022729558483355124,0.9084646195641941
1304,0.010500121388686574,0.01077714059719201,0.02031580006034396,0.9083867573332236
2044,0.012199563000728332,0.01077714059719201,0.02031580006034396,0.9083867573332236
686,0.009923525127458121,0.01107375914573858,0.02086895303228402,0.9081402023556734
26,0.009620053411022093,0.01008503065058335,0.019008347581212913,0.9077527028895799
1899,0.00819373634377276,0.008799683606881551,0.01659458915820175,0.9075546373771473
2006,0.006160475843651371,0.005932370970931382,0.011213919340239364,0.9073017333601266
2876,0.008163389172129158,0.007514336563179751,0.014180830735190586,0.9072896599813323
2543,0.009650400582665695,0.009096302155428119,0.017147742130141808,0.907281740319366
2779,0.008042000485554746,0.00781095511172632,0.014733983707130645,0.9069822986160744
1233,0.008588249575139597,0.00781095511172632,0.014733983707130645,0.9069822986160744
24,0.007040543821315854,0.006228989519477951,0.011767072312179423,0.9069169723361263
2661,0.007829570284049526,0.008107573660272888,0.015287136679070702,0.906697094527636
631,0.010773245933479,0.011568123393316195,0.021774112440913207,0.9066519313723029
202,0.01681233309055596,0.015325291674906072,0.028814241174695766,0.906482471159383
2520,0.01520393299344501,0.013743326082657702,0.025847329779744545,0.906395464150952
2780,0.010469774217042972,0.010282776349614395,0.01936035401790204,0.9063456842330739
1744,0.011349842194707454,0.012754597587502471,0.02398672432867344,0.9059537603822224
2432,0.008891721291575625,0.010183903500098873,0.01915920748265111,0.9051603597363157
68,0.009953872299101723,0.010480522048645443,0.01971236045459117,0.9049899613233228
2485,0.009832483612527313,0.01107375914573858,0.020818666398471287,0.904676252240411
1077,0.01271546491866958,0.013545580383626656,0.025445036709242683,0.9046092512909444
201,0.010500121388686574,0.00978841210203678,0.018404907975460124,0.9040971868792781
289,0.014050740470988103,0.012853470437017995,0.024137584230111635,0.9039072417444546
771,0.007495751395969896,0.007613209412695274,0.014331690636628784,0.9038371323300386
2348,0.009529011896091285,0.010678267747676488,0.020064366891280296,0.9036827786739657
548,0.007920611798980334,0.007909827961241843,0.014884843608568843,0.9036608658263361
394,0.008315125030347172,0.007909827961241843,0.014884843608568843,0.9036608658263361
647,0.011683661082787084,0.010974886296223058,0.020617519863220357,0.9035594184025889
1479,0.012563729060451567,0.010974886296223058,0.020617519863220357,0.9035594184025889
1796,0.011258800679776644,0.011568123393316195,0.021723825807100472,0.9033314859619086
1728,0.010409079873755766,0.009392920703974688,0.017650608468269133,0.9029445419816141
1152,0.014688031075503764,0.01334783468459561,0.025042743638740823,0.9027681942011341
1566,0.021758922068463218,0.02155428119438402,0.04038016695162426,0.9025629566377396
14,0.00764748725418791,0.0072177180146331815,0.013577391129437795,0.9023273438903807
1767,0.01283685360524399,0.011765869092347241,0.0220758322437896,0.9021704771236257
942,0.010530468560330178,0.01206248764089381,0.02262898521572966,0.9020949343912333
2197,0.013018936635105609,0.013248961835080087,0.024841597103489894,0.9018263031339464
1090,0.00852755523185239,0.008700810757366027,0.016343155989138086,0.9017788863863179
72,0.00980213644088371,0.009887284951552304,0.018555767876898322,0.9014573040732324
73,0.009923525127458121,0.009887284951552304,0.018555767876898322,0.9014573040732324
1498,0.009923525127458121,0.010480522048645443,0.019662073820778437,0.9013235379063106
113,0.011774702597717892,0.010480522048645443,0.019662073820778437,0.9013235379063106
1210,0.010621510075260986,0.011666996242831719,0.02187468570853867,0.9010964403716558
829,0.011501578052925468,0.011963614791378287,0.022427838680478727,0.9010466410139664
185,0.00688880796309784,0.007415463713664228,0.013929397566126923,0.9005190316574936
722,0.009195193008011653,0.008305319359303936,0.015588856481947098,0.9003656613473408
561,0.009953872299101723,0.009491793553490212,0.01780146836970733,0.9002054168239818
2852,0.010803593105122602,0.01008503065058335,0.01890777431358745,0.9001392897736036
2105,0.00937727603787327,0.010381649199129919,0.019460927285527507,0.9001090322162527
1835,0.013018936635105609,0.013545580383626656,0.02534446344161722,0.8989180112440458
2091,0.009893177955814517,0.011172631995254104,0.02091923966609675,0.8988860801934296
342,0.010803593105122602,0.010282776349614395,0.019259780750276578,0.8988703428956101
1703,0.008770332605001215,0.009689539252521258,0.01815347480639646,0.8988582618042396
41,0.008770332605001215,0.009392920703974688,0.017600321834456402,0.8988516549818464
2173,0.009346928866229667,0.009392920703974688,0.017600321834456402,0.8988516549818464
462,0.021910657926681232,0.019379078505042516,0.036206376345167456,0.8982975156984628
1773,0.012654770575382375,0.014039944631204272,0.026249622850246405,0.8980058414060524
2771,0.012806506433600389,0.013446707534111133,0.025143316906366286,0.8979592354722842
2144,0.010257344015537751,0.01077714059719201,0.020164940158905763,0.8976865671104106
858,0.009286234522942461,0.008107573660272888,0.015186563411445237,0.8972364116636268
1257,0.007101238164603059,0.007514336563179751,0.01408025746756512,0.8970934821425995
2411,0.008072347657198348,0.006921099466086613,0.012973951523685004,0.8969263814438562
348,0.012867200776887595,0.012754597587502471,0.023835864427235242,0.8968894615483595
1759,0.007070890992959456,0.006327862368993475,0.011867645579804888,0.8967284117486588
1327,0.016175042486040302,0.017105002966185487,0.03193201247108519,0.8966863001747518
1157,0.010833940276766206,0.010678267747676488,0.019963793623654833,0.8964690828502038
533,0.013109978150036417,0.015325291674906072,0.028613094639444836,0.8964110603152418
2576,0.010409079873755766,0.00978841210203678,0.018304334707834657,0.8962348248791401
1487,0.00980213644088371,0.00978841210203678,0.018304334707834657,0.8962348248791401
255,0.009771789269240107,0.009491793553490212,0.0177511817358946,0.8961470701083808
181,0.012897547948531197,0.013545580383626656,0.025294176807804485,0.8960639498242607
410,0.008709638261714009,0.009195175004943643,0.017198028763954543,0.8960537087883989
226,0.008133042000485554,0.008898556456397073,0.01664487579201448,0.8959541858953063
2563,0.009498664724447681,0.008601937907850504,0.016091722820074424,0.895847870645298
1059,0.006919155134741442,0.007415463713664228,0.013879110932314191,0.8953385804969837
992,0.009529011896091285,0.010579394898160965,0.019762647088403903,0.8952279979189987
517,0.016751638747268753,0.017203875815701007,0.032082872372523386,0.8951978779380849
38,0.009862830784170915,0.009986157801067827,0.018656341144523785,0.8950017224738472
967,0.009498664724447681,0.009689539252521258,0.018103188172583728,0.89487828572815
2139,0.01593226511289148,0.015424164524421594,0.028763954540883034,0.8947533436071529
282,0.011622966739499878,0.011666996242831719,0.021774112440913207,0.8944783885657371
869,0.007950958970623938,0.008799683606881551,0.016443729256763552,0.8944585280326446
2763,0.009346928866229667,0.008503065058334982,0.015890576284823495,0.8942992801717187
2695,0.00852755523185239,0.008206446509788412,0.015337423312883436,0.8941286394987717
554,0.014263170672493324,0.01334783468459561,0.024891883737302625,0.8940857525447988
2417,0.015659140568099052,0.01591852877199921,0.02966911394951222,0.894074632770252
413,0.007040543821315854,0.007613209412695274,0.014231117369003319,0.8937479125454652
259,0.012563729060451567,0.011864741941862765,0.022126118877602335,0.8934667662568639
2844,0.007192279679533868,0.007019972315602136,0.013124811425123202,0.8933036141248002
1523,0.012320951687302743,0.013545580383626656,0.025243890173991753,0.8932042310649702
2914,0.013352755523185239,0.013248961835080087,0.024690737202051696,0.8930736273431504
2578,0.009650400582665695,0.01008503065058335,0.018807201045961983,0.892485485787795
1804,0.009953872299101723,0.009491793553490212,0.017700895102081865,0.8920772749228129
2529,0.011440883709638262,0.011172631995254104,0.020818666398471287,0.8919664770839079
1345,0.00625151735858218,0.00553687957286929,0.01035904656542291,0.8917826921987292
1643,0.009923525127458121,0.010876013446707534,0.02026551342653123,0.8917740319181764
1607,0.009255887351298859,0.008898556456397073,0.01659458915820175,0.8916151014021335
1952,0.008284777858703568,0.010579394898160965,0.01971236045459117,0.8915708686294935
2062,0.012138868657441126,0.012260233339924856,0.02283013175098059,0.8915386652207741
1617,0.008891721291575625,0.008601937907850504,0.016041436186261693,0.8913603205296442
2356,0.010135955328963341,0.009986157801067827,0.018606054510711054,0.8911285947931951
2260,0.009225540179655257,0.008305319359303936,0.015488283214321634,0.8910875076574615
2251,0.009195193008011653,0.009689539252521258,0.018052901538770996,0.8908872996751336
1504,0.014050740470988103,0.015819655922483685,0.029417680780448558,0.8907702178429725
3020,0.008831026948288419,0.009096302155428119,0.016946595594890878,0.8903578714866236
2667,0.010500121388686574,0.010480522048645443,0.01951121391934024,0.8902680274712549
1663,0.006858460791454237,0.006031243820446905,0.011264205974052097,0.8902452030648483
2101,0.01110706482155863,0.011864741941862765,0.0220758322437896,0.8901989680448522
1669,0.007677834425831512,0.007415463713664228,0.013828824298501458,0.8901394602367213
2186,0.00743505705268269,0.008206446509788412,0.015287136679070702,0.8894214617415649
131,0.006949502306385045,0.007909827961241843,0.014733983707130645,0.889062928334029
3058,0.008072347657198348,0.007909827961241843,0.014733983707130645,0.889062928334029
20,0.007040543821315854,0.0065256080680245205,0.012169365382681284,0.8889358596560272
2552,0.011410536537994658,0.011172631995254104,0.020768379764658555,0.888494189908482
1232,0.011592619567856276,0.010876013446707534,0.020215226792718494,0.8882073163773446
1593,0.009255887351298859,0.009491793553490212,0.017650608468269133,0.8879959664929528
291,0.008284777858703568,0.008107573660272888,0.015085990143819773,0.8877132792464473
1127,0.0066763777615926195,0.006723353767055566,0.012521371819370412,0.8873158036003763
1774,0.007131585336246662,0.006723353767055566,0.012521371819370412,0.8873158036003763
774,0.010318038358824957,0.01077714059719201,0.020014080257467565,0.8869064222680154
1877,0.008466860888565186,0.009689539252521258,0.01800261490495826,0.8868852425614385
2989,0.01562879339645545,0.014830927427328456,0.027506788695564718,0.8867192985133009
2037,0.012685117747025977,0.011568123393316195,0.02147239263803681,0.8866136493307579
314,0.012594076232095169,0.01235910618944038,0.022930705018606053,0.886358001960097
2692,0.01972566156834183,0.019379078505042516,0.03590465654229106,0.8862580751837336
1717,0.012594076232095169,0.013150088985564565,0.0243890173991753,0.8861328395348315
2229,0.0066156834183054136,0.006921099466086613,0.01287337825605954,0.8857853334556082
1281,0.009771789269240107,0.009590666403005734,0.01780146836970733,0.8854101448349546
1241,0.014020393299344501,0.014138817480719794,0.026199336216433673,0.885197050068526
1784,0.008800679776644817,0.008503065058334982,0.015790003017198028,0.8851967457156293
1272,0.016842680262199563,0.014929800276843978,0.027657648597002916,0.8850595215006584
579,0.007101238164603059,0.007415463713664228,0.013778537664688726,0.8849215358320027
1016,0.0204843408594319,0.02155428119438402,0.03987730061349693,0.8845287768137227
695,0.00873998543335761,0.008997429305912597,0.016695162425827217,0.8845149075646105
974,0.015052197135226996,0.014336563179750841,0.0265513426531228,0.884480885623254
2946,0.007556445739257101,0.007909827961241843,0.014683697073317912,0.8841639392825394
1034,0.011714008254430686,0.013743326082657702,0.025445036709242683,0.8838523935438819
2305,0.005917698470502549,0.006031243820446905,0.011213919340239364,0.8838471084142893
599,0.009650400582665695,0.010282776349614395,0.019058634215025645,0.8838024463023758
994,0.008345472201990774,0.008404192208819458,0.015588856481947098,0.8834940923767596
2973,0.008588249575139597,0.009195175004943643,0.017047168862516345,0.883416462478502
2991,0.009286234522942461,0.01077714059719201,0.019963793623654833,0.8832950656630499
1868,0.010712551590191794,0.011568123393316195,0.021422106004224076,0.8832467086567266
2538,0.012685117747025977,0.013150088985564565,0.024338730765362568,0.8831673115679464
793,0.009013109978150037,0.010480522048645443,0.019410640651714776,0.8828503385256705
2887,0.011987132799223112,0.01206248764089381,0.022327265412853264,0.8828153823786788
2004,0.015173585821801408,0.014138817480719794,0.026149049582620938,0.8824358501470702
1889,0.010591162903617383,0.012556851888471426,0.02323242482148245,0.8824176361951465
1337,0.01119810633648944,0.010183903500098873,0.018857487679774715,0.8823798076350611
2294,0.010773245933479,0.010183903500098873,0.018857487679774715,0.8823798076350611
2561,0.010469774217042972,0.009392920703974688,0.017399175299205472,0.882362995122379
178,0.008163389172129158,0.008601937907850504,0.015940862918636226,0.8823431259325614
1992,0.015871570769604274,0.014633181728297409,0.027054208991250127,0.8821068142331864
2365,0.013049283806749211,0.013051216136049041,0.024137584230111635,0.882049695550113
1691,0.012169215829084729,0.013051216136049041,0.024137584230111635,0.882049695550113
1195,0.010135955328963341,0.012260233339924856,0.022679271849542392,0.8820156522394812
674,0.010682204418548192,0.010678267747676488,0.019762647088403903,0.8819325722640496
1064,0.007161932507890265,0.007514336563179751,0.013929397566126923,0.8816628144322959
2611,0.008284777858703568,0.009590666403005734,0.0177511817358946,0.8813517981193535
2440,0.009711094925952901,0.009590666403005734,0.0177511817358946,0.8813517981193535
2474,0.01635712551590192,0.01690725726715444,0.03122799959770693,0.8813021528619993
1577,0.008163389172129158,0.008799683606881551,0.016292869355325354,0.8812424484814149
2181,0.0118657441126487,0.010876013446707534,0.02011465352509303,0.8810473222628707
2313,0.009862830784170915,0.010876013446707534,0.02011465352509303,0.8810473222628707
786,0.010075260985676135,0.01008503065058335,0.018656341144523785,0.8809281025480973
1745,0.00895241563486283,0.009294047854459166,0.017198028763954543,0.8807887936512808
1807,0.012411993202233552,0.01265572473798695,0.023383284722920648,0.880489349019365
1615,0.010075260985676135,0.01206248764089381,0.02227697877904053,0.8795769254424594
2908,0.010318038358824957,0.009195175004943643,0.01699688222870361,0.8791793277318092
195,0.010742898761835398,0.010974886296223058,0.02026551342653123,0.8788362990100713
895,0.007708181597475115,0.007613209412695274,0.01408025746756512,0.8784805419546833
836,0.008345472201990774,0.007613209412695274,0.01408025746756512,0.8784805419546833
1935,0.010469774217042972,0.011963614791378287,0.0220758322437896,0.8783259817777254
2628,0.008800679776644817,0.009392920703974688,0.017348888665392737,0.8782112156494616
2889,0.010044913814032531,0.010876013446707534,0.020064366891280296,0.8774539555104106
396,0.008011653313911144,0.00781095511172632,0.014432263904254249,0.8773356793495863
3042,0.011562272396212672,0.01137037769428515,0.020969526299909485,0.877244981915377
267,0.010591162903617383,0.01008503065058335,0.018606054510711054,0.8770549748674452
1394,0.008679291090070405,0.009294047854459166,0.017147742130141808,0.8765886657289065
1266,0.008375819373634377,0.007514336563179751,0.013879110932314191,0.8764823632717857
2466,0.008557902403495994,0.00978841210203678,0.018052901538770996,0.876389391074896
307,0.008133042000485554,0.008008700810757366,0.014784270340943378,0.8762458121616251
1128,0.011349842194707454,0.012556851888471426,0.023131851553856986,0.8761855290360239
704,0.006099781500364166,0.006228989519477951,0.01151563914311576,0.8760214558858151
257,0.008557902403495994,0.008997429305912597,0.01659458915820175,0.8758497497906587
54,0.010742898761835398,0.009491793553490212,0.017499748566830935,0.8756823056872807
1582,0.010257344015537751,0.009986157801067827,0.018404907975460124,0.8755312591662581
2366,0.013109978150036417,0.013248961835080087,0.0243890173991753,0.8754073420257735
1822,0.010864287448409808,0.010974886296223058,0.020215226792718494,0.8752695834692396
1371,0.01098567613498422,0.011469250543800673,0.021120386201347683,0.8751555032141352
2546,0.008982762806506433,0.008700810757366027,0.016041436186261693,0.8750606078692247
2981,0.011471230881281864,0.011963614791378287,0.022025545609976868,0.875050764983222
2269,0.009953872299101723,0.009689539252521258,0.017851755003520063,0.8748120263382098
847,0.01043942704539937,0.010678267747676488,0.019662073820778437,0.8746090195575325
1360,0.012199563000728332,0.011172631995254104,0.020567233229407622,0.8745208616453868
607,0.008284777858703568,0.007909827961241843,0.014583123805692447,0.874315770152131
365,0.008375819373634377,0.008898556456397073,0.01639344262295082,0.8741270705265225
1621,0.009134498664724447,0.009887284951552304,0.01820376144020919,0.8739757151094647
1368,0.020666423889293517,0.021850899742930592,0.04012873378256059,0.873946253769289
567,0.010712551590191794,0.010381649199129919,0.01910892084883838,0.8739107404877561
338,0.005159019179412479,0.004647023927229583,0.008599014381977271,0.8738286279606163
2056,0.01799587278465647,0.017797112912794146,0.03268631197827617,0.8733667502105716
1942,0.007070890992959456,0.008107573660272888,0.014935130242381574,0.8733096676838676
2439,0.011622966739499878,0.012556851888471426,0.02308156492004425,0.8730593508262068
2509,0.012260257344015538,0.013545580383626656,0.024891883737302625,0.8730258895057743
493,0.011137411993202234,0.012260233339924856,0.022528411948104194,0.8724293613626195
1538,0.01271546491866958,0.012260233339924856,0.022528411948104194,0.8724293613626195
2226,0.008922068463219229,0.010282776349614395,0.01890777431358745,0.8723973404225873
1167,0.008891721291575625,0.00978841210203678,0.01800261490495826,0.872387333961201
1748,0.010591162903617383,0.009294047854459166,0.017097455496329076,0.8723762742337255
1883,0.010378732702112163,0.011469250543800673,0.021070099567534948,0.8717326449977343
2279,0.01110706482155863,0.010974886296223058,0.020164940158905763,0.8716940282259041
1909,0.01781378975479485,0.014633181728297409,0.026853062455999194,0.8713801803450478
285,0.01271546491866958,0.01265572473798695,0.02323242482148245,0.871191376730255
1284,0.010621510075260986,0.010678267747676488,0.019611787186965705,0.8709332546529489
1580,0.009073804321437243,0.009195175004943643,0.016896308961078146,0.8706675416375769
928,0.008042000485554746,0.009195175004943643,0.016896308961078146,0.8706675416375769
1659,0.012563729060451567,0.011864741941862765,0.021774112440913207,0.8704351988078601
527,0.011805049769361496,0.01137037769428515,0.02086895303228402,0.870341933395011
1927,0.01541636319495023,0.014534308878781887,0.026651915920748264,0.8702876037503372
198,0.011258800679776644,0.010876013446707534,0.019963793623654833,0.8702402596866486
460,0.009225540179655257,0.010381649199129919,0.019058634215025645,0.8701289869386718
1673,0.010409079873755766,0.009887284951552304,0.01815347480639646,0.8700066884306976
544,0.010591162903617383,0.01206248764089381,0.022126118877602335,0.8698177081212225
2963,0.011410536537994658,0.013248961835080087,0.024288444131549833,0.869470177750712
134,0.007586792910900704,0.009590666403005734,0.017600321834456402,0.869107807504158
602,0.008557902403495994,0.009590666403005734,0.017600321834456402,0.869107807504158
29,0.008284777858703568,0.006921099466086613,0.012722518354621341,0.8689107648932872
95,0.012958242291818403,0.012952343286533517,0.023735291159609775,0.8687904117171306
1945,0.01001456664238893,0.01077714059719201,0.019762647088403903,0.8687585550768959
320,0.008375819373634377,0.008107573660272888,0.014884843608568843,0.8684763293577735
2596,0.008163389172129158,0.008107573660272888,0.014884843608568843,0.8684763293577735
424,0.008436513716921583,0.009294047854459166,0.017047168862516345,0.8681515473413841
1998,0.010075260985676135,0.009294047854459166,0.017047168862516345,0.8681515473413841
2648,0.00937727603787327,0.010480522048645443,0.019209494116463843,0.8678995555001726
2153,0.009620053411022093,0.010480522048645443,0.019209494116463843,0.8678995555001726
787,0.008891721291575625,0.010480522048645443,0.019209494116463843,0.8678995555001726
241,0.010044913814032531,0.009986157801067827,0.018304334707834657,0.8676688971661201
2242,0.009468317552804079,0.009986157801067827,0.018304334707834657,0.8676688971661201
1710,0.008345472201990774,0.008305319359303936,0.01523685004525797,0.8676276650643946
3050,0.007161932507890265,0.00781095511172632,0.014331690636628784,0.8673165269299578
721,0.008588249575139597,0.008503065058334982,0.015588856481947098,0.8668175491125314
2212,0.008224083515416362,0.008700810757366027,0.015940862918636226,0.866043413272142
2193,0.011046370478271426,0.009887284951552304,0.018103188172583728,0.866026712354608
467,0.013443797038116047,0.011765869092347241,0.021522679271849542,0.8657275270939995
2215,0.010500121388686574,0.010579394898160965,0.01936035401790204,0.8657080502549902
2078,0.009984219470745327,0.009392920703974688,0.017198028763954543,0.8656837044146225
904,0.008922068463219229,0.009392920703974688,0.017198028763954543,0.8656837044146225
2143,0.008315125030347172,0.008206446509788412,0.01503570351000704,0.8656524029600874
2614,0.00873998543335761,0.008206446509788412,0.01503570351000704,0.8656524029600874
872,0.008254430687059966,0.008898556456397073,0.016292869355325354,0.8653029125064011
2255,0.009559359067734887,0.01077714059719201,0.01971236045459117,0.865101425787391
2767,0.01022699684389415,0.01077714059719201,0.01971236045459117,0.865101425787391
1329,0.009529011896091285,0.009590666403005734,0.01755003520064367,0.8650032760513028
281,0.016903374605486767,0.01572078307296816,0.0287136679070703,0.8649323137241878
1477,0.008770332605001215,0.008404192208819458,0.015387709946696169,0.8648777295886864
2818,0.009104151493080845,0.008404192208819458,0.015387709946696169,0.8648777295886864
1865,0.014779072590434572,0.014534308878781887,0.0265513426531228,0.8648536010372283
2302,0.010864287448409808,0.010974886296223058,0.020064366891280296,0.8645162226023055
767,0.013201019664967225,0.012853470437017995,0.023483857990546114,0.8644610721994539
1787,0.008679291090070405,0.00978841210203678,0.017902041637332798,0.8643497596622983
2847,0.008042000485554746,0.008601937907850504,0.015739716383385297,0.8641378758377506
1254,0.00916484583636805,0.008601937907850504,0.015739716383385297,0.8641378758377506
857,0.009923525127458121,0.009294047854459166,0.01699688222870361,0.8639144125946914
2665,0.014263170672493324,0.01562191022345264,0.02851252137181937,0.863870118650958
361,0.009832483612527313,0.009986157801067827,0.018254048074021926,0.8637215895321847
746,0.014596989560572954,0.014633181728297409,0.026702202554561,0.8632825399362823
1517,0.009529011896091285,0.009491793553490212,0.017348888665392737,0.8632626401608003
2691,0.00958970623937849,0.009491793553490212,0.017348888665392737,0.8632626401608003
1991,0.006585336246661811,0.006921099466086613,0.01267223172080861,0.8632417608702017
959,0.013383102694828841,0.013446707534111133,0.024539877300613498,0.8630528181612139
927,0.010135955328963341,0.010876013446707534,0.019863220356029367,0.8629903129445955
2979,0.010166302500606943,0.01107375914573858,0.020215226792718494,0.8624468424998514
2967,0.008224083515416362,0.00781095511172632,0.014281404002816052,0.8622807366552575
1776,0.01529497450837582,0.013842198932173226,0.025243890173991753,0.8621798709638319
2584,0.013170672493323623,0.01265572473798695,0.02308156492004425,0.8618330913613154
2390,0.0067067249332362225,0.006624480917540043,0.01211907874886855,0.8616407068027462
966,0.008133042000485554,0.008700810757366027,0.015890576284823495,0.861513592656495
357,0.009255887351298859,0.009392920703974688,0.017147742130141808,0.8614835764922479
880,0.009346928866229667,0.009392920703974688,0.017147742130141808,0.8614835764922479
2894,0.010075260985676135,0.01077714059719201,0.019662073820778437,0.8614350023703786
590,0.012867200776887595,0.011469250543800673,0.02091923966609675,0.8614150736276771
1894,0.014081087642631707,0.013248961835080087,0.024137584230111635,0.8605183658383229
2603,0.008284777858703568,0.009096302155428119,0.01659458915820175,0.8602548167472032
969,0.011805049769361496,0.012754597587502471,0.02323242482148245,0.860051799761653
2654,0.007890264627336732,0.007019972315602136,0.012823091622246806,0.8600077139996222
765,0.010955328963340616,0.009986157801067827,0.01820376144020919,0.8597634521697493
1508,0.007495751395969896,0.0072177180146331815,0.013175098058935936,0.8592567896206817
1544,0.01056081573197378,0.009491793553490212,0.017298602031580006,0.8590988782295039
2537,0.008102694828841952,0.008799683606881551,0.016041436186261693,0.8589429955182794
2154,0.010651857246904588,0.011271504844769626,0.02051694659559489,0.8584074974784639
899,0.012320951687302743,0.011271504844769626,0.02051694659559489,0.8584074974784639
386,0.011228453508133042,0.012161360490409334,0.022126118877602335,0.8581369813063054
2886,0.008557902403495994,0.009887284951552304,0.01800261490495826,0.8580336691878964
1417,0.016084000971109493,0.015325291674906072,0.027858795132253845,0.858004420590886
76,0.01174435542607429,0.01235910618944038,0.022478125314291462,0.8577251287891234
2015,0.011228453508133042,0.011666996242831719,0.021220959468973146,0.8575262714843607
1855,0.010651857246904588,0.011666996242831719,0.021220959468973146,0.8575262714843607
2018,0.016933721777130373,0.01730274866521653,0.03142914613295786,0.8573709101745379
3018,0.009620053411022093,0.009392920703974688,0.017097455496329076,0.857271184997067
837,0.016539208545763535,0.01661063871860787,0.030171980287639545,0.8572161768053471
2068,0.011622966739499878,0.011864741941862765,0.021572965905662274,0.8571073162601235
2792,0.010105608157319737,0.010282776349614395,0.018706627778336517,0.8570489107290473
2059,0.007313668366108279,0.007118845165117659,0.012973951523685004,0.856855287474391
315,0.009529011896091285,0.010480522048645443,0.019058634215025645,0.8565839050181213
2079,0.010318038358824957,0.010678267747676488,0.019410640651714776,0.8561358201768924
1132,0.012381646030589949,0.010678267747676488,0.019410640651714776,0.8561358201768924
860,0.00819373634377276,0.008206446509788412,0.014935130242381574,0.8560340348977966
1315,0.010196649672250545,0.011568123393316195,0.021019812933722216,0.8560245079606112
1118,0.008557902403495994,0.009096302155428119,0.01654430252438902,0.85590264253974
2885,0.010409079873755766,0.010876013446707534,0.019762647088403903,0.8557037491004945
2404,0.0118657441126487,0.010876013446707534,0.019762647088403903,0.8557037491004945
1311,0.011167759164845836,0.011765869092347241,0.021371819370411344,0.855626668395205
1102,0.006979849478028648,0.00682222661657109,0.012420798551744947,0.8550184997835704
1805,0.010833940276766206,0.012161360490409334,0.0220758322437896,0.8548691830942936
2521,0.012229910172371935,0.01235910618944038,0.022427838680478727,0.8545083343408377
2376,0.008315125030347172,0.008799683606881551,0.015991149552448958,0.85444144316546
518,0.007829570284049526,0.007909827961241843,0.014381977270441517,0.8544154304004018
364,0.007677834425831512,0.007019972315602136,0.012772804988434075,0.8543829148140359
2152,0.011805049769361496,0.012556851888471426,0.022779845117167855,0.8541586750159673
120,0.010287691187181355,0.01008503065058335,0.018304334707834657,0.8535952772403702
1790,0.008982762806506433,0.010480522048645443,0.019008347581212913,0.8527922122543089
117,0.011076717649915028,0.012457979038955902,0.022578698581916926,0.8527335441719267
1276,0.009529011896091285,0.009590666403005734,0.017399175299205472,0.8526191476446906
3043,0.010773245933479,0.00978841210203678,0.0177511817358946,0.8522088085475159
2790,0.01131949502306385,0.010876013446707534,0.01971236045459117,0.8520466198109896
1559,0.011167759164845836,0.011963614791378287,0.02167353917328774,0.8519136618914006
664,0.012654770575382375,0.011963614791378287,0.02167353917328774,0.8519136618914006
1484,0.007465404224326293,0.008008700810757366,0.014532837171879715,0.8516668347087709
1293,0.009043457149793639,0.009096302155428119,0.016494015890576284,0.8515372994034885
211,0.010318038358824957,0.010183903500098873,0.018455194609272856,0.8514351545927615
1749,0.008891721291575625,0.010183903500098873,0.018455194609272856,0.8514351545927615
2138,0.009529011896091285,0.010183903500098873,0.018455194609272856,0.8514351545927615
2809,0.012897547948531197,0.01562191022345264,0.028261088202755708,0.8511363724914645
94,0.008800679776644817,0.009294047854459166,0.01684602232726541,0.8511278270066943
2271,0.010803593105122602,0.010381649199129919,0.018807201045961983,0.8510700770730745
2135,0.01131949502306385,0.012556851888471426,0.022729558483355124,0.8509843476006659
1116,0.015386016023306628,0.015819655922483685,0.028613094639444836,0.8508996749799654
1564,0.007161932507890265,0.008404192208819458,0.01523685004525797,0.8507560960938136
2180,0.00798130614226754,0.008404192208819458,0.01523685004525797,0.8507560960938136
77,0.008679291090070405,0.008601937907850504,0.015588856481947098,0.8503315742577273
706,0.008922068463219229,0.008601937907850504,0.015588856481947098,0.8503315742577273
1432,0.010318038358824957,0.01206248764089381,0.02182439907472594,0.8500989614322043
216,0.009984219470745327,0.010974886296223058,0.019863220356029367,0.8500525800364903
707,0.009984219470745327,0.009887284951552304,0.017902041637332798,0.8499960948889937
1635,0.008436513716921583,0.008799683606881551,0.015940862918636226,0.8499258009211967
3032,0.00743505705268269,0.007909827961241843,0.014331690636628784,0.8493971566479124
1648,0.010196649672250545,0.010282776349614395,0.018606054510711054,0.8493130255164286
1149,0.006919155134741442,0.00682222661657109,0.012370511917932214,0.8492126117550721
491,0.008709638261714009,0.009195175004943643,0.01664487579201448,0.8491657417870345
818,0.008800679776644817,0.009195175004943643,0.01664487579201448,0.8491657417870345
623,0.011987132799223112,0.012853470437017995,0.02323242482148245,0.8489975769183555
794,0.009073804321437243,0.010678267747676488,0.01931006738408931,0.8486797956220353
231,0.02036295217285749,0.020763298398259838,0.03746354219048577,0.8483658537634946
278,0.01262442340373877,0.013446707534111133,0.024288444131549833,0.8482554701967755
2231,0.005978392813789755,0.006130116669962428,0.011113346072613899,0.8478857582594806
2969,0.007556445739257101,0.008700810757366027,0.015739716383385297,0.8478381631773311
1451,0.009316581694586065,0.008700810757366027,0.015739716383385297,0.8478381631773311
1112,0.009134498664724447,0.009986157801067827,0.018052901538770996,0.8478234633618761
735,0.010378732702112163,0.009986157801067827,0.018052901538770996,0.8478234633618761
1331,0.018056567127943676,0.017698240063278622,0.03193201247108519,0.8477798502041407
16,0.013049283806749211,0.015325291674906072,0.027657648597002916,0.8475875902901375
2742,0.008224083515416362,0.010381649199129919,0.018756914412149252,0.8472278941317103
614,0.008709638261714009,0.009096302155428119,0.016443729256763552,0.8471587074027007
1056,0.009559359067734887,0.009096302155428119,0.016443729256763552,0.8471587074027007
2971,0.006979849478028648,0.00781095511172632,0.014130544101377854,0.8470670330798046
1071,0.010651857246904588,0.010579394898160965,0.01910892084883838,0.8469465658733764
2469,0.009650400582665695,0.009294047854459166,0.01679573569345268,0.8468403233506583
1268,0.011137411993202234,0.01206248764089381,0.021774112440913207,0.8467861406722186
2085,0.009255887351298859,0.009491793553490212,0.017147742130141808,0.8465350010035867
2677,0.009346928866229667,0.009491793553490212,0.017147742130141808,0.8465350010035867
2748,0.00937727603787327,0.010974886296223058,0.019812933722216635,0.8464138983551975
1310,0.008770332605001215,0.009887284951552304,0.017851755003520063,0.8459604529646677
90,0.010591162903617383,0.011568123393316195,0.02086895303228402,0.8456822820130219
606,0.01153192522456907,0.011765869092347241,0.021220959468973146,0.8454545908052573
1683,0.008284777858703568,0.008799683606881551,0.015890576284823495,0.8453959803055497
2496,0.009134498664724447,0.010480522048645443,0.01890777431358745,0.8451787991383326
1730,0.011501578052925468,0.012161360490409334,0.0219249723423514,0.8450211416918854
189,0.009013109978150037,0.009195175004943643,0.01659458915820175,0.8448266572938617
2099,0.010166302500606943,0.009195175004943643,0.01659458915820175,0.8448266572938617
2425,0.012260257344015538,0.012754597587502471,0.02298099165241879,0.8444207619215236
519,0.012958242291818403,0.015028673126359502,0.027054208991250127,0.8438903775545966
1363,0.007131585336246662,0.00682222661657109,0.01232022528411948,0.843383264448874
1209,0.010955328963340616,0.010381649199129919,0.018706627778336517,0.8433754513653433
1243,0.008254430687059966,0.008700810757366027,0.015689429749572565,0.8432507273959686
1924,0.012260257344015538,0.01265572473798695,0.022779845117167855,0.8429324155510759
3017,0.009225540179655257,0.009096302155428119,0.01639344262295082,0.8427667858715923
1155,0.011137411993202234,0.010974886296223058,0.019762647088403903,0.8427660161923896
1258,0.012381646030589949,0.013051216136049041,0.023483857990546114,0.8426035260051123
2016,0.010651857246904588,0.011172631995254104,0.02011465352509303,0.8425770732288745
1701,0.011592619567856276,0.011172631995254104,0.02011465352509303,0.8425770732288745
80,0.009468317552804079,0.009294047854459166,0.01674544905963995,0.8425400397968985
1571,0.009529011896091285,0.009294047854459166,0.01674544905963995,0.8425400397968985
209,0.009346928866229667,0.009294047854459166,0.01674544905963995,0.8425400397968985
303,0.013352755523185239,0.013842198932173226,0.024891883737302625,0.842001529404636
1033,0.009255887351298859,0.009887284951552304,0.01780146836970733,0.8419134904898123
1834,0.009741442097596503,0.01008503065058335,0.01815347480639646,0.8417208055652322
158,0.009680747754309299,0.010282776349614395,0.018505481243085587,0.8415354359356239
194,0.007708181597475115,0.008206446509788412,0.014784270340943378,0.841485168816425
11,0.01056081573197378,0.010480522048645443,0.018857487679774715,0.8413569727716949
1874,0.007829570284049526,0.008404192208819458,0.015136276777632506,0.8412642911712636
2239,0.013747268754552075,0.012952343286533517,0.02328271145529518,0.8411333972290117
1585,0.012017479970866714,0.01107375914573858,0.0199135069898421,0.8408593665600125
877,0.008011653313911144,0.008799683606881551,0.01584028965101076,0.8408518920025154
1164,0.007920611798980334,0.008799683606881551,0.01584028965101076,0.8408518920025154
1653,0.010591162903617383,0.011271504844769626,0.02026551342653123,0.8407050004970797
1156,0.010409079873755766,0.008997429305912597,0.01619229608769989,0.8406590981173522
1271,0.010105608157319737,0.011666996242831719,0.020969526299909485,0.8404117877268222
909,0.014202476329206118,0.014138817480719794,0.02539475007542995,0.8403708583961667
839,0.014263170672493324,0.014138817480719794,0.02539475007542995,0.8403708583961667
1637,0.011046370478271426,0.01206248764089381,0.02167353917328774,0.8401375900228858
2911,0.008679291090070405,0.009590666403005734,0.017248315397767274,0.8401277924853667
373,0.008042000485554746,0.009590666403005734,0.017248315397767274,0.8401277924853667
736,0.008831026948288419,0.009590666403005734,0.017248315397767274,0.8401277924853667
2264,0.006919155134741442,0.007118845165117659,0.012823091622246806,0.8401112852030216
1292,0.010318038358824957,0.009986157801067827,0.01795232827114553,0.8398082164802994
2642,0.008709638261714009,0.007712082262210797,0.013879110932314191,0.8394935624375115
3019,0.005401796552561301,0.005042515325291675,0.009101880720104595,0.839454567391864
2290,0.00743505705268269,0.008107573660272888,0.014583123805692447,0.8391312336835685
1173,0.007617140082544307,0.008107573660272888,0.014583123805692447,0.8391312336835685
2398,0.01098567613498422,0.01137037769428515,0.020416373327969424,0.8388628318849163
1084,0.01250303471716436,0.011765869092347241,0.021120386201347683,0.8386331411080701
251,0.01043942704539937,0.011765869092347241,0.021120386201347683,0.8386331411080701
1847,0.014900461277008982,0.014830927427328456,0.026601629286935533,0.8386239947788806
1848,0.011835396941005098,0.011963614791378287,0.02147239263803681,0.8385239304991884
770,0.007799223112405924,0.009294047854459166,0.016695162425827217,0.8382268999306958
1145,0.010318038358824957,0.009491793553490212,0.017047168862516345,0.8380978826160643
2194,0.01153192522456907,0.010282776349614395,0.018455194609272856,0.8376308610136499
667,0.011471230881281864,0.011271504844769626,0.020215226792718494,0.8371382849562479
482,0.011440883709638262,0.011271504844769626,0.020215226792718494,0.8371382849562479
180,0.010135955328963341,0.011864741941862765,0.02127124610278588,0.8368817494600754
3056,0.007708181597475115,0.00781095511172632,0.01402997083375239,0.8368346968177444
2071,0.012199563000728332,0.012457979038955902,0.022327265412853264,0.8366494120009421
2958,0.012563729060451567,0.012457979038955902,0.022327265412853264,0.8366494120009421
2949,0.011471230881281864,0.01265572473798695,0.022679271849542392,0.8365767609194085
1733,0.011501578052925468,0.01265572473798695,0.022679271849542392,0.8365767609194085
2615,0.011683661082787084,0.013446707534111133,0.024087297596298903,0.8363073348834257
1970,0.018602816217528528,0.0188847142574649,0.03379261792215629,0.836132792445671
2716,0.01195678562757951,0.014435436029266363,0.025847329779744545,0.8360117299385417
437,0.007374362709395484,0.007909827961241843,0.014180830735190586,0.8342367441112899
2788,0.007738528769118718,0.008107573660272888,0.014532837171879715,0.8341818241496419
71,0.007890264627336732,0.008305319359303936,0.014884843608568843,0.8341294863646993
708,0.009134498664724447,0.010480522048645443,0.018756914412149252,0.8336828122111597
1240,0.009832483612527313,0.010678267747676488,0.01910892084883838,0.8336511402184275
1931,0.010318038358824957,0.010876013446707534,0.019460927285527507,0.833620608783369
1471,0.011592619567856276,0.011666996242831719,0.02086895303228402,0.8335087392064562
2300,0.012654770575382375,0.012260233339924856,0.0219249723423514,0.8334342283984553
1830,0.01119810633648944,0.012260233339924856,0.0219249723423514,0.8334342283984553
662,0.012685117747025977,0.014732054577812933,0.026299909484059136,0.8318145253016648
2190,0.011046370478271426,0.012556851888471426,0.022427838680478727,0.8317902971819232
2517,0.012654770575382375,0.011963614791378287,0.021371819370411344,0.8317821730493044
984,0.010621510075260986,0.009986157801067827,0.017851755003520063,0.8317481900249523
999,0.008861374119932023,0.00978841210203678,0.017499748566830935,0.8317440441264157
1753,0.010409079873755766,0.009590666403005734,0.017147742130141808,0.8317397290145594
465,0.009346928866229667,0.008997429305912597,0.016091722820074424,0.8317256580474446
2359,0.007040543821315854,0.008008700810757366,0.014331690636628784,0.8316976307384789
2259,0.008224083515416362,0.008008700810757366,0.014331690636628784,0.8316976307384789
507,0.008345472201990774,0.0072177180146331815,0.012923664889872273,0.8316697552284892
2883,0.006919155134741442,0.007019972315602136,0.012571658453183143,0.8316618185060588
1674,0.007617140082544307,0.00682222661657109,0.012219652016494015,0.8316534282830049
230,0.0064639475600873995,0.006228989519477951,0.011163632706426632,0.8316251114803047
2566,0.012867200776887595,0.015028673126359502,0.026802775822186462,0.8304695771423561
1579,0.013352755523185239,0.014435436029266363,0.02574675651211908,0.8304088996850385
851,0.0118657441126487,0.014237690330235317,0.02539475007542995,0.8303875574397335
2834,0.011835396941005098,0.011271504844769626,0.02011465352509303,0.8299782908417741
2129,0.009316581694586065,0.010876013446707534,0.019410640651714776,0.8299069970133371
1689,0.009741442097596503,0.009887284951552304,0.017650608468269133,0.8297040401587834
2877,0.009498664724447681,0.009887284951552304,0.017650608468269133,0.8297040401587834
2325,0.007829570284049526,0.009689539252521258,0.017298602031580006,0.8296585252688766
57,0.008709638261714009,0.009689539252521258,0.017298602031580006,0.8296585252688766
286,0.008375819373634377,0.009491793553490212,0.016946595594890878,0.8296111321708445
2513,0.009104151493080845,0.009294047854459166,0.01659458915820175,0.8295617421567438
600,0.009043457149793639,0.008898556456397073,0.015890576284823495,0.8294564443305359
919,0.008497208060208788,0.008107573660272888,0.014482550538066982,0.8292153763591612
2756,0.012988589463462005,0.014534308878781887,0.025897616413557277,0.8290247415940876
559,0.007920611798980334,0.007316590864148704,0.013074524791310469,0.8289228342735832
63,0.006767419276523428,0.007118845165117659,0.012722518354621341,0.8288396709238219
538,0.012017479970866714,0.012952343286533517,0.02308156492004425,0.8286691247634447
177,0.011653313911143482,0.012556851888471426,0.022377552046665996,0.8285663141770517
393,0.012533381888807963,0.011765869092347241,0.020969526299909485,0.8283401070477188
2902,0.010742898761835398,0.01137037769428515,0.02026551342653123,0.8282152890800208
166,0.015568099053168244,0.015226418825390548,0.02710449562506286,0.8278244449761983
1581,0.009316581694586065,0.009986157801067827,0.01780146836970733,0.827701227550097
660,0.00980213644088371,0.009986157801067827,0.01780146836970733,0.827701227550097
309,0.008679291090070405,0.00978841210203678,0.017449461933018204,0.8276160238556839
2656,0.008831026948288419,0.009392920703974688,0.01674544905963995,0.82743495056024
2884,0.00798130614226754,0.009392920703974688,0.01674544905963995,0.82743495056024
2888,0.013959698956057295,0.013842198932173226,0.02464045056823896,0.8274136568730341
2831,0.008831026948288419,0.008799683606881551,0.015689429749572565,0.8271331150450234
863,0.01195678562757951,0.012853470437017995,0.022880418384793322,0.827066393906149
1466,0.011440883709638262,0.01265572473798695,0.022528411948104194,0.8269904700425469
1328,0.008011653313911144,0.008206446509788412,0.01463341043950518,0.8267880886806521
1525,0.009711094925952901,0.011666996242831719,0.020768379764658555,0.8265725019157679
2510,0.007283321194464676,0.00781095511172632,0.013929397566126923,0.8265292688442989
543,0.010742898761835398,0.011271504844769626,0.020064366891280296,0.826384924089314
2605,0.011410536537994658,0.011271504844769626,0.020064366891280296,0.826384924089314
2312,0.014354212187424132,0.014929800276843978,0.0265513426531228,0.8263823773821566
391,0.009346928866229667,0.010282776349614395,0.018304334707834657,0.8258533278893538
474,0.009346928866229667,0.009887284951552304,0.017600321834456402,0.8256111531590157
2866,0.008436513716921583,0.009096302155428119,0.01619229608769989,0.8250641650738967
906,0.005887351298858946,0.006031243820446905,0.010761339635924771,0.824950373513652
1469,0.009134498664724447,0.008898556456397073,0.01584028965101076,0.8249123560275016
1003,0.013656227239621267,0.014039944631204272,0.024942170371115357,0.8245831332278161
556,0.010196649672250545,0.011172631995254104,0.019863220356029367,0.8245200639105992
2575,0.010682204418548192,0.01077714059719201,0.01915920748265111,0.8242489893370176
945,0.01043942704539937,0.010381649199129919,0.018455194609272856,0.8239574016499458
1736,0.010924981791697014,0.011666996242831719,0.02071809313084582,0.8230918374519437
2386,0.01034838553046856,0.01107375914573858,0.019662073820778437,0.8226197225164841
730,0.007161932507890265,0.0065256080680245205,0.011616212410741225,0.8223814844036055
2483,0.009771789269240107,0.010678267747676488,0.01895806094740018,0.8222760095447474
1083,0.009255887351298859,0.010282776349614395,0.018254048074021926,0.8219060202554184
2233,0.007829570284049526,0.008206446509788412,0.014583123805692447,0.8218556008974975
145,0.008679291090070405,0.009689539252521258,0.017198028763954543,0.8212947759653337
2910,0.009650400582665695,0.009491793553490212,0.01684602232726541,0.8210741622813746
1785,0.010409079873755766,0.011172631995254104,0.019812933722216635,0.8208813822293063
114,0.009225540179655257,0.011172631995254104,0.019812933722216635,0.8208813822293063
1672,0.010803593105122602,0.011172631995254104,0.019812933722216635,0.8208813822293063
238,0.011622966739499878,0.010974886296223058,0.019460927285527507,0.8206828758752639
862,0.008557902403495994,0.009096302155428119,0.016142009453887156,0.8206043597213358
2705,0.010894634620053412,0.01265572473798695,0.022427838680478727,0.8205640377170319
1447,0.008375819373634377,0.008700810757366027,0.0154379965805089,0.8200921588356208
119,0.01056081573197378,0.010381649199129919,0.018404907975460124,0.8200422305257878
70,0.012776159261956785,0.01206248764089381,0.021371819370411344,0.8200061011807896
1467,0.007950958970623938,0.008503065058334982,0.015085990143819773,0.8198183240185637
710,0.008466860888565186,0.008305319359303936,0.014733983707130645,0.8195315488723922
2146,0.012108521485797524,0.011469250543800673,0.02031580006034396,0.8193906957570735
2471,0.009650400582665695,0.011271504844769626,0.019963793623654833,0.8191712282655519
440,0.010378732702112163,0.009590666403005734,0.01699688222870361,0.8190654758803444
668,0.015325321680019422,0.01572078307296816,0.027808508498441114,0.8188840152832292
1539,0.00819373634377276,0.009392920703974688,0.01664487579201448,0.8187957374132582
537,0.009893177955814517,0.010876013446707534,0.019259780750276578,0.8187084600990222
327,0.014263170672493324,0.014929800276843978,0.026400482751684603,0.8181928029147884
2309,0.010075260985676135,0.01137037769428515,0.02011465352509303,0.8174885794247152
2463,0.007799223112405924,0.008404192208819458,0.014884843608568843,0.8172579173941181
2515,0.011349842194707454,0.012457979038955902,0.022025545609976868,0.8171087227369704
2410,0.011137411993202234,0.010974886296223058,0.019410640651714776,0.8169692641052321
2650,0.010287691187181355,0.010974886296223058,0.019410640651714776,0.8169692641052321
1144,0.010773245933479,0.010974886296223058,0.019410640651714776,0.8169692641052321
3062,0.01022699684389415,0.010579394898160965,0.018706627778336517,0.8164112767509634
2098,0.010773245933479,0.011864741941862765,0.020969526299909485,0.8163685979689451
150,0.013716921582908473,0.014435436029266363,0.025495323343055414,0.8163058822423993
865,0.009862830784170915,0.011469250543800673,0.02026551342653123,0.8158327763184277
1439,0.00688880796309784,0.007613209412695274,0.01347681786181233,0.8157421944234051
497,0.007495751395969896,0.007415463713664228,0.013124811425123202,0.8153131227290246
1662,0.01034838553046856,0.01107375914573858,0.01956150055315297,0.8152588034967582
2446,0.009923525127458121,0.00978841210203678,0.017298602031580006,0.8151606166686389
2174,0.008497208060208788,0.00978841210203678,0.017298602031580006,0.8151606166686389
3054,0.011562272396212672,0.013446707534111133,0.023735291159609775,0.8151569950430337
2619,0.011258800679776644,0.010678267747676488,0.018857487679774715,0.8146424544229167
1654,0.0067370721048798255,0.008305319359303936,0.014683697073317912,0.8146325598209027
2855,0.009711094925952901,0.010480522048645443,0.018505481243085587,0.8143168946513695
2713,0.013838310269482883,0.013941071781688748,0.02459016393442623,0.8142833520253658
2317,0.006919155134741442,0.00682222661657109,0.012068792115055817,0.8138778943323849
1820,0.012047827142510318,0.012457979038955902,0.021975258976164137,0.8138260535998638
2632,0.009195193008011653,0.007909827961241843,0.013979684199939656,0.8137718142181541
2097,0.008588249575139597,0.008799683606881551,0.015538569848134365,0.8132826310105802
658,0.011805049769361496,0.01206248764089381,0.02127124610278588,0.8132326913244339
444,0.01153192522456907,0.011864741941862765,0.02091923966609675,0.8129212024428383
2709,0.010318038358824957,0.009689539252521258,0.017097455496329076,0.8128822565477783
2235,0.009650400582665695,0.009491793553490212,0.01674544905963995,0.8124863750715787
1974,0.0065246419033746055,0.007316590864148704,0.012923664889872273,0.8123073932817488
0,0.012685117747025977,0.014534308878781887,0.02559589661068088,0.8121833786838997
1291,0.009953872299101723,0.010381649199129919,0.018304334707834657,0.8121798685256497
224,0.010166302500606943,0.010381649199129919,0.018304334707834657,0.8121798685256497
2590,0.011562272396212672,0.01235910618944038,0.021774112440913207,0.8120239058676046
1675,0.016903374605486767,0.017401621514732055,0.03062455999195414,0.8119037567541603
1645,0.007617140082544307,0.008008700810757366,0.014130544101377854,0.8114481368883256
2137,0.00980213644088371,0.011963614791378287,0.021070099567534948,0.8113657875457688
1066,0.00958970623937849,0.009590666403005734,0.016896308961078146,0.810553689786112
399,0.015325321680019422,0.015127545975875024,0.026601629286935533,0.8102443150432691
1926,0.014566642388929352,0.013150088985564565,0.023131851553856986,0.8101020913621594
574,0.013049283806749211,0.014039944631204272,0.024690737202051696,0.8100247025852231
898,0.01250303471716436,0.011864741941862765,0.02086895303228402,0.809465549448579
2157,0.01207817431415392,0.012754597587502471,0.022427838680478727,0.8094244607484298
1665,0.006767419276523428,0.008107573660272888,0.014281404002816052,0.8091768299046495
2183,0.008709638261714009,0.009887284951552304,0.017399175299205472,0.8091224932995483
718,0.01110706482155863,0.011666996242831719,0.02051694659559489,0.8090845918728501
376,0.007192279679533868,0.007909827961241843,0.013929397566126923,0.8086098985622535
2413,0.013443797038116047,0.013051216136049041,0.022930705018606053,0.8083623593300501
2680,0.012381646030589949,0.013743326082657702,0.024137584230111635,0.8080552965684057
744,0.006797766448167031,0.00682222661657109,0.012018505481243086,0.8079037112758205
2418,0.010287691187181355,0.01107375914573858,0.019460927285527507,0.8078601349058757
2292,0.014141781985918912,0.015325291674906072,0.02690334908981193,0.80784057922328
2343,0.008497208060208788,0.009294047854459166,0.016343155989138086,0.8076683788149692
2925,0.0067370721048798255,0.006624480917540043,0.011666499044553958,0.807190319502447
1740,0.011289147851420248,0.011568123393316195,0.02031580006034396,0.8071135571366775
592,0.007404709881039087,0.008206446509788412,0.014432263904254249,0.8069561398129075
125,0.007374362709395484,0.008898556456397073,0.01563914311575983,0.806591509762742
3013,0.010469774217042972,0.01206248764089381,0.021170672835160415,0.8064273304443154
2120,0.012138868657441126,0.01364445323314218,0.023936437694860705,0.8063735819092124
1114,0.008011653313911144,0.009590666403005734,0.01684602232726541,0.8062788902923473
2176,0.008315125030347172,0.008700810757366027,0.015287136679070702,0.8060164517845287
130,0.011714008254430686,0.011666996242831719,0.02046665996178216,0.8055614272282816
2873,0.008679291090070405,0.009887284951552304,0.017348888665392737,0.8049707138266309
917,0.008497208060208788,0.009887284951552304,0.017348888665392737,0.8049707138266309
603,0.013261714008254431,0.012161360490409334,0.021321532736598613,0.8049426445535063
639,0.008891721291575625,0.010579394898160965,0.018555767876898322,0.8047918378786669
25,0.009862830784170915,0.011271504844769626,0.019762647088403903,0.8046347176793979
501,0.0086185967467832,0.009689539252521258,0.01699688222870361,0.8044203949087442
1317,0.011137411993202234,0.01107375914573858,0.019410640651714776,0.8041465231358441
1750,0.012381646030589949,0.01107375914573858,0.019410640651714776,0.8041465231358441
9,0.00937727603787327,0.008799683606881551,0.0154379965805089,0.8039745464846755
2443,0.00840616654527798,0.008799683606881551,0.0154379965805089,0.8039745464846755
1639,0.011896091284292304,0.013842198932173226,0.0242381574977371,0.8037618362616002
1130,0.007708181597475115,0.010183903500098873,0.017851755003520063,0.8037369143272974
1578,0.00916484583636805,0.010876013446707534,0.019058634215025645,0.803640563505788
1171,0.01022699684389415,0.009986157801067827,0.017499748566830935,0.8031781164133956
193,0.01098567613498422,0.010678267747676488,0.018706627778336517,0.8031158510960147
2497,0.011410536537994658,0.010678267747676488,0.018706627778336517,0.8031158510960147
2370,0.014748725418790968,0.014138817480719794,0.024741023835864427,0.8028952992923513
403,0.009255887351298859,0.009096302155428119,0.015940862918636226,0.8026259802912526
1249,0.01022699684389415,0.011864741941862765,0.020768379764658555,0.8025293121578908
62,0.011501578052925468,0.013051216136049041,0.02283013175098059,0.8020484278944604
2751,0.009316581694586065,0.010974886296223058,0.019209494116463843,0.8020184810797344
2019,0.012381646030589949,0.014237690330235317,0.024891883737302625,0.8016470092817066
1069,0.010135955328963341,0.01077714059719201,0.018857487679774715,0.801468437235763
2701,0.010105608157319737,0.01077714059719201,0.018857487679774715,0.801468437235763
1824,0.0183296916727361,0.01750049436424758,0.030574273358141404,0.8014132163593025
2330,0.008679291090070405,0.008700810757366027,0.01523685004525797,0.8012938653143618
929,0.009346928866229667,0.009887284951552304,0.017298602031580006,0.8008069518953345
2531,0.009893177955814517,0.009195175004943643,0.016091722820074424,0.8007025655506477
1553,0.00819373634377276,0.009195175004943643,0.016091722820074424,0.8007025655506477
2997,0.012017479970866714,0.011765869092347241,0.020567233229407622,0.8005274929735692
149,0.007495751395969896,0.00781095511172632,0.01367796439706326,0.8004389642227117
1383,0.006797766448167031,0.007118845165117659,0.012471085185557678,0.8002692287297085
2897,0.007920611798980334,0.008997429305912597,0.015739716383385297,0.8000156632398973
2069,0.010075260985676135,0.011568123393316195,0.020215226792718494,0.7999889221572
1182,0.008102694828841952,0.008305319359303936,0.014532837171879715,0.7998349811565677
2839,0.010257344015537751,0.012754597587502471,0.02227697877904053,0.7997308170454375
1781,0.00916484583636805,0.010183903500098873,0.01780146836970733,0.7996899518524423
1203,0.010833940276766206,0.01206248764089381,0.021070099567534948,0.7995897156772541
28,0.011774702597717892,0.01206248764089381,0.021070099567534948,0.7995897156772541
2389,0.011167759164845836,0.01137037769428515,0.019863220356029367,0.7994315701064398
1184,0.01262442340373877,0.012556851888471426,0.0219249723423514,0.799221596543274
1716,0.011137411993202234,0.012556851888471426,0.0219249723423514,0.799221596543274
821,0.008557902403495994,0.009294047854459166,0.016242582721512622,0.7988171517093233
2931,0.012745812090313183,0.012853470437017995,0.022427838680478727,0.7983702379051324
1175,0.011926438455935906,0.012161360490409334,0.021220959468973146,0.7981532967759252
2907,0.009741442097596503,0.010282776349614395,0.01795232827114553,0.797992647203533
1002,0.010833940276766206,0.011963614791378287,0.02086895303228402,0.7975925631814522
980,0.010135955328963341,0.012952343286533517,0.022578698581916926,0.7970290165233731
60,0.01056081573197378,0.011765869092347241,0.02051694659559489,0.7970129111937467
1414,0.010500121388686574,0.010579394898160965,0.018455194609272856,0.7969932270355661
1330,0.009893177955814517,0.010579394898160965,0.018455194609272856,0.7969932270355661
1506,0.008345472201990774,0.008700810757366027,0.015186563411445237,0.7965557689205196
2736,0.012867200776887595,0.013941071781688748,0.024288444131549833,0.7965446603872534
2460,0.01119810633648944,0.010381649199129919,0.018103188172583728,0.7963254207744221
2606,0.00958970623937849,0.009195175004943643,0.016041436186261693,0.796215015434994
2408,0.009953872299101723,0.010876013446707534,0.01895806094740018,0.7960471863811923
588,0.01571983491138626,0.01690725726715444,0.029417680780448558,0.7954288738843571
423,0.012017479970866714,0.01235910618944038,0.021522679271849542,0.7953447250749704
973,0.011380189366351056,0.012853470437017995,0.022377552046665996,0.7951462549002611
2532,0.008163389172129158,0.008305319359303936,0.014482550538066982,0.794868533366087
1522,0.00688880796309784,0.006624480917540043,0.011565925776928493,0.7948059891105621
2658,0.008315125030347172,0.008799683606881551,0.015337423312883436,0.7946060171907903
2645,0.009316581694586065,0.008799683606881551,0.015337423312883436,0.7946060171907903
2715,0.011440883709638262,0.010974886296223058,0.01910892084883838,0.7944845841467674
1788,0.008831026948288419,0.009294047854459166,0.01619229608769989,0.7943710904834372
812,0.009650400582665695,0.00978841210203678,0.017047168862516345,0.7941596210551995
2322,0.008133042000485554,0.00978841210203678,0.017047168862516345,0.7941596210551995
2307,0.010924981791697014,0.011765869092347241,0.02046665996178216,0.7934897465491781
415,0.010500121388686574,0.01008503065058335,0.01755003520064367,0.7932207388406952
2287,0.009316581694586065,0.009887284951552304,0.017198028763954543,0.7924432025917917
783,0.009711094925952901,0.009887284951552304,0.017198028763954543,0.7924432025917917
2331,0.0065246419033746055,0.006723353767055566,0.01171678567836669,0.7922847347424563
2616,0.00958970623937849,0.009195175004943643,0.015991149552448958,0.7917134630821743
219,0.010318038358824957,0.010678267747676488,0.018555767876898322,0.791496412223718
2285,0.009346928866229667,0.011172631995254104,0.019410640651714776,0.7914367479793409
2773,0.010318038358824957,0.011172631995254104,0.019410640651714776,0.7914367479793409
2644,0.009286234522942461,0.011666996242831719,0.02026551342653123,0.791382094891466
368,0.007738528769118718,0.007514336563179751,0.013074524791310469,0.7909606790551342
2262,0.011805049769361496,0.011963614791378287,0.020768379764658555,0.7906563258907641
1722,0.011774702597717892,0.012457979038955902,0.02162325253947501,0.7906358191555125
428,0.014050740470988103,0.01591852877199921,0.027607361963190184,0.7905277084357313
2810,0.00916484583636805,0.01077714059719201,0.018706627778336517,0.789941833908861
1839,0.009984219470745327,0.010282776349614395,0.017851755003520063,0.789932620748186
1913,0.0065549890750182084,0.007316590864148704,0.012722518354621341,0.7898515463178979
3047,0.01001456664238893,0.01206248764089381,0.02091923966609675,0.7892721443071967
2175,0.010530468560330178,0.01206248764089381,0.02091923966609675,0.7892721443071967
1009,0.009741442097596503,0.010579394898160965,0.01835462134164739,0.7891522309167637
2861,0.008557902403495994,0.009590666403005734,0.01664487579201448,0.7890518899355696
353,0.016964068948773975,0.0163140201700613,0.028261088202755708,0.7889842579877524
1480,0.007708181597475115,0.008601937907850504,0.014935130242381574,0.7889287376011801
1815,0.012806506433600389,0.015325291674906072,0.0265513426531228,0.7889104461716357
1460,0.010500121388686574,0.010381649199129919,0.01800261490495826,0.7883323776077106
775,0.009529011896091285,0.009392920703974688,0.016292869355325354,0.788144464024353
743,0.008861374119932023,0.008898556456397073,0.0154379965805089,0.7880350105096616
1332,0.01034838553046856,0.011172631995254104,0.01936035401790204,0.7877135524024899
2057,0.010409079873755766,0.011172631995254104,0.01936035401790204,0.7877135524024899
1448,0.013383102694828841,0.015226418825390548,0.02635019611787187,0.7872577834859538
2689,0.013018936635105609,0.013248961835080087,0.022930705018606053,0.78683102961826
2465,0.011046370478271426,0.013248961835080087,0.022930705018606053,0.78683102961826
2072,0.009346928866229667,0.009986157801067827,0.017298602031580006,0.7865946889556191
593,0.01110706482155863,0.012260233339924856,0.021220959468973146,0.7865663834824951
2200,0.012017479970866714,0.012556851888471426,0.021723825807100472,0.785985423298296
1052,0.007920611798980334,0.008503065058334982,0.014733983707130645,0.785983436637583
2995,0.007101238164603059,0.008008700810757366,0.013879110932314191,0.7857299214923101
2010,0.007708181597475115,0.007514336563179751,0.013024238157497738,0.7854434335646169
566,0.01043942704539937,0.010579394898160965,0.018304334707834657,0.78521569391127
790,0.010135955328963341,0.011864741941862765,0.02051694659559489,0.7850414021149732
2690,0.010712551590191794,0.011666996242831719,0.020164940158905763,0.7842398241072989
2167,0.009771789269240107,0.011666996242831719,0.020164940158905763,0.7842398241072989
1530,0.009741442097596503,0.009887284951552304,0.017097455496329076,0.7840306831742364
1946,0.010530468560330178,0.011172631995254104,0.01931006738408931,0.783980723424484
2657,0.009498664724447681,0.012457979038955902,0.021522679271849542,0.7839409895018477
1794,0.005735615440640932,0.00553687957286929,0.009604747058231921,0.7837938655779264
2769,0.007890264627336732,0.008107573660272888,0.01402997083375239,0.7837307900671364
222,0.010075260985676135,0.010678267747676488,0.018455194609272856,0.7836978013806173
1755,0.009620053411022093,0.009689539252521258,0.01674544905963995,0.7830460221109513
1925,0.008648943918426803,0.008404192208819458,0.014532837171879715,0.7829634121859865
816,0.012411993202233552,0.01334783468459561,0.02303127828623152,0.7824711001156371
313,0.009043457149793639,0.009986157801067827,0.017248315397767274,0.782418875200509
489,0.011258800679776644,0.012853470437017995,0.022176405511415066,0.7821777900416463
1017,0.014081087642631707,0.01572078307296816,0.02710449562506286,0.7820240709946912
352,0.010591162903617383,0.011568123393316195,0.019963793623654833,0.7820218654665039
2912,0.009225540179655257,0.009491793553490212,0.01639344262295082,0.782020046555813
1594,0.010591162903617383,0.010282776349614395,0.0177511817358946,0.7818273115577296
1587,0.017297887836853605,0.0201700613011667,0.03474806396459821,0.7817280554354858
207,0.011046370478271426,0.01137037769428515,0.019611787186965705,0.7811456886512383
2116,0.010378732702112163,0.012161360490409334,0.020969526299909485,0.7810388130183867
2746,0.008709638261714009,0.01008503065058335,0.017399175299205472,0.7808366104340829
3006,0.010682204418548192,0.010876013446707534,0.018756914412149252,0.7807394706988264
1988,0.010166302500606943,0.011963614791378287,0.020617519863220357,0.7801890382589797
1181,0.01262442340373877,0.012754597587502471,0.021975258976164137,0.7801459155805788
249,0.012047827142510318,0.012754597587502471,0.021975258976164137,0.7801459155805788
2342,0.010712551590191794,0.012754597587502471,0.021975258976164137,0.7801459155805788
2256,0.012685117747025977,0.014633181728297409,0.02519360354017902,0.7797035665708008
1825,0.011835396941005098,0.01334783468459561,0.02298099165241879,0.7793313146882643
1500,0.01110706482155863,0.011765869092347241,0.02026551342653123,0.7793104142123626
268,0.011774702597717892,0.011765869092347241,0.02026551342653123,0.7793104142123626
523,0.010955328963340616,0.012853470437017995,0.022126118877602335,0.7789173768809033
756,0.010530468560330178,0.012853470437017995,0.022126118877602335,0.7789173768809033
1916,0.010712551590191794,0.011271504844769626,0.019410640651714776,0.7788379655922405
1048,0.010257344015537751,0.009689539252521258,0.016695162425827217,0.7787328822447486
1625,0.007101238164603059,0.008107573660272888,0.013979684199939656,0.7785872777495916
1287,0.007404709881039087,0.008107573660272888,0.013979684199939656,0.7785872777495916
2707,0.00603908715707696,0.005734625271900337,0.009906466861108318,0.7782207621987187
2686,0.008102694828841952,0.009195175004943643,0.01584028965101076,0.7781239119192297
1019,0.010742898761835398,0.01107375914573858,0.019058634215025645,0.7778800896282948
2416,0.010864287448409808,0.012952343286533517,0.02227697877904053,0.7777064274161689
1004,0.011471230881281864,0.012952343286533517,0.02227697877904053,0.7777064274161689
1953,0.014050740470988103,0.01562191022345264,0.026853062455999194,0.777672687190486
1999,0.00873998543335761,0.009491793553490212,0.016343155989138086,0.7776147140896494
317,0.010135955328963341,0.012161360490409334,0.02091923966609675,0.7775914174922798
1832,0.008011653313911144,0.008700810757366027,0.014985416876194308,0.7774462245980627
2785,0.008284777858703568,0.007909827961241843,0.013627677763250528,0.7772444320207237
165,0.00980213644088371,0.01008503065058335,0.017348888665392737,0.7766848309611655
1441,0.009620053411022093,0.011963614791378287,0.020567233229407622,0.7766829976276688
3049,0.007344015537751882,0.007712082262210797,0.0132756713265614,0.7758322561915866
2743,0.010773245933479,0.011765869092347241,0.020215226792718494,0.7757436986715308
661,0.008770332605001215,0.010974886296223058,0.018857487679774715,0.7754758983512565
1452,0.010712551590191794,0.01235910618944038,0.021220959468973146,0.7750717887862283
2570,0.008709638261714009,0.009392920703974688,0.016142009453887156,0.7748061958942177
2581,0.012685117747025977,0.013743326082657702,0.023584431258171577,0.7747484130316025
911,0.013201019664967225,0.014336563179750841,0.02459016393442623,0.7742090856041665
1426,0.0118657441126487,0.013248961835080087,0.022729558483355124,0.7741754124177433
2612,0.012745812090313183,0.013248961835080087,0.022729558483355124,0.7741754124177433
823,0.0086185967467832,0.009986157801067827,0.017147742130141808,0.7740308117297018
2049,0.009741442097596503,0.009986157801067827,0.017147742130141808,0.7740308117297018
1057,0.00625151735858218,0.00781095511172632,0.013426531227999597,0.77386812807422
232,0.009316581694586065,0.009195175004943643,0.015790003017198028,0.7735654657661748
473,0.005857004127215343,0.005932370970931382,0.010208186663984712,0.7729935098989587
3028,0.01262442340373877,0.012853470437017995,0.022025545609976868,0.772374361874388
417,0.010318038358824957,0.008997429305912597,0.0154379965805089,0.7722696588981868
2073,0.009620053411022093,0.011765869092347241,0.020164940158905763,0.7721681434281954
2281,0.01411143481427531,0.016808384417638916,0.028763954540883034,0.7715301535466906
1531,0.009771789269240107,0.011271504844769626,0.01931006738408931,0.7713819410373836
164,0.008224083515416362,0.008503065058334982,0.014583123805692447,0.771236278455685
777,0.012169215829084729,0.012952343286533517,0.022176405511415066,0.771207623255675
2362,0.009953872299101723,0.012161360490409334,0.020818666398471287,0.7706718143827583
522,0.011622966739499878,0.013842198932173226,0.023685004525797044,0.7705941820556265
461,0.014839766933721778,0.015523037373937117,0.0265513426531228,0.7705332512879142
2127,0.01110706482155863,0.01077714059719201,0.018455194609272856,0.7705237841934635
306,0.008497208060208788,0.007712082262210797,0.013225384692748667,0.7703981368109869
1049,0.007768875940762321,0.007712082262210797,0.013225384692748667,0.7703981368109869
252,0.007829570284049526,0.007712082262210797,0.013225384692748667,0.7703981368109869
2814,0.00873998543335761,0.007712082262210797,0.013225384692748667,0.7703981368109869
1612,0.007738528769118718,0.008008700810757366,0.013728251030875993,0.7700760117628414
2400,0.015689487739742655,0.014732054577812933,0.02519360354017902,0.7700541323522678
1415,0.012958242291818403,0.015028673126359502,0.025696469878306347,0.7698881930815975
2333,0.008557902403495994,0.010282776349614395,0.017600321834456402,0.7695833209425339
265,0.01930080116533139,0.017599367213763102,0.03007140702001408,0.7694841948877752
627,0.008861374119932023,0.008898556456397073,0.01523685004525797,0.7692367169884026
1960,0.007738528769118718,0.007514336563179751,0.01287337825605954,0.7687639596617698
1063,0.015750182083029862,0.017401621514732055,0.02971940058332495,0.768762664402116
805,0.01001456664238893,0.01008503065058335,0.017248315397767274,0.7683452552747592
1014,0.011714008254430686,0.01235910618944038,0.021120386201347683,0.7682503390890411
402,0.008284777858703568,0.010381649199129919,0.0177511817358946,0.7681538521940255
2268,0.012533381888807963,0.013248961835080087,0.02262898521572966,0.7678057272447825
2232,0.008770332605001215,0.010974886296223058,0.018756914412149252,0.7678017377907215
2933,0.012199563000728332,0.013545580383626656,0.023131851553856986,0.7676703823302466
887,0.008224083515416362,0.011864741941862765,0.02026551342653123,0.7673389051335889
392,0.006585336246661811,0.007613209412695274,0.013024238157497738,0.7668304933767007
172,0.01207817431415392,0.01077714059719201,0.018404907975460124,0.7666086130693054
2360,0.01262442340373877,0.014534308878781887,0.02479131046967716,0.7662875723545117
3053,0.006949502306385045,0.008799683606881551,0.01503570351000704,0.7661297806521059
1053,0.011440883709638262,0.012260233339924856,0.02091923966609675,0.7660045041988498
2714,0.008770332605001215,0.009392920703974688,0.016041436186261693,0.7658450110612175
2850,0.014779072590434572,0.01690725726715444,0.028814241174695766,0.7656297418654913
2565,0.011501578052925468,0.013446707534111133,0.022930705018606053,0.7656163220643236
596,0.00958970623937849,0.009986157801067827,0.017047168862516345,0.7655936933421795
1473,0.01119810633648944,0.010579394898160965,0.018052901538770996,0.7653702601070259
1603,0.010105608157319737,0.010876013446707534,0.018555767876898322,0.765267589060163
2148,0.0067067249332362225,0.007118845165117659,0.012169365382681284,0.7652206638453249
316,0.011410536537994658,0.011469250543800673,0.01956150055315297,0.7650780217745025
1430,0.006949502306385045,0.008008700810757366,0.01367796439706326,0.7648200680312327
436,0.008466860888565186,0.00978841210203678,0.016695162425827217,0.7642349736445111
815,0.00895241563486283,0.010678267747676488,0.01820376144020919,0.7640148232599503
1562,0.016964068948773975,0.01829147716037176,0.031127426330081465,0.7637763134110782
1255,0.010591162903617383,0.011963614791378287,0.020366086694156692,0.7625730049201029
319,0.01098567613498422,0.012260233339924856,0.02086895303228402,0.7625488512045905
2415,0.012988589463462005,0.01562191022345264,0.0265513426531228,0.7614316988077066
1569,0.012351298858946346,0.013545580383626656,0.02303127828623152,0.7614112370766125
1070,0.011592619567856276,0.011765869092347241,0.020014080257467565,0.7613879985858001
1141,0.008861374119932023,0.010282776349614395,0.017499748566830935,0.7613625471366293
1135,0.00549283806749211,0.0058334981214158595,0.00995675349492105,0.761209843518027
380,0.014020393299344501,0.015424164524421594,0.026199336216433673,0.7605107590585535
1007,0.012563729060451567,0.013941071781688748,0.023685004525797044,0.760399236316161
2938,0.010075260985676135,0.011864741941862765,0.020164940158905763,0.7601966343494218
2528,0.011835396941005098,0.011271504844769626,0.01915920748265111,0.7601251519395196
13,0.008254430687059966,0.009491793553490212,0.016142009453887156,0.7598576204055566
520,0.007161932507890265,0.007415463713664228,0.012621945086995877,0.7593852362798643
2007,0.007252974022821073,0.007118845165117659,0.01211907874886855,0.7592955524900292
74,0.006585336246661811,0.0065256080680245205,0.011113346072613899,0.759092074184105
420,0.011774702597717892,0.011963614791378287,0.02031580006034396,0.7590238383051079
2492,0.008497208060208788,0.009887284951552304,0.01679573569345268,0.7584947322911691
308,0.008800679776644817,0.008997429305912597,0.015287136679070702,0.7581939518470948
916,0.013109978150036417,0.0163140201700613,0.027657648597002916,0.7579567284224962
1147,0.005765962612284535,0.008107573660272888,0.013778537664688726,0.7578278662681999
819,0.01411143481427531,0.014237690330235317,0.024137584230111635,0.7574332740914003
2147,0.009073804321437243,0.010579394898160965,0.01795232827114553,0.7573550132254493
2427,0.009984219470745327,0.010579394898160965,0.01795232827114553,0.7573550132254493
432,0.012351298858946346,0.01334783468459561,0.02262898521572966,0.7571593787609523
1816,0.013534838553046855,0.015226418825390548,0.02579704314593181,0.7567667483993384
2315,0.007192279679533868,0.008206446509788412,0.013929397566126923,0.7561497293076199
154,0.012229910172371935,0.012556851888471426,0.02127124610278588,0.7557524193609055
1172,0.009650400582665695,0.011666996242831719,0.019762647088403903,0.7553118120737843
124,0.008831026948288419,0.01107375914573858,0.018756914412149252,0.7549789968213334
1314,0.010833940276766206,0.01107375914573858,0.018756914412149252,0.7549789968213334
1799,0.008011653313911144,0.008601937907850504,0.014583123805692447,0.7547503036008808
656,0.011471230881281864,0.01235910618944038,0.02091923966609675,0.7545099095025829
138,0.007040543821315854,0.008305319359303936,0.01408025746756512,0.7545091868109204
2046,0.009468317552804079,0.010183903500098873,0.017248315397767274,0.7544075995028544
2393,0.013201019664967225,0.015819655922483685,0.02675248918837373,0.7542466755244283
1667,0.009620053411022093,0.009590666403005734,0.016242582721512622,0.7539682149949762
1867,0.007374362709395484,0.007415463713664228,0.012571658453183143,0.7536713271102831
856,0.011562272396212672,0.012161360490409334,0.020567233229407622,0.7532261989442371
296,0.01110706482155863,0.012161360490409334,0.020567233229407622,0.7532261989442371
2868,0.010166302500606943,0.012161360490409334,0.020567233229407622,0.7532261989442371
724,0.008224083515416362,0.008700810757366027,0.014733983707130645,0.7531977491223593
2794,0.012563729060451567,0.013446707534111133,0.022729558483355124,0.7529607048638071
44,0.009741442097596503,0.009689539252521258,0.01639344262295082,0.7525796935951857
2951,0.009437970381160475,0.011271504844769626,0.019058634215025645,0.7525715320846913
2082,0.01056081573197378,0.011271504844769626,0.019058634215025645,0.7525715320846913
2371,0.010075260985676135,0.011271504844769626,0.019058634215025645,0.7525715320846913
2126,0.010894634620053412,0.01265572473798695,0.021371819370411344,0.75129956975237
284,0.013474144209759651,0.013941071781688748,0.023534144624358846,0.7512195875932999
584,0.011896091284292304,0.012754597587502471,0.021522679271849542,0.7502608514825626
101,0.009650400582665695,0.011469250543800673,0.01936035401790204,0.7502425458367374
1472,0.011926438455935906,0.013743326082657702,0.023182138187669718,0.7500329433168793
671,0.008831026948288419,0.009887284951552304,0.016695162425827217,0.7498813088712066
2324,0.009407623209516873,0.009887284951552304,0.016695162425827217,0.7498813088712066
831,0.009407623209516873,0.011864741941862765,0.020014080257467565,0.7494164895070264
2401,0.01056081573197378,0.010282776349614395,0.017348888665392737,0.7489428816101491
1387,0.006919155134741442,0.008008700810757366,0.013527104495625063,0.7489363619184947
2562,0.009255887351298859,0.009986157801067827,0.01684602232726541,0.7485699730074897
1775,0.00958970623937849,0.010974886296223058,0.018505481243085587,0.7484358202309311
1370,0.008891721291575625,0.008700810757366027,0.014683697073317912,0.7482987600708698
2764,0.007283321194464676,0.007415463713664228,0.012521371819370412,0.7479346975303255
1690,0.0067370721048798255,0.008404192208819458,0.014180830735190586,0.7478337956790722
2604,0.012351298858946346,0.014633181728297409,0.02464045056823896,0.7478027510513838
2758,0.011562272396212672,0.01235910618944038,0.020818666398471287,0.7475903063930613
1405,0.008588249575139597,0.009096302155428119,0.015337423312883436,0.7473061965608463
581,0.010924981791697014,0.01206248764089381,0.02031580006034396,0.7472477664365931
2505,0.008466860888565186,0.008799683606881551,0.01483455697475611,0.7468284887691196
91,0.00798130614226754,0.008503065058334982,0.014331690636628784,0.7463176649514665
170,0.008345472201990774,0.009195175004943643,0.015488283214321634,0.7459081154731976
1826,0.008102694828841952,0.009195175004943643,0.015488283214321634,0.7459081154731976
1987,0.01520393299344501,0.016511765869092348,0.027758221864628382,0.7458977332296965
1129,0.007920611798980334,0.008206446509788412,0.013828824298501458,0.7457701578868475
27,0.010773245933479,0.012952343286533517,0.021774112440913207,0.7449156426459282
972,0.00840616654527798,0.009294047854459166,0.01563914311575983,0.7445381505173525
1670,0.010894634620053412,0.013051216136049041,0.0219249723423514,0.7439439910721416
1586,0.012411993202233552,0.015424164524421594,0.025897616413557277,0.7438637281643093
337,0.008466860888565186,0.01137037769428515,0.01910892084883838,0.7438635742167168
914,0.0118657441126487,0.013743326082657702,0.02308156492004425,0.7437873463733671
672,0.009620053411022093,0.009689539252521258,0.016292869355325354,0.7437555355750644
1050,0.010500121388686574,0.012754597587502471,0.021422106004224076,0.7435348095596206
670,0.010044913814032531,0.01107375914573858,0.018606054510711054,0.7433906688423478
597,0.009437970381160475,0.01008503065058335,0.016946595594890878,0.7430333229712096
1211,0.010318038358824957,0.01077714059719201,0.018103188172583728,0.7428918033179398
490,0.006919155134741442,0.007415463713664228,0.012471085185557678,0.7421751661305334
1333,0.008497208060208788,0.008107573660272888,0.013627677763250528,0.7420598955521611
982,0.013929351784413693,0.015028673126359502,0.02519360354017902,0.7414871298922109
802,0.013990046127700898,0.015028673126359502,0.02519360354017902,0.7414871298922109
1628,0.007344015537751882,0.00781095511172632,0.013124811425123202,0.7413233599158298
2613,0.01131949502306385,0.01265572473798695,0.021220959468973146,0.7411274921624224
1437,0.00743505705268269,0.010282776349614395,0.017248315397767274,0.7406033059237428
1513,0.010894634620053412,0.012853470437017995,0.021522679271849542,0.7392066286392652
1950,0.006342558873512988,0.007613209412695274,0.012772804988434075,0.7389232660051461
1754,0.006949502306385045,0.006921099466086613,0.011616212410741225,0.7387373825623685
1381,0.008709638261714009,0.009392920703974688,0.015739716383385297,0.7386225663693238
2636,0.0066763777615926195,0.008700810757366027,0.014583123805692447,0.7384505909404614
734,0.00916484583636805,0.010480522048645443,0.01755003520064367,0.7382602482054244
2799,0.0065549890750182084,0.008008700810757366,0.013426531227999597,0.7382492318827413
1895,0.008831026948288419,0.00978841210203678,0.01639344262295082,0.738081784994948
292,0.01098567613498422,0.01334783468459561,0.022327265412853264,0.7378798267483976
2917,0.008436513716921583,0.009096302155428119,0.01523685004525797,0.7378764323334724
1646,0.008254430687059966,0.010183903500098873,0.017047168862516345,0.7375824176445248
1123,0.008922068463219229,0.010183903500098873,0.017047168862516345,0.7375824176445248
3037,0.009195193008011653,0.010579394898160965,0.017700895102081865,0.7371198823940777
144,0.011714008254430686,0.013150088985564565,0.021975258976164137,0.7364283143402076
2296,0.008254430687059966,0.008997429305912597,0.01503570351000704,0.7344248930656173
2035,0.008831026948288419,0.008997429305912597,0.01503570351000704,0.7344248930656173
84,0.008345472201990774,0.008997429305912597,0.01503570351000704,0.7344248930656173
45,0.00798130614226754,0.007909827961241843,0.013225384692748667,0.7343340217752191
2853,0.01262442340373877,0.014534308878781887,0.0242381574977371,0.7338653395149097
1334,0.00916484583636805,0.010876013446707534,0.01815347480639646,0.7338169734176279
395,0.013747268754552075,0.013446707534111133,0.022427838680478727,0.7337666544450644
2222,0.006585336246661811,0.008700810757366027,0.014532837171879715,0.7335011814065346
1712,0.008891721291575625,0.010579394898160965,0.017650608468269133,0.7330385739642179
1724,0.012411993202233552,0.012853470437017995,0.021422106004224076,0.7324805867163232
1908,0.00980213644088371,0.008799683606881551,0.014683697073317912,0.7321811477199245
2999,0.010742898761835398,0.012161360490409334,0.02026551342653123,0.7320091201830303
752,0.006130128672007769,0.008107573660272888,0.013527104495625063,0.7314513513593656
2261,0.00873998543335761,0.010381649199129919,0.017298602031580006,0.7311056603151486
2448,0.00873998543335761,0.011172631995254104,0.018606054510711054,0.7306808936858448
1515,0.008315125030347172,0.009689539252521258,0.016142009453887156,0.7304172674449292
804,0.008800679776644817,0.009689539252521258,0.016142009453887156,0.7304172674449292
2451,0.007586792910900704,0.008206446509788412,0.01367796439706326,0.7300594246860327
1098,0.007465404224326293,0.008997429305912597,0.014985416876194308,0.7296237246606287
362,0.009923525127458121,0.012853470437017995,0.021371819370411344,0.7291057699404706
2320,0.009862830784170915,0.010579394898160965,0.017600321834456402,0.7289456869644502
1548,0.008436513716921583,0.010579394898160965,0.017600321834456402,0.7289456869644502
2652,0.011228453508133042,0.014039944631204272,0.023332998089107916,0.7287650779114498
2345,0.006797766448167031,0.008305319359303936,0.013828824298501458,0.7286989476798442
1244,0.007829570284049526,0.008404192208819458,0.013979684199939656,0.7273688657859364
36,0.00819373634377276,0.008404192208819458,0.013979684199939656,0.7273688657859364
2766,0.009316581694586065,0.009986157801067827,0.01659458915820175,0.7270038881575391
1143,0.012199563000728332,0.013941071781688748,0.023131851553856986,0.7264510764896428
2547,0.008922068463219229,0.008898556456397073,0.014784270340943378,0.7260230105334299
345,0.008831026948288419,0.01008503065058335,0.01674544905963995,0.725908565871944
1397,0.009195193008011653,0.010876013446707534,0.018052901538770996,0.7258460112885221
2335,0.01153192522456907,0.012457979038955902,0.02066780649703309,0.7257445369083619
1301,0.015173585821801408,0.01562191022345264,0.025897616413557277,0.7256028393645659
2228,0.010621510075260986,0.012161360490409334,0.020164940158905763,0.7248668493988631
2800,0.008436513716921583,0.010974886296223058,0.01820376144020919,0.7248482671882902
2797,0.009316581694586065,0.010579394898160965,0.01755003520064367,0.7248411555115951
1630,0.009953872299101723,0.010183903500098873,0.016896308961078146,0.7248334968035998
411,0.009407623209516873,0.009392920703974688,0.015588856481947098,0.7248162647893005
3029,0.008042000485554746,0.008601937907850504,0.014281404002816052,0.7247958998219619
719,0.011410536537994658,0.014237690330235317,0.023584431258171577,0.724126390554597
1029,0.011349842194707454,0.011469250543800673,0.019008347581212913,0.7239076151422268
1698,0.009559359067734887,0.009887284951552304,0.01639344262295082,0.7237281202216437
2982,0.008831026948288419,0.009096302155428119,0.015085990143819773,0.7236152035224507
1111,0.00958970623937849,0.011568123393316195,0.01915920748265111,0.7229757891404716
1696,0.010500121388686574,0.011568123393316195,0.01915920748265111,0.7229757891404716
2572,0.009225540179655257,0.01077714059719201,0.017851755003520063,0.7228255439279996
2609,0.009559359067734887,0.01077714059719201,0.017851755003520063,0.7228255439279996
1887,0.008770332605001215,0.010381649199129919,0.017198028763954543,0.7227419110116059
2571,0.015780529254673464,0.019280205655526992,0.03188172583727245,0.7226639132283927
2484,0.008831026948288419,0.009986157801067827,0.01654430252438902,0.7226517139500759
35,0.008831026948288419,0.009986157801067827,0.01654430252438902,0.7226517139500759
528,0.00722262685117747,0.008799683606881551,0.014583123805692447,0.7223329785895162
1851,0.011987132799223112,0.01206248764089381,0.019963793623654833,0.7221560747664195
624,0.006949502306385045,0.007613209412695274,0.012621945086995877,0.7219160788667504
1279,0.012927895120174799,0.014534308878781887,0.02403701096248617,0.7218924146685226
2110,0.013322408351541637,0.015028673126359502,0.024841597103489894,0.7212683890097132
2445,0.008436513716921583,0.008503065058334982,0.01408025746756512,0.7209610745761111
441,0.008466860888565186,0.008107573660272888,0.013426531227999597,0.7207642213236121
3065,0.009559359067734887,0.010183903500098873,0.01684602232726541,0.7205586973098349
1780,0.00895241563486283,0.00978841210203678,0.01619229608769989,0.7203791641972525
2633,0.005705268268997329,0.007316590864148704,0.01211907874886855,0.7203074278841051
2525,0.014839766933721778,0.016412893019576824,0.02710449562506286,0.7202521817550794
1421,0.008709638261714009,0.008997429305912597,0.014884843608568843,0.7199731866772324
2172,0.012563729060451567,0.013150088985564565,0.021723825807100472,0.7199019856244314
1565,0.015325321680019422,0.016511765869092348,0.027255355526501057,0.7196178626984396
2113,0.01022699684389415,0.01235910618944038,0.020416373327969424,0.7195751549982289
369,0.00916484583636805,0.010282776349614395,0.01699688222870361,0.7195409893187202
2759,0.007556445739257101,0.008206446509788412,0.013577391129437795,0.7194897416005156
941,0.007465404224326293,0.009887284951552304,0.016343155989138086,0.7193227877554799
2022,0.00852755523185239,0.011172631995254104,0.018455194609272856,0.718998729183066
943,0.0086185967467832,0.009096302155428119,0.01503570351000704,0.718829960022162
2080,0.009741442097596503,0.010381649199129919,0.017147742130141808,0.7185417830892314
1545,0.009923525127458121,0.011666996242831719,0.019259780750276578,0.718316523072312
310,0.012351298858946346,0.012952343286533517,0.021371819370411344,0.7181356031544993
2442,0.012654770575382375,0.012161360490409334,0.020064366891280296,0.7176890437752648
2598,0.008891721291575625,0.010480522048645443,0.017298602031580006,0.7175605783945982
3064,0.007161932507890265,0.007514336563179751,0.012420798551744947,0.717536332094864
2288,0.01098567613498422,0.010974886296223058,0.018103188172583728,0.7168992644334334
1536,0.011228453508133042,0.012260233339924856,0.020215226792718494,0.7168554913487686
2453,0.009953872299101723,0.011469250543800673,0.01890777431358745,0.7162942020262506
2723,0.009529011896091285,0.010183903500098873,0.01679573569345268,0.7162711936537989
1289,0.009407623209516873,0.011963614791378287,0.01971236045459117,0.7157385067592753
2399,0.006190823015294974,0.00682222661657109,0.011264205974052097,0.715188807792822
1619,0.012320951687302743,0.014633181728297409,0.024087297596298903,0.7151805649917187
1958,0.009043457149793639,0.008997429305912597,0.01483455697475611,0.7151236011826307
732,0.010955328963340616,0.01206248764089381,0.019863220356029367,0.7149061280243664
601,0.00895241563486283,0.010381649199129919,0.017097455496329076,0.7143293915940504
3040,0.009316581694586065,0.010381649199129919,0.017097455496329076,0.7143293915940504
287,0.013747268754552075,0.013941071781688748,0.022930705018606053,0.7139055122548014
2959,0.006767419276523428,0.006921099466086613,0.011415065875490295,0.7137537929870422
2735,0.00840616654527798,0.008305319359303936,0.01367796439706326,0.7129882144790294
2478,0.011410536537994658,0.012754597587502471,0.020969526299909485,0.7128734314362818
1142,0.01119810633648944,0.013248961835080087,0.021774112440913207,0.7124969335257677
808,0.009286234522942461,0.009689539252521258,0.015940862918636226,0.7124388880148459
81,0.009468317552804079,0.01107375914573858,0.01820376144020919,0.7120255262189021
689,0.010166302500606943,0.010183903500098873,0.01674544905963995,0.711970910100039
727,0.009711094925952901,0.009294047854459166,0.015287136679070702,0.71190594421318
1541,0.007313668366108279,0.009294047854459166,0.015287136679070702,0.71190594421318
1041,0.009195193008011653,0.009294047854459166,0.015287136679070702,0.71190594421318
2502,0.010196649672250545,0.012457979038955902,0.02046665996178216,0.7117032089570262
1343,0.010773245933479,0.011568123393316195,0.019008347581212913,0.7116304765218311
1873,0.009437970381160475,0.009392920703974688,0.0154379965805089,0.7108765620276135
2381,0.008133042000485554,0.008503065058334982,0.013979684199939656,0.7106923225217081
2487,0.007829570284049526,0.008503065058334982,0.013979684199939656,0.7106923225217081
1634,0.009316581694586065,0.01077714059719201,0.017700895102081865,0.710650439551975
2534,0.011349842194707454,0.011765869092347241,0.01931006738408931,0.7099873547526665
560,0.008770332605001215,0.010876013446707534,0.017851755003520063,0.7097707379515981
1641,0.007738528769118718,0.008601937907850504,0.014130544101377854,0.709582196246509
1880,0.007890264627336732,0.009986157801067827,0.01639344262295082,0.7095158572819281
2364,0.009286234522942461,0.010480522048645443,0.017198028763954543,0.7091968290910553
1429,0.011046370478271426,0.011864741941862765,0.019460927285527507,0.7091854819987815
1720,0.008042000485554746,0.008206446509788412,0.01347681786181233,0.7088420494866455
49,0.009984219470745327,0.01008503065058335,0.01654430252438902,0.708578094024326
825,0.008102694828841952,0.01008503065058335,0.01654430252438902,0.708578094024326
2234,0.008891721291575625,0.010579394898160965,0.017348888665392737,0.7083052476320653
609,0.010651857246904588,0.01107375914573858,0.01815347480639646,0.7080564995401348
1351,0.009043457149793639,0.009689539252521258,0.015890576284823495,0.7079090673991991
1044,0.009771789269240107,0.009689539252521258,0.015890576284823495,0.7079090673991991
456,0.012472687545520757,0.014039944631204272,0.02298099165241879,0.706928738414167
514,0.008891721291575625,0.01077714059719201,0.017650608468269133,0.7065691311221152
1928,0.0086185967467832,0.009887284951552304,0.01619229608769989,0.7060254994239481
161,0.010075260985676135,0.010381649199129919,0.01699688222870361,0.7058675299550163
779,0.010803593105122602,0.013248961835080087,0.02167353917328774,0.7058483828764349
1236,0.011835396941005098,0.013743326082657702,0.022478125314291462,0.7057350871773691
171,0.009741442097596503,0.010876013446707534,0.01780146836970733,0.7057237754767427
1766,0.012806506433600389,0.013842198932173226,0.02262898521572966,0.7050751556207895
1008,0.006312211701869385,0.006624480917540043,0.010861912903550236,0.7050047658928128
2191,0.009225540179655257,0.010480522048645443,0.017147742130141808,0.7049967011686809
1965,0.008557902403495994,0.009096302155428119,0.014884843608568843,0.7043782536337772
1228,0.008709638261714009,0.009590666403005734,0.015689429749572565,0.7042912831102728
1120,0.00916484583636805,0.01107375914573858,0.018103188172583728,0.7040765234640453
1840,0.009832483612527313,0.011666996242831719,0.019058634215025645,0.7032486264790776
850,0.010257344015537751,0.012161360490409334,0.019863220356029367,0.7032254012094495
2524,0.010500121388686574,0.012260233339924856,0.020014080257467565,0.7024997912630379
2464,0.011137411993202234,0.01077714059719201,0.017600321834456402,0.7024762441223475
1362,0.007374362709395484,0.009294047854459166,0.015186563411445237,0.7024452613491708
3067,0.008375819373634377,0.008799683606881551,0.014381977270441517,0.702432638837787
1478,0.00840616654527798,0.007909827961241843,0.012923664889872273,0.7012923221932575
1024,0.00895241563486283,0.009491793553490212,0.015488283214321634,0.70058953561076
1589,0.008679291090070405,0.009491793553490212,0.015488283214321634,0.70058953561076
1054,0.012533381888807963,0.01364445323314218,0.022226692145227798,0.6999200054146234
2919,0.00852755523185239,0.01008503065058335,0.016443729256763552,0.6998341588872866
796,0.008163389172129158,0.009590666403005734,0.01563914311575983,0.6996892138030053
2987,0.009316581694586065,0.011172631995254104,0.01820376144020919,0.699315751062399
1702,0.013383102694828841,0.014336563179750841,0.023332998089107916,0.6988142188847194
2864,0.008163389172129158,0.009689539252521258,0.015790003017198028,0.6988065329431098
2067,0.01262442340373877,0.01591852877199921,0.025897616413557277,0.6986377071562448
196,0.013231366836610827,0.015523037373937117,0.025243890173991753,0.6979630244678272
355,0.007526098567613498,0.007712082262210797,0.012571658453183143,0.697826309050811
2683,0.012260257344015538,0.01572078307296816,0.02554560997686815,0.6968908761071305
1109,0.008375819373634377,0.010480522048645443,0.017047168862516345,0.6965595827811586
484,0.010803593105122602,0.011568123393316195,0.018807201045961983,0.6963632594200462
649,0.011016023306627822,0.01107375914573858,0.01800261490495826,0.6960834802973338
110,0.011046370478271426,0.012161360490409334,0.019762647088403903,0.6959388373653486
1025,0.010682204418548192,0.011666996242831719,0.01895806094740018,0.695655249354482
2455,0.009498664724447681,0.01008503065058335,0.01639344262295082,0.6954422373561783
426,0.00785991745569313,0.008503065058334982,0.013828824298501458,0.6951508354450352
989,0.011410536537994658,0.011765869092347241,0.01910892084883838,0.6949586993490586
3039,0.00785991745569313,0.009096302155428119,0.014784270340943378,0.6946627258784995
881,0.01098567613498422,0.01235910618944038,0.020064366891280296,0.6946075357855678
2387,0.010621510075260986,0.01137037769428515,0.018455194609272856,0.6939102353789066
1168,0.009650400582665695,0.010381649199129919,0.01684602232726541,0.6930809443670193
2824,0.010166302500606943,0.01206248764089381,0.01956150055315297,0.6929350924540222
1436,0.009225540179655257,0.009887284951552304,0.016041436186261693,0.6926045092383869
2582,0.007708181597475115,0.009887284951552304,0.016041436186261693,0.6926045092383869
611,0.00819373634377276,0.008799683606881551,0.014281404002816052,0.6923785748105971
644,0.008770332605001215,0.010480522048645443,0.01699688222870361,0.6923224480344659
2523,0.01195678562757951,0.01334783468459561,0.02162325253947501,0.6918662339029681
879,0.008345472201990774,0.009986157801067827,0.01619229608769989,0.6918132364842327
191,0.01034838553046856,0.011172631995254104,0.018103188172583728,0.6913667483075422
864,0.012047827142510318,0.013446707534111133,0.021774112440913207,0.6912822259718313
2045,0.008891721291575625,0.009491793553490212,0.015387709946696169,0.691251326512566
1814,0.014263170672493324,0.0163140201700613,0.026400482751684603,0.691090009836626
2807,0.008982762806506433,0.01008503065058335,0.016343155989138086,0.6910369048900146
1768,0.010894634620053412,0.01235910618944038,0.020014080257467565,0.691005196566771
1861,0.011622966739499878,0.012952343286533517,0.020969526299909485,0.6908490418070131
711,0.011896091284292304,0.012952343286533517,0.020969526299909485,0.6908490418070131
1983,0.005462490895848507,0.006130116669962428,0.00995675349492105,0.6908335661611977
2436,0.00528040786598689,0.006130116669962428,0.00995675349492105,0.6908335661611977
2142,0.007799223112405924,0.008503065058334982,0.013778537664688726,0.6899329110403164
826,0.010712551590191794,0.011963614791378287,0.01936035401790204,0.689875688384772
409,0.009255887351298859,0.010282776349614395,0.01664487579201448,0.6895274033739456
1340,0.00895241563486283,0.010282776349614395,0.01664487579201448,0.6895274033739456
2996,0.01596261228453508,0.018983587106980424,0.03067484662576687,0.689419289109326
1237,0.01250303471716436,0.013941071781688748,0.022528411948104194,0.6884822769610572
2384,0.007283321194464676,0.008107573660272888,0.013124811425123202,0.6882194531652219
923,0.0067370721048798255,0.008107573660272888,0.013124811425123202,0.6882194531652219
55,0.008466860888565186,0.009294047854459166,0.01503570351000704,0.6881368854317026
1915,0.008648943918426803,0.009887284951552304,0.015991149552448958,0.6881029568855672
2027,0.009832483612527313,0.010480522048645443,0.016946595594890878,0.6880728323359386
1684,0.013352755523185239,0.014039944631204272,0.022679271849542392,0.6879451604434499
926,0.009650400582665695,0.011172631995254104,0.018052901538770996,0.6873757622545258
1936,0.008648943918426803,0.009491793553490212,0.015337423312883436,0.686559457245067
2955,0.013807963097839281,0.016116274471030256,0.02599818968118274,0.6865073240560128
975,0.009953872299101723,0.01077714059719201,0.017399175299205472,0.6859875842628802
2526,0.011258800679776644,0.01265572473798695,0.020416373327969424,0.6856308583744232
1939,0.011774702597717892,0.01206248764089381,0.019460927285527507,0.6855364238631401
205,0.01432386501578053,0.013941071781688748,0.022478125314291462,0.6852726390838279
2185,0.008284777858703568,0.010282776349614395,0.01659458915820175,0.6851883188807728
1253,0.008315125030347172,0.008503065058334982,0.013728251030875993,0.6846960459758288
2021,0.012927895120174799,0.014732054577812933,0.023735291159609775,0.6843807909327938
1795,0.007829570284049526,0.009195175004943643,0.01483455697475611,0.6841005086858338
840,0.00743505705268269,0.008107573660272888,0.013074524791310469,0.6827232267165295
1045,0.017085457635348387,0.017006130116669963,0.02735592879412652,0.6826042974642834
1828,0.012411993202233552,0.014534308878781887,0.023383284722920648,0.6822796049306501
96,0.009286234522942461,0.01008503065058335,0.016242582721512622,0.6821856777843687
1533,0.009437970381160475,0.01008503065058335,0.016242582721512622,0.6821856777843687
2898,0.008315125030347172,0.008206446509788412,0.013225384692748667,0.6818738525205854
59,0.010409079873755766,0.01334783468459561,0.02147239263803681,0.6818123030003925
227,0.009862830784170915,0.009590666403005734,0.0154379965805089,0.681132714549925
1547,0.009862830784170915,0.011568123393316195,0.018606054510711054,0.6809327484996963
2020,0.009013109978150037,0.010282776349614395,0.01654430252438902,0.6808361446733097
1866,0.01098567613498422,0.012260233339924856,0.01971236045459117,0.6806947947824135
546,0.010773245933479,0.010974886296223058,0.017650608468269133,0.6805765922376087
1409,0.008224083515416362,0.009689539252521258,0.015588856481947098,0.6804273363400118
2378,0.013383102694828841,0.015127545975875024,0.024288444131549833,0.6795142635913836
2090,0.009286234522942461,0.009195175004943643,0.014784270340943378,0.679234566425158
2768,0.010196649672250545,0.011864741941862765,0.019058634215025645,0.6792054367212006
1096,0.016084000971109493,0.018588095708918333,0.029819973850950417,0.6789893464141237
2115,0.027767662053896577,0.02798101641289302,0.044855677360957455,0.6789081662764064
1896,0.00688880796309784,0.008601937907850504,0.013828824298501458,0.678664860590231
964,0.008831026948288419,0.009986157801067827,0.016041436186261693,0.6783922462986712
2935,0.01034838553046856,0.01206248764089381,0.01936035401790204,0.6780996165162573
1380,0.012927895120174799,0.014830927427328456,0.023785577793422507,0.6778359955429096
2891,0.009286234522942461,0.009392920703974688,0.015085990143819773,0.6778170396953328
442,0.011926438455935906,0.012853470437017995,0.020617519863220357,0.6775126351501458
1378,0.009650400582665695,0.010282776349614395,0.016494015890576284,0.6764708015370582
298,0.008254430687059966,0.008206446509788412,0.013175098058935936,0.6764191873308165
2368,0.007313668366108279,0.008206446509788412,0.013175098058935936,0.6764191873308165
326,0.010530468560330178,0.011864741941862765,0.019008347581212913,0.6754137439573882
1890,0.010803593105122602,0.011172631995254104,0.017902041637332798,0.6753361308419279
1306,0.010257344015537751,0.01334783468459561,0.021371819370411344,0.6750705455505086
1352,0.011289147851420248,0.011963614791378287,0.01915920748265111,0.6748860703089019
1679,0.011349842194707454,0.013446707534111133,0.021522679271849542,0.6746030451791971
1319,0.008588249575139597,0.011568123393316195,0.018505481243085587,0.6731551589188914
295,0.00937727603787327,0.010876013446707534,0.017399175299205472,0.6729327782864788
1671,0.011896091284292304,0.013248961835080087,0.021170672835160415,0.6721381232978646
1092,0.006130128672007769,0.007316590864148704,0.01171678567836669,0.6720095666656567
511,0.00764748725418791,0.009590666403005734,0.015337423312883436,0.6717641852560398
2890,0.009104151493080845,0.009590666403005734,0.015337423312883436,0.6717641852560398
2589,0.007950958970623938,0.008898556456397073,0.014231117369003319,0.6713856093257103
2550,0.012988589463462005,0.012754597587502471,0.020366086694156692,0.6709508246545666
2340,0.009468317552804079,0.008206446509788412,0.013124811425123202,0.6709438203791509
1462,0.008042000485554746,0.008997429305912597,0.014381977270441517,0.6707277512512982
922,0.006858460791454237,0.007514336563179751,0.012018505481243086,0.6704215435871141
1573,0.008042000485554746,0.009887284951552304,0.015790003017198028,0.6699549595695677
2932,0.006130128672007769,0.007712082262210797,0.01232022528411948,0.6689122959258933
336,0.009134498664724447,0.011765869092347241,0.018756914412149252,0.6682758529930127
817,0.014263170672493324,0.016709511568123392,0.026601629286935533,0.6676499703649342
214,0.007617140082544307,0.008700810757366027,0.013879110932314191,0.667564268190074
88,0.012229910172371935,0.01364445323314218,0.021723825807100472,0.6670545179806087
2104,0.010135955328963341,0.012161360490409334,0.01936035401790204,0.6664188897013402
31,0.01098567613498422,0.012161360490409334,0.01936035401790204,0.6664188897013402
1346,0.010500121388686574,0.012260233339924856,0.01951121391934024,0.6659728609303455
1560,0.008436513716921583,0.00978841210203678,0.015588856481947098,0.6659294277397743
1036,0.010803593105122602,0.013248961835080087,0.021070099567534948,0.6653005085308032
1910,0.008436513716921583,0.009986157801067827,0.015890576284823495,0.6648452310859416
2699,0.007738528769118718,0.007514336563179751,0.011968218847430353,0.664422518603584
2254,0.010894634620053412,0.012754597587502471,0.02026551342653123,0.6638437386009255
2456,0.010166302500606943,0.011963614791378287,0.019008347581212913,0.6635407576902613
318,0.00916484583636805,0.010381649199129919,0.016494015890576284,0.6627973421733541
675,0.010591162903617383,0.011271504844769626,0.017902041637332798,0.6627373484548275
2270,0.008284777858703568,0.010480522048645443,0.01664487579201448,0.6623088620896911
1223,0.012563729060451567,0.014138817480719794,0.022427838680478727,0.6618795712085115
383,0.01043942704539937,0.011568123393316195,0.01835462134164739,0.6614095878781151
2975,0.009984219470745327,0.01077714059719201,0.017097455496329076,0.6608957741375683
1140,0.0067067249332362225,0.008107573660272888,0.01287337825605954,0.6605265073231651
2220,0.008436513716921583,0.009986157801067827,0.01584028965101076,0.6603011427829072
1220,0.009650400582665695,0.009986157801067827,0.01584028965101076,0.6603011427829072
903,0.008709638261714009,0.009096302155428119,0.014432263904254249,0.660133696874982
1676,0.009437970381160475,0.010974886296223058,0.017399175299205472,0.6599950453783737
75,0.012958242291818403,0.01572078307296816,0.024891883737302625,0.6596386372699151
179,0.009134498664724447,0.010480522048645443,0.01659458915820175,0.6579697775965183
2284,0.010924981791697014,0.011469250543800673,0.01815347480639646,0.6578757178178791
448,0.009255887351298859,0.009590666403005734,0.015186563411445237,0.6575963246348238
848,0.010287691187181355,0.010579394898160965,0.01674544905963995,0.6575289825428438
2679,0.010378732702112163,0.01364445323314218,0.021572965905662274,0.6570470808432664
1246,0.008497208060208788,0.009887284951552304,0.01563914311575983,0.6561925594578631
466,0.007920611798980334,0.009986157801067827,0.015790003017198028,0.6557426966298523
1527,0.009711094925952901,0.01107375914573858,0.017499748566830935,0.6554401904625484
2964,0.010955328963340616,0.012260233339924856,0.01936035401790204,0.6548319764079101
1812,0.007738528769118718,0.009195175004943643,0.014532837171879715,0.6546555889723038
1283,0.009346928866229667,0.01137037769428515,0.01795232827114553,0.6542720215687897
1230,0.009529011896091285,0.011469250543800673,0.018103188172583728,0.6538957417417897
1729,0.009498664724447681,0.011568123393316195,0.018254048074021926,0.6535257432386858
791,0.009559359067734887,0.010579394898160965,0.016695162425827217,0.653215842676641
2770,0.011987132799223112,0.016116274471030256,0.02539475007542995,0.6527577826432585
2375,0.008133042000485554,0.008601937907850504,0.013577391129437795,0.6523844443038991
1325,0.0066156834183054136,0.008700810757366027,0.013728251030875993,0.6519103584606052
1198,0.016235736829327507,0.017797112912794146,0.028009655033692044,0.651338872091418
2559,0.008466860888565186,0.01008503065058335,0.015890576284823495,0.6507716111601916
1563,0.010742898761835398,0.012556851888471426,0.019762647088403903,0.6501392922167374
1356,0.0066156834183054136,0.009096302155428119,0.014331690636628784,0.6501145444553534
2720,0.00873998543335761,0.009195175004943643,0.014482550538066982,0.6496891411818232
1792,0.010773245933479,0.011568123393316195,0.01820376144020919,0.6495676058762505
2361,0.008709638261714009,0.009392920703974688,0.014784270340943378,0.6488645620513817
2163,0.009255887351298859,0.01077714059719201,0.016946595594890878,0.6481842968000068
2579,0.008679291090070405,0.008404192208819458,0.013225384692748667,0.647931073343001
830,0.008345472201990774,0.012556851888471426,0.01971236045459117,0.6464821629272322
1247,0.011501578052925468,0.012556851888471426,0.01971236045459117,0.6464821629272322
2444,0.008770332605001215,0.008898556456397073,0.013979684199939656,0.6458494866805253
2871,0.010318038358824957,0.011666996242831719,0.018304334707834657,0.6452995080660557
2962,0.0067370721048798255,0.00781095511172632,0.012269938650306749,0.6449145542397228
591,0.010833940276766206,0.011963614791378287,0.018756914412149252,0.6444313576471122
1918,0.010591162903617383,0.01077714059719201,0.016896308961078146,0.6439221264043017
1534,0.009923525127458121,0.012260233339924856,0.019209494116463843,0.6436043889592634
2136,0.007465404224326293,0.008206446509788412,0.01287337825605954,0.6432508745370941
370,0.010075260985676135,0.01107375914573858,0.017348888665392737,0.6430205249360682
957,0.010044913814032531,0.01265572473798695,0.019812933722216635,0.6425609149146537
1264,0.00785991745569313,0.01008503065058335,0.015790003017198028,0.6416690767041023
1881,0.009316581694586065,0.011765869092347241,0.018404907975460124,0.6410901893870903
773,0.010135955328963341,0.01206248764089381,0.018857487679774715,0.6403294463391327
168,0.012047827142510318,0.013842198932173226,0.02162325253947501,0.6397820107628052
1644,0.009286234522942461,0.010974886296223058,0.017147742130141808,0.6391156267482425
1850,0.00895241563486283,0.009392920703974688,0.014683697073317912,0.6390831632628624
921,0.007768875940762321,0.009590666403005734,0.014985416876194308,0.6384867803123669
1623,0.0066460305899490165,0.0065256080680245205,0.010208186663984712,0.6376657976274637
1450,0.007344015537751882,0.008305319359303936,0.012973951523685004,0.6373207123183388
1778,0.007708181597475115,0.008305319359303936,0.012973951523685004,0.6373207123183388
2420,0.013170672493323623,0.013941071781688748,0.021723825807100472,0.636250970751915
3022,0.007708181597475115,0.008799683606881551,0.013728251030875993,0.6357927461096597
358,0.00798130614226754,0.010678267747676488,0.01664487579201448,0.635594343740913
1640,0.012199563000728332,0.014336563179750841,0.022327265412853264,0.63552639144757
483,0.007677834425831512,0.008997429305912597,0.01402997083375239,0.6352276473865954
379,0.010135955328963341,0.010876013446707534,0.016946595594890878,0.6351294908236055
1136,0.016448167030832725,0.0188847142574649,0.029367394146635823,0.6342812012052887
2869,0.006281864530225783,0.007613209412695274,0.011867645579804888,0.6337361702219555
225,0.012320951687302743,0.013842198932173226,0.021522679271849542,0.6330871811091405
681,0.012047827142510318,0.014534308878781887,0.022578698581916926,0.631983239032529
1697,0.011076717649915028,0.012457979038955902,0.01936035401790204,0.6319336461385207
1685,0.009620053411022093,0.010480522048645443,0.016292869355325354,0.631657588700786
2641,0.00873998543335761,0.008799683606881551,0.01367796439706326,0.6305368023780512
463,0.008011653313911144,0.011172631995254104,0.017348888665392737,0.6303107497795651
1598,0.009073804321437243,0.009096302155428119,0.014130544101377854,0.6298650506052001
1321,0.01195678562757951,0.013842198932173226,0.02147239263803681,0.6297280798602296
1631,0.011835396941005098,0.011765869092347241,0.018254048074021926,0.6292805197530167
3012,0.0067067249332362225,0.007019972315602136,0.01091219953736297,0.6291591197106331
2977,0.006008739985433357,0.007019972315602136,0.01091219953736297,0.6291591197106331
534,0.013352755523185239,0.016709511568123392,0.025897616413557277,0.6291015511271081
2544,0.010955328963340616,0.01206248764089381,0.018706627778336517,0.6288028430122306
842,0.0118657441126487,0.012260233339924856,0.019008347581212913,0.6284970457133996
445,0.006069434328720563,0.007316590864148704,0.011364779241677562,0.628380485464817
2023,0.011774702597717892,0.015424164524421594,0.023886151061047974,0.6276860461337025
1713,0.008284777858703568,0.010282776349614395,0.015940862918636226,0.6275594824248222
755,0.011653313911143482,0.013051216136049041,0.020215226792718494,0.627365254022455
2817,0.008770332605001215,0.010678267747676488,0.01654430252438902,0.6269030850402769
246,0.008133042000485554,0.010678267747676488,0.01654430252438902,0.6269030850402769
2189,0.006858460791454237,0.008008700810757366,0.012420798551744947,0.6267838903153882
163,0.009316581694586065,0.01077714059719201,0.016695162425827217,0.6267463998345384
1364,0.009832483612527313,0.01137037769428515,0.017600321834456402,0.6258626953077906
1642,0.006979849478028648,0.008601937907850504,0.013325957960374132,0.6256164023730766
677,0.008831026948288419,0.009392920703974688,0.014532837171879715,0.6242855845985276
2230,0.012685117747025977,0.014336563179750841,0.022126118877602335,0.6225287171901136
21,0.01119810633648944,0.014435436029266363,0.02227697877904053,0.6224409148136809
2681,0.00980213644088371,0.01137037769428515,0.01755003520064367,0.6217581638549355
1222,0.00980213644088371,0.011568123393316195,0.017851755003520063,0.6215523437314536
1434,0.007465404224326293,0.00781095511172632,0.012068792115055817,0.6212621810556817
1186,0.010378732702112163,0.012161360490409334,0.018756914412149252,0.6209745589636805
1664,0.01562879339645545,0.016511765869092348,0.025445036709242683,0.6208375656814303
3008,0.007404709881039087,0.008206446509788412,0.01267223172080861,0.6207073019516874
1166,0.009771789269240107,0.013051216136049041,0.02011465352509303,0.620205259907981
1374,0.007890264627336732,0.008799683606881551,0.013577391129437795,0.6199671192925343
2458,0.008011653313911144,0.009096302155428119,0.01402997083375239,0.6196327143431402
2551,0.007161932507890265,0.009590666403005734,0.014784270340943378,0.6191207145736932
1747,0.01262442340373877,0.016116274471030256,0.02479131046967716,0.6181997741817981
1440,0.009468317552804079,0.010974886296223058,0.016896308961078146,0.6179295875197953
2252,0.010135955328963341,0.011172631995254104,0.017198028763954543,0.6177832385447258
935,0.011683661082787084,0.012161360490409334,0.018706627778336517,0.6171221161973135
2730,0.010833940276766206,0.013051216136049041,0.020064366891280296,0.6166118931555209
2564,0.006281864530225783,0.007514336563179751,0.011565925776928493,0.6155105549734721
1248,0.008315125030347172,0.009887284951552304,0.015186563411445237,0.6140996702896816
1401,0.008770332605001215,0.009887284951552304,0.015186563411445237,0.6140996702896816
1035,0.009134498664724447,0.01077714059719201,0.01654430252438902,0.6137290678531231
439,0.010318038358824957,0.012161360490409334,0.018656341144523785,0.6132593586653471
136,0.011046370478271426,0.014039944631204272,0.02147239263803681,0.6094097267262953
809,0.008922068463219229,0.011271504844769626,0.017248315397767274,0.6093723917060584
1395,0.008375819373634377,0.009096302155428119,0.013929397566126923,0.6093272863696946
2801,0.005917698470502549,0.007514336563179751,0.01151563914311576,0.6092782943591845
768,0.010196649672250545,0.012260233339924856,0.018706627778336517,0.6055352029038834
2358,0.009498664724447681,0.011271504844769626,0.017198028763954543,0.6051844561576255
457,0.009286234522942461,0.011271504844769626,0.017198028763954543,0.6051844561576255
1326,0.009771789269240107,0.01107375914573858,0.016896308961078146,0.6051068465504071
759,0.007404709881039087,0.010678267747676488,0.016292869355325354,0.6049430703520077
1561,0.007556445739257101,0.00978841210203678,0.014935130242381574,0.6045265910832269
2822,0.013443797038116047,0.016017401621514733,0.0243890173991753,0.6035157106674971
1806,0.011137411993202234,0.01265572473798695,0.019259780750276578,0.6019177437503735
2107,0.0086185967467832,0.011271504844769626,0.017147742130141808,0.600984328235251
598,0.009620053411022093,0.011172631995254104,0.01699688222870361,0.6009088574881364
1404,0.00819373634377276,0.010480522048645443,0.015940862918636226,0.6003409411405676
1282,0.008982762806506433,0.010381649199129919,0.015790003017198028,0.6002536679893818
535,0.007556445739257101,0.010282776349614395,0.01563914311575983,0.6001647272413815
2672,0.008133042000485554,0.009887284951552304,0.01503570351000704,0.5997912943722133
1801,0.011683661082787084,0.013842198932173226,0.021019812933722216,0.5991389384900832
622,0.007465404224326293,0.008898556456397073,0.013527104495625063,0.5987135602902994
932,0.009073804321437243,0.01107375914573858,0.01679573569345268,0.5965445434006064
555,0.004825200291332848,0.005932370970931382,0.00900130745247913,0.5933486588897294
2001,0.01022699684389415,0.011469250543800673,0.017348888665392737,0.5928397432138125
2836,0.012533381888807963,0.013941071781688748,0.021070099567534948,0.5923749911673447
261,0.008436513716921583,0.010678267747676488,0.016142009453887156,0.5916048022218726
1062,0.011380189366351056,0.012457979038955902,0.018807201045961983,0.590331498342225
2083,0.010712551590191794,0.012260233339924856,0.018505481243085587,0.5900217281104599
2697,0.00852755523185239,0.00978841210203678,0.014784270340943378,0.5899777250018554
3035,0.010044913814032531,0.012161360490409334,0.01835462134164739,0.5898630703631138
1087,0.01043942704539937,0.011172631995254104,0.01684602232726541,0.5881222719001393
2972,0.006858460791454237,0.006624480917540043,0.010007040128733782,0.5878657511377781
717,0.008254430687059966,0.008601937907850504,0.012973951523685004,0.5872866252287253
2934,0.011076717649915028,0.012161360490409334,0.018304334707834657,0.5859265333576201
1951,0.009073804321437243,0.01008503065058335,0.015186563411445237,0.5858137874242163
2306,0.008436513716921583,0.010974886296223058,0.016494015890576284,0.5833711858323652
111,0.00916484583636805,0.010480522048645443,0.015739716383385297,0.5821356910457567
859,0.008224083515416362,0.008601937907850504,0.012923664889872273,0.5817268556420073
1911,0.012229910172371935,0.013743326082657702,0.020617519863220357,0.581660689974097
1280,0.011289147851420248,0.013545580383626656,0.02031580006034396,0.5812523477672876
715,0.010591162903617383,0.01334783468459561,0.020014080257467565,0.580831875741104
187,0.008224083515416362,0.009986157801067827,0.014985416876194308,0.5807778630275094
2653,0.009771789269240107,0.01137037769428515,0.017047168862516345,0.5800574984306698
2155,0.007101238164603059,0.007712082262210797,0.011565925776928493,0.5785217541391978
1762,0.00958970623937849,0.011666996242831719,0.017449461933018204,0.5766807070425994
1037,0.00819373634377276,0.009986157801067827,0.014935130242381574,0.575960663370207
846,0.00895241563486283,0.009689539252521258,0.014482550538066982,0.5749302083587581
1499,0.00958970623937849,0.010579394898160965,0.015790003017198028,0.5732894933750021
3000,0.011471230881281864,0.011864741941862765,0.017700895102081865,0.5731605067909864
269,0.009923525127458121,0.011568123393316195,0.017248315397767274,0.5722230289070104
1557,0.011774702597717892,0.015325291674906072,0.02283013175098059,0.571946874946394
1229,0.009073804321437243,0.01077714059719201,0.016041436186261693,0.5694696002017186
3057,0.008557902403495994,0.010678267747676488,0.015890576284823495,0.5690966021761426
1595,0.01131949502306385,0.013051216136049041,0.019410640651714776,0.5690649346584474
2671,0.01377761592619568,0.015127545975875024,0.022427838680478727,0.5650254478396725
2554,0.009468317552804079,0.012952343286533517,0.019209494116463843,0.5650015310413199
1201,0.012017479970866714,0.012952343286533517,0.019209494116463843,0.5650015310413199
1906,0.007556445739257101,0.01077714059719201,0.015991149552448958,0.564968047848899
2462,0.0067067249332362225,0.008601937907850504,0.012772804988434075,0.5649178237717699
107,0.00980213644088371,0.012556851888471426,0.018606054510711054,0.5635866858360835
852,0.006797766448167031,0.011271504844769626,0.016695162425827217,0.5626225624370403
419,0.011805049769361496,0.015325291674906072,0.022679271849542392,0.5624238619651011
1929,0.009225540179655257,0.015028673126359502,0.022226692145227798,0.561484061425155
1756,0.008770332605001215,0.010974886296223058,0.016242582721512622,0.5613441127286594
1622,0.009498664724447681,0.011963614791378287,0.017700895102081865,0.5612875205238596
374,0.012563729060451567,0.01572078307296816,0.02323242482148245,0.5605152372535102
1605,0.007526098567613498,0.00978841210203678,0.014482550538066982,0.5604322997585206
944,0.012229910172371935,0.01562191022345264,0.02308156492004425,0.5602014450430788
952,0.009407623209516873,0.01137037769428515,0.01679573569345268,0.558746274439944
2102,0.011471230881281864,0.012161360490409334,0.01795232827114553,0.5580658526717993
2508,0.006797766448167031,0.009096302155428119,0.013426531227999597,0.5566661455996157
2064,0.007950958970623938,0.00978841210203678,0.014432263904254249,0.5554486959983379
1422,0.0065549890750182084,0.008700810757366027,0.012823091622246806,0.5542429102969365
873,0.007829570284049526,0.010282776349614395,0.015136276777632506,0.553318129544492
2954,0.01098567613498422,0.015325291674906072,0.022528411948104194,0.5528375710882394
2875,0.009013109978150037,0.01077714059719201,0.01584028965101076,0.5513784966859545
562,0.008861374119932023,0.00978841210203678,0.014381977270441517,0.5504478173311987
1124,0.008315125030347172,0.012161360490409334,0.017851755003520063,0.5500058262164521
2133,0.00958970623937849,0.011271504844769626,0.01654430252438902,0.5496052304556249
1377,0.005462490895848507,0.006327862368993475,0.009303027255355527,0.5487862607897069
2663,0.005705268268997329,0.006031243820446905,0.008850447551040933,0.5457800462824696
486,0.006221170186938577,0.007514336563179751,0.011012772804988434,0.5454285905458516
2419,0.007344015537751882,0.008898556456397073,0.013024238157497738,0.5444681901569458
2921,0.009104151493080845,0.010282776349614395,0.01503570351000704,0.5437634621557316
605,0.006069434328720563,0.008008700810757366,0.01171678567836669,0.5432949696677318
577,0.00895241563486283,0.00978841210203678,0.014281404002816052,0.540393753304009
997,0.009255887351298859,0.01107375914573858,0.016142009453887156,0.5396155051808244
1633,0.013170672493323623,0.015226418825390548,0.022176405511415066,0.5394958243583078
651,0.0064639475600873995,0.007415463713664228,0.010811626269737504,0.537932108963496
676,0.008345472201990774,0.01077714059719201,0.01563914311575983,0.533057650421195
612,0.010257344015537751,0.011963614791378287,0.017348888665392737,0.5324728857618471
2593,0.007070890992959456,0.008700810757366027,0.012621945086995877,0.5316109239729544
797,0.007708181597475115,0.009887284951552304,0.014331690636628784,0.5310758788054047
940,0.010166302500606943,0.01235910618944038,0.017902041637332798,0.5309599601510814
2438,0.008345472201990774,0.010282776349614395,0.014884843608568843,0.5293117557673466
3046,0.008072347657198348,0.010876013446707534,0.015739716383385297,0.5291923495334236
1150,0.008922068463219229,0.010974886296223058,0.01584028965101076,0.5253859578014481
1159,0.009498664724447681,0.01235910618944038,0.01780146836970733,0.5228773557518999
1154,0.011592619567856276,0.013941071781688748,0.020064366891280296,0.5221550460802722
1489,0.009559359067734887,0.009986157801067827,0.014381977270441517,0.5218818896181788
1296,0.009104151493080845,0.012754597587502471,0.01835462134164739,0.521697688781009
2860,0.008466860888565186,0.009195175004943643,0.013225384692748667,0.5196232501293184
1743,0.00873998543335761,0.01137037769428515,0.016343155989138086,0.5195743299042549
1463,0.011622966739499878,0.013545580383626656,0.019460927285527507,0.5195410051938345
2165,0.008072347657198348,0.008601937907850504,0.012370511917932214,0.5191120616450733
2447,0.008102694828841952,0.010183903500098873,0.01463341043950518,0.518703441455408
2195,0.00798130614226754,0.009491793553490212,0.013627677763250528,0.5172150805123856
293,0.00625151735858218,0.007118845165117659,0.010208186663984712,0.5139506018167614
2380,0.01207817431415392,0.013545580383626656,0.01936035401790204,0.5121041978469517
1256,0.010651857246904588,0.013446707534111133,0.019209494116463843,0.5113681143672231
3003,0.008891721291575625,0.013248961835080087,0.01890777431358745,0.5098620655593196
1711,0.008922068463219229,0.01107375914573858,0.015790003017198028,0.508004770679005
1972,0.007950958970623938,0.011864741941862765,0.016896308961078146,0.5064321936433128
2806,0.00958970623937849,0.01235910618944038,0.01755003520064367,0.502470486968248
2150,0.006585336246661811,0.008503065058334982,0.012068792115055817,0.5002633190771901
2388,0.007313668366108279,0.00978841210203678,0.013879110932314191,0.4994618343325403
637,0.010833940276766206,0.012754597587502471,0.018052901538770996,0.4979157179712712
678,0.008497208060208788,0.009096302155428119,0.01287337825605954,0.49642843159916855
965,0.008709638261714009,0.01077714059719201,0.01523685004525797,0.49570285764685557
1693,0.009620053411022093,0.014534308878781887,0.02051694659559489,0.494476068462197
2623,0.009650400582665695,0.012556851888471426,0.017700895102081865,0.49203117669181656
105,0.00798130614226754,0.009590666403005734,0.013527104495625063,0.4918112643305628
2277,0.009255887351298859,0.011963614791378287,0.01684602232726541,0.49028440788242134
2541,0.010864287448409808,0.012952343286533517,0.01820376144020919,0.4878313171498757
2276,0.007556445739257101,0.010480522048645443,0.014733983707130645,0.48749527699078504
2328,0.009043457149793639,0.011271504844769626,0.01584028965101076,0.48725465928845646
1188,0.011137411993202234,0.012754597587502471,0.017902041637332798,0.4858760865586733
1176,0.012260257344015538,0.016412893019576824,0.02298099165241879,0.4831123101737692
1235,0.0065246419033746055,0.006921099466086613,0.009705320325857388,0.4818677955434451
1852,0.010287691187181355,0.012161360490409334,0.01699688222870361,0.47961419478698675
48,0.006979849478028648,0.009096302155428119,0.012722518354621341,0.47955386303684755
748,0.007192279679533868,0.008700810757366027,0.012169365382681284,0.47935228893924003
1193,0.006767419276523428,0.008305319359303936,0.011616212410741225,0.4791317134368511
907,0.010409079873755766,0.014237690330235317,0.019863220356029367,0.4775318291309932
2953,0.009195193008011653,0.012952343286533517,0.01800261490495826,0.4718892712283076
162,0.00722262685117747,0.01077714059719201,0.014985416876194308,0.4718552169305566
2407,0.009711094925952901,0.01107375914573858,0.015387709946696169,0.47100921128783396
1732,0.008922068463219229,0.01137037769428515,0.015790003017198028,0.4702065017183426
408,0.009134498664724447,0.013150088985564565,0.018254048074021926,0.4700962429012087
449,0.006767419276523428,0.008008700810757366,0.011113346072613899,0.46767415676955393
1259,0.008679291090070405,0.01008503065058335,0.013979684199939656,0.4671646535101811
155,0.008831026948288419,0.011172631995254104,0.0154379965805089,0.462976096157717
855,0.007192279679533868,0.007712082262210797,0.010660766368299306,0.46200178230888544
795,0.008224083515416362,0.011271504844769626,0.015538569848134365,0.45968539829652116
2109,0.007495751395969896,0.010480522048645443,0.014432263904254249,0.45784865772429717
2491,0.008497208060208788,0.01077714059719201,0.01483455697475611,0.4573550934525585
2031,0.010894634620053412,0.014336563179750841,0.01971236045459117,0.4566734439596517
2282,0.009498664724447681,0.011963614791378287,0.016443729256763552,0.4556222136879681
680,0.007586792910900704,0.009887284951552304,0.013577391129437795,0.45362863301264156
977,0.009620053411022093,0.011469250543800673,0.015739716383385297,0.45325109393367474
1183,0.006403253216800194,0.008601937907850504,0.011767072312179423,0.4475554283882031
1836,0.010075260985676135,0.011568123393316195,0.015790003017198028,0.4455468503363534
2782,0.00895241563486283,0.01206248764089381,0.01639344262295082,0.4394542202883451
1072,0.009468317552804079,0.010282776349614395,0.013979684199939656,0.4394227041591647
1878,0.01787448409808206,0.019280205655526992,0.026098762948808207,0.43491481212960936
665,0.009559359067734887,0.01364445323314218,0.018404907975460124,0.42905844489145933
1323,0.010378732702112163,0.012952343286533517,0.017399175299205472,0.42297809533995945
1680,0.009498664724447681,0.011864741941862765,0.015940862918636226,0.4229624728436469
2118,0.0066156834183054136,0.008601937907850504,0.01151563914311576,0.416659911937892
1178,0.00895241563486283,0.012457979038955902,0.01664487579201448,0.41511536527939213
2846,0.007161932507890265,0.009689539252521258,0.012923664889872273,0.4118226177242918
2029,0.011076717649915028,0.012754597587502471,0.01699688222870361,0.41144881320488186
2095,0.00819373634377276,0.010579394898160965,0.01408025746756512,0.40905382223548403
2435,0.010044913814032531,0.013545580383626656,0.01800261490495826,0.4077643505852923
2301,0.00819373634377276,0.009887284951552304,0.013124811425123202,0.4050827117912767
2993,0.008102694828841952,0.011765869092347241,0.015588856481947098,0.4029224302475864
100,0.01034838553046856,0.01077714059719201,0.014281404002816052,0.4029051794940362
2710,0.010409079873755766,0.013150088985564565,0.017348888665392737,0.39713310425593945
2666,0.011258800679776644,0.01591852877199921,0.020969526299909485,0.3954162298783263
495,0.009255887351298859,0.01206248764089381,0.01584028965101076,0.39023950578932415
2516,0.00873998543335761,0.013446707534111133,0.017650608468269133,0.3899262255250976
3026,0.01001456664238893,0.011963614791378287,0.015689429749572565,0.38829680070034694
302,0.00528040786598689,0.008898556456397073,0.011616212410741225,0.380740765360859
359,0.007161932507890265,0.008601937907850504,0.011163632706426632,0.37226356753238155
2639,0.00743505705268269,0.008898556456397073,0.011465352509303027,0.36204375090827207
1028,0.008861374119932023,0.011568123393316195,0.014884843608568843,0.36093147875061415
2241,0.006281864530225783,0.008404192208819458,0.010811626269737504,0.3596200274360379
2719,0.007040543821315854,0.010876013446707534,0.013929397566126923,0.35409890570667635
2514,0.009073804321437243,0.01364445323314218,0.017298602031580006,0.3401218746808203
85,0.00852755523185239,0.01107375914573858,0.01402997083375239,0.3386438598026287
515,0.008254430687059966,0.011765869092347241,0.014683697073317912,0.3171893287211483
349,0.009346928866229667,0.01137037769428515,0.014180830735190586,0.3161670084175571
103,0.009620053411022093,0.01107375914573858,0.013728251030875993,0.3075040709392044
1427,0.006342558873512988,0.008503065058334982,0.010409333199235643,0.2887484825484824
2926,0.008497208060208788,0.011271504844769626,0.013778537664688726,0.28743237846008857
1827,0.006919155134741442,0.008799683606881551,0.010711053002112038,0.28068109637757266
844,0.01043942704539937,0.012260233339924856,0.014784270340943378,0.2680825201869053
1137,0.005037630492838068,0.00781095511172632,0.008850447551040933,0.17810793773374
