outcome,shap_x,shap_y,raw_x,raw_y,s1_entity_id,cand_entity_id
TN,2.0285633,-52.59193,61.775803,2.8140316,S1-88855031,S2-990185409
TN,19.458977,-3.3463235,29.239521,-19.92848,S1-859371702,S2-287536520
TN,-15.163632,16.82315,-13.287489,-2.7587445,S1-54453360,S2-903934672
TN,-45.596066,-30.752756,-43.43269,13.061876,S1-331494122,S3-258501581
TN,-7.0165176,21.245056,-50.438198,14.120171,S1-659887759,S3-324365098
TN,29.61157,-10.023002,20.725239,-52.39287,S1-308557340,S3-905737641
TN,28.302294,-55.19112,61.62565,32.464283,S1-905324043,S3-66420868
TN,-41.759674,-26.968008,-28.121456,-17.98969,S1-520122380,S3-980488566
TN,61.90863,-18.186872,77.40364,-19.76682,S1-119251996,S2-98180359
TN,-36.622948,-9.646766,-9.427546,-40.413177,S1-208743157,S3-449343288
TN,-11.022731,30.281126,-47.609783,-5.8301663,S1-322128806,S3-297611008
TN,-36.56947,44.075108,-40.487392,0.6190706,S1-605339047,S3-927882195
TP,49.832798,28.626043,11.606959,32.01086,S1-382030478,S3-286688351
TN,-46.104263,-27.249514,-32.36085,11.130004,S1-390796739,S2-589958420
TN,-45.086197,17.66479,-12.581151,33.607307,S1-805390459,S2-812179090
TN,6.3498,3.8722522,-12.435364,-8.582419,S1-300059226,S3-976297826
TN,-2.0837119,-27.57014,11.767778,-47.07432,S1-530358861,S2-814318835
TN,7.730228,-4.404278,9.109849,-8.868781,S1-983191141,S3-916985383
TN,26.776339,-72.39375,87.765305,3.6726964,S1-356481314,S2-527821064
TP,67.25859,28.246834,9.032244,51.947895,S1-549663705,S2-539724761
TN,-79.099266,22.820728,-47.003395,43.901546,S1-897403550,S3-830714128
TN,-1.1108884,50.43396,-55.777756,-11.368006,S1-863228374,S2-610965124
TN,23.180443,-63.45736,68.46447,36.361515,S1-24038973,S2-659691948
TP,44.007565,34.3452,3.8001647,33.56009,S1-78035784,S2-643625761
TN,-57.245617,29.904707,-23.87488,45.777134,S1-399642613,S3-342625654
TN,6.945063,-45.201664,54.71527,3.31837,S1-361864455,S2-750665204
TN,-3.7543898,12.481548,-27.632708,-21.360113,S1-224055852,S3-489293189
TN,-15.948599,10.329047,-35.356613,12.312008,S1-415057283,S2-73874827
TN,-26.108307,16.466278,-28.069368,13.153004,S1-492399365,S3-174038947
TN,-27.050348,15.893733,-27.83949,14.662792,S1-867068138,S2-659957013
TP,54.36095,31.926416,0.509207,40.901245,S1-241236468,S2-371730439
TN,20.376486,39.072166,-24.151758,-44.852615,S1-931797052,S2-438508639
TN,0.08282715,-60.874653,48.031086,-35.80115,S1-724355327,S2-4684186
TN,44.559395,4.4936295,40.34727,-60.42125,S1-843502819,S3-430394934
TN,-30.708755,-7.188045,-57.28092,36.032726,S1-938474849,S3-839716560
TN,47.173077,-25.30938,67.79359,11.050949,S1-983436139,S2-228657843
TN,18.413694,-47.16274,49.645287,23.644753,S1-230301439,S2-259627226
TN,24.44671,-65.70638,86.41502,1.3026474,S1-434829251,S2-499914760
TN,-30.68072,-31.117054,-30.265314,-39.38495,S1-447559780,S2-763308034
TN,-18.274467,46.460556,-0.9280982,6.649343,S1-401427509,S3-135718824
TN,27.880238,-5.0060334,29.402964,-14.56982,S1-396659564,S3-719685227
TN,13.738108,-15.296675,25.17913,2.1991332,S1-580778924,S3-483431691
TN,3.388306,46.1227,-54.359848,-16.586384,S1-60232496,S3-79023980
TN,-70.20402,12.329501,-26.519037,49.866226,S1-427214393,S2-454335776
TN,-12.010372,36.02275,-45.8023,-4.8697243,S1-127229722,S3-373200054
TN,-30.712812,12.336169,-47.571846,9.706448,S1-267819935,S3-450597902
TN,2.4536972,22.424541,-15.930159,5.4731264,S1-626636383,S3-670156833
TN,45.527943,-13.932107,22.058764,33.879936,S1-192165724,S2-668971922
TN,24.485903,-9.082336,27.053965,-5.1446924,S1-413506235,S3-255268811
TN,26.971863,-69.183044,82.55559,-5.266507,S1-319282340,S3-675093337
TN,15.869228,33.44857,-67.375114,3.2871463,S1-230890862,S2-58547858
TN,43.699,10.056204,19.962603,-73.28938,S1-333730336,S2-444575945
TN,0.66533935,-29.138271,20.31917,-38.0263,S1-228796419,S3-376301624
TN,7.32748,36.322327,-63.868023,-7.767982,S1-147418930,S3-485546061
TN,15.5761385,-40.6147,41.044353,12.677302,S1-701791124,S3-942885685
TN,-29.105717,4.85782,-11.955433,-35.673897,S1-508760380,S3-702435598
TN,-12.2232065,24.035702,-43.532806,-16.829233,S1-830399760,S3-469094114
TP,52.77381,44.225533,5.5412765,65.95568,S1-822103272,S3-872589671
TN,53.272846,7.986295,33.146835,-70.50038,S1-246770607,S2-461843929
TN,57.40505,-18.771152,68.75392,-19.02745,S1-430117425,S3-162630642
TP,68.5452,28.426132,10.217518,52.529175,S1-423924385,S2-739128262
TN,6.277516,-15.182423,14.679171,-11.998319,S1-828168465,S3-211870300
TN,-0.19251667,-64.89634,49.446667,-30.345785,S1-878744738,S3-971685034
TN,3.480108,14.298349,-47.09886,-33.39745,S1-21685716,S2-72442657
TN,-51.0176,-25.095522,-14.393059,-41.038452,S1-637739988,S2-509512162
TN,-18.894886,-39.651676,16.136145,-1.391673,S1-12738689,S2-542493275
TN,8.6395855,38.46321,-71.75932,-5.621542,S1-397421294,S3-213771222
TN,5.7791567,-4.301516,4.222831,-17.956606,S1-467387867,S2-148816947
TN,-30.60225,39.752975,-48.816788,8.936972,S1-79058494,S3-617106895
TN,-23.624514,-1.7527326,-30.775848,-41.930325,S1-907810658,S3-293692764
TN,24.05779,-3.6871257,35.024258,-10.960701,S1-300789702,S2-950329445
TN,-19.449295,41.748158,-0.20925333,2.8849235,S1-992403121,S2-933796824
TN,9.850606,-41.925613,44.799786,7.1975183,S1-662864745,S2-390274881
TN,-32.46236,41.77213,-48.474957,35.555096,S1-281348564,S2-594270551
TN,-13.688394,12.5287,-35.171688,16.205524,S1-548636343,S2-609501255
TN,10.685204,39.112785,-55.26639,-33.221367,S1-892043442,S3-597520502
TN,35.73916,-33.37645,37.072235,32.000866,S1-981859826,S3-164991369
TN,-19.34373,18.005981,-10.13008,5.800787,S1-821168838,S2-390508224
TN,-41.5669,18.940544,-9.862328,33.727768,S1-784212089,S3-174724952
TN,48.377575,5.5291157,36.73258,-54.133305,S1-586312383,S3-739710618
TN,-22.566729,2.1909597,-22.585648,-41.988445,S1-513529451,S3-445263687
TN,-4.596036,30.987106,-41.7427,22.962358,S1-50389834,S2-651229959
TP,62.91847,22.116348,17.988205,44.616673,S1-497104269,S3-254228637
TN,20.550138,-61.084663,77.84101,0.038087357,S1-434048288,S2-800437172
TN,-33.911003,-7.159755,-30.911413,-50.629536,S1-83487102,S3-920642722
TN,3.8579392,-10.62944,14.565966,-10.366319,S1-92516569,S3-878501181
TN,-40.391014,-34.90182,-33.429714,-22.01429,S1-113978393,S2-32433296
TN,-25.546755,15.585916,-26.076193,-14.647088,S1-465159061,S2-132153549
TN,-48.05796,-31.838892,-43.89324,15.398938,S1-5118550,S3-10586288
TN,15.227261,48.620747,-66.42945,-17.639559,S1-300998862,S3-497141268
TN,-35.04714,44.081036,-41.470005,13.473823,S1-724299105,S3-854934511
TN,-13.118307,19.561535,-18.183622,6.2153897,S1-98335244,S3-243622736
TN,10.646331,-10.563344,13.285978,-5.6636295,S1-718386618,S2-319664017
TN,18.798016,-11.329317,19.336344,-18.231855,S1-279534739,S2-138193487
TN,34.970432,9.894796,19.028444,33.674915,S1-979578554,S2-811177587
TN,28.677277,-59.3648,81.23158,-4.409484,S1-401967098,S3-389346332
TN,-13.038173,29.69126,-12.601945,-2.7797234,S1-637362456,S2-446432723
TN,59.600037,-21.035425,69.626114,-19.194307,S1-666704021,S3-11868977
TN,3.7351785,-7.1914196,19.338638,-12.101263,S1-809037767,S3-60568642
TN,10.956943,42.254875,-64.11849,-2.0373087,S1-500498810,S2-418154053
TN,-16.619675,31.684566,-40.7171,-10.4373045,S1-905354369,S2-858849683
TN,-9.210598,8.279765,-36.165077,18.923702,S1-259205736,S2-397730463
TN,-51.77956,-3.984388,-45.77278,9.519848,S1-941088541,S3-471442719
TN,18.224241,-18.232729,22.088783,-1.6876185,S1-510330126,S3-146326763
TN,-71.83006,12.171365,-40.378063,45.056786,S1-216872193,S3-330041828
TN,11.517786,33.46171,-51.624683,-31.723135,S1-529365056,S2-401383284
TP,53.495304,30.287113,2.316301,40.0024,S1-595669364,S3-347732212
TN,46.884174,-25.220354,67.8174,11.220002,S1-112549177,S3-889391451
TN,-67.631935,29.723057,-31.419127,57.871918,S1-494258152,S3-694722669
TN,51.039444,-20.552628,36.50688,21.129694,S1-166419153,S3-609928439
TN,-16.02733,32.96226,-37.96021,-6.2623262,S1-992242122,S2-18613560
FP,43.55325,32.23989,-1.8028691,34.313095,S1-551236981,S2-128594740
TN,-4.50297,-26.285173,11.112715,-48.212452,S1-893747542,S2-127490707
TN,-21.199795,-42.47902,22.391033,-1.6979165,S1-663185178,S3-528254673
TN,31.582125,-9.096826,20.28744,-49.517765,S1-42057710,S3-814784322
TN,-6.4631014,9.3238535,-54.043777,10.493193,S1-202602869,S2-31957990
TN,1.2342818,30.853813,-29.951054,-4.680304,S1-261539210,S3-761924164
TN,-33.655354,39.015335,-38.185596,17.573723,S1-776104183,S2-867621954
TN,-19.378407,21.948433,-9.548941,8.731874,S1-444987351,S2-59759166
TN,9.475205,5.347738,-11.354854,-43.224525,S1-269718039,S2-676464561
TN,1.259907,22.389801,-48.664272,15.392884,S1-136600510,S3-649108362
TN,46.278957,5.7934375,39.38721,-60.479004,S1-173619578,S3-121062315
TN,13.989703,49.02492,-69.14975,-3.4821494,S1-789145169,S3-215484981
TN,-25.68438,2.7105665,-17.383781,-40.23354,S1-462080478,S2-584157330
TN,25.96902,-12.244573,18.16351,-55.574306,S1-270602638,S3-62766446
TN,11.883981,-44.38007,53.54793,1.3103752,S1-351326580,S3-815327605
TN,1.8251495,50.426235,-57.108,-21.837055,S1-462304670,S2-308556151
TN,22.852657,-46.648315,46.996357,21.540794,S1-995357165,S3-31915991
TN,22.14288,-58.119713,81.654396,1.6689173,S1-577580583,S2-417385728
TN,47.779045,2.537044,36.715096,-54.42401,S1-155236601,S3-164509402
TN,-21.56305,-1.9602009,-28.141012,-39.540916,S1-543201909,S3-394959206
TN,-6.5368676,-22.185308,6.180946,-47.715466,S1-170934192,S3-380402507
TN,10.315471,-23.84794,38.47542,-3.9433908,S1-778853289,S3-942772141
TN,-27.90547,20.830217,-19.778214,20.110928,S1-976210658,S3-243156971
TP,47.51021,26.874964,25.420435,13.813129,S1-189974671,S2-371845425
TN,-40.085907,-28.182575,-38.992844,-16.51715,S1-787802397,S2-991427047
TN,46.981697,5.9147496,37.02097,-60.27767,S1-880718750,S2-565507271
FP,48.614536,9.789421,33.43328,-72.37386,S1-954841430,S2-438654951
TP,45.23068,34.423107,3.9708538,33.878296,S1-293422413,S2-973714989
TP,51.26304,27.272287,17.706182,38.886612,S1-522786284,S3-138438230
TN,-33.204758,-16.415087,-54.398354,34.419968,S1-423358838,S3-698258318
TN,-45.2551,-38.691277,-51.409607,-35.45157,S1-657721780,S3-372186980
TN,6.328758,-17.166054,40.01545,-3.8807569,S1-31000478,S3-971750946
TN,4.078416,-32.356503,22.41249,-44.612225,S1-614047528,S3-692099722
TN,12.073546,-39.255424,25.93818,14.085604,S1-143811028,S2-325556882
TN,13.615837,45.79089,-66.90559,-1.156589,S1-505471845,S2-47399624
TP,46.658554,23.98292,12.929345,31.840313,S1-722260016,S3-596356256
TN,21.318134,-0.2587772,32.037704,-16.08748,S1-312241656,S2-958552755
TN,0.6127768,-43.393093,51.18797,-12.567567,S1-122098627,S3-301393389
TP,59.252815,20.333744,18.043142,46.691402,S1-317502633,S3-817323776
TN,45.564777,5.0061846,35.46568,-54.83896,S1-674212046,S2-155555824
TN,-7.4833403,17.106607,-49.215324,11.815618,S1-989148363,S3-854692486
TN,-69.96364,26.321945,-33.66122,56.094788,S1-414285814,S2-312279241
TN,-4.361778,29.354546,-31.516174,5.899001,S1-132217103,S2-817870878
TN,-50.014843,-29.076157,-30.119717,16.181873,S1-36382573,S2-43034305
TN,15.044753,-5.3206463,25.03699,-20.621904,S1-382854604,S3-948672383
TN,2.1562288,-61.849648,49.054226,-33.07685,S1-354090387,S2-789747408
TN,-27.662844,10.772453,-15.776007,-40.937386,S1-793361316,S2-941550491
TN,45.898125,-25.839016,31.791967,24.129913,S1-417544028,S2-264637633
TN,-66.43786,19.638874,-25.703634,50.590366,S1-290634355,S2-455291745
TN,-9.65856,35.143272,-46.707275,3.1367624,S1-441846360,S3-138182945
TN,-14.4985075,-31.746716,22.053255,-37.298546,S1-561079014,S2-130460841
TN,44.103382,4.3491077,36.61538,-54.00461,S1-952225613,S3-546406848
TN,-32.893673,40.90012,-33.685917,22.7942,S1-768895539,S2-29347916
TN,14.743561,52.19963,-65.73026,-23.383745,S1-632789255,S3-177506276
TN,-68.03924,22.735334,-35.421036,44.660397,S1-167810325,S2-584527330
TN,-27.46486,24.81207,-21.785343,6.0947623,S1-966007383,S2-817065661
TN,5.454221,-3.2789028,7.245802,-17.091675,S1-252730027,S2-677231082
TN,-6.6541,49.22019,-2.9369342,8.996518,S1-681426513,S3-216829778
TN,26.556154,-72.469406,41.747993,-1.5605142,S1-514458250,S2-275041743
TN,1.1159381,1.3965482,22.288393,-72.02501,S1-221406488,S2-449500917
TN,21.193312,-60.450832,67.41204,34.1619,S1-721876566,S2-288660930
TN,-3.3306034,29.647974,-52.60781,9.742043,S1-33274505,S2-905036777
TP,53.639095,27.104437,7.764231,38.936768,S1-684474623,S3-708975737
TN,-16.187294,-39.08103,16.247004,-14.510575,S1-677638041,S2-829865436
TN,-33.563652,-7.0985413,-30.96878,-50.512524,S1-667384256,S3-111191396
TN,-47.78654,-31.418291,-51.989452,11.439981,S1-446120490,S3-776648871
TN,57.917114,-22.659243,74.47457,-25.002218,S1-561601448,S2-890800252
TN,-68.9558,27.17188,-33.756493,54.438408,S1-88400393,S2-897892620
TN,-14.129322,28.092329,-12.254081,2.3218498,S1-2248422,S2-332004477
TN,-41.882423,-38.08406,-33.021114,19.517231,S1-413760183,S2-423442473
TN,-14.540982,46.750763,-5.5463696,6.51375,S1-104338537,S3-401390729
TN,-47.61317,-30.266878,-24.943714,-15.3172655,S1-103138077,S2-887815718
TN,-25.76254,-11.99531,-52.78555,37.568733,S1-715280750,S2-885367487
TN,46.045673,2.6706762,39.59801,-58.17932,S1-829734,S3-454977423
TN,5.995071,17.418072,-42.15625,-20.65358,S1-604607988,S3-165115703
TN,-1.8113899,21.133837,-50.518414,18.35959,S1-740876116,S3-627940494
TN,-26.04623,64.05013,1.0103372,71.576836,S1-898823445,S3-946863440
TP,51.54421,40.684574,4.19014,67.05516,S1-143750065,S2-224221206
FN,48.977844,8.301285,33.997597,33.593147,S1-254049862,S2-742101196
TN,14.826633,-20.045334,27.139503,-1.8300004,S1-639017428,S3-264664887
TN,-7.1174626,14.099107,-43.820347,18.999973,S1-394214813,S3-40333814
TN,-2.292566,23.018654,-47.10204,18.359386,S1-778467277,S3-115153196
TP,58.639683,38.89797,7.768884,36.45617,S1-951944591,S2-188938001
TN,-4.0509605,12.265605,-29.793186,-24.028658,S1-682755389,S2-69098793
TN,25.41216,10.951148,10.746248,21.206175,S1-178811373,S3-353942510
TN,9.411638,50.650517,-26.273457,-6.010847,S1-8397778,S3-471878594
TP,57.445644,21.711138,17.526821,36.513443,S1-907603460,S2-982923472
TN,-13.06624,21.007416,-11.797084,9.178505,S1-119083085,S3-175270369
TN,1.8231875,-22.51828,18.343422,-51.533775,S1-526519055,S2-658813023
TN,10.146025,-44.084625,43.07741,11.625839,S1-565710273,S2-702517883
TN,-52.313347,-0.84580076,-45.34746,-8.757747,S1-721290060,S3-266213706
TN,-50.623096,-1.9925755,-42.47575,-4.8631406,S1-346538383,S3-678053554
TN,-15.996698,32.152084,-40.32165,-8.852549,S1-204500018,S2-434938579
TN,34.925,-29.396645,35.373165,34.120144,S1-874331202,S2-440934019
TP,57.711445,22.71819,18.181261,45.255688,S1-338061909,S2-293023276
TN,-40.13159,19.532234,-9.869409,32.349606,S1-285726011,S3-930509940
TN,-36.39718,38.603256,17.159481,-73.41823,S1-319665442,S2-985435677
TN,-21.652725,26.544764,-38.133022,13.447374,S1-186497804,S2-251899547
TN,22.800917,-46.582767,47.01559,22.12528,S1-345983661,S3-86099889
TN,60.004494,-22.874989,70.21847,-17.206253,S1-171707888,S3-318980917
TN,10.66256,46.941074,-62.060852,-17.40711,S1-295469731,S2-990309869
TN,-33.3769,-12.274394,-49.531372,32.85578,S1-355244893,S2-458567409
TP,52.388798,31.29929,4.7242427,41.328144,S1-526816965,S3-27708836
TN,-23.906698,21.495632,-54.155693,17.18345,S1-113892604,S3-303912120
TN,-47.246704,-21.656599,-18.41044,-39.356647,S1-940662884,S2-210733741
TN,-8.753983,37.345596,-2.545686,0.3772832,S1-261252326,S2-480428967
TN,4.7212706,51.103653,-28.36416,-45.38442,S1-161011525,S3-5641185
TN,-68.75198,10.677371,-24.967741,42.388172,S1-937470065,S2-982512189
TN,-22.546444,44.31941,0.3158868,2.1603205,S1-726933534,S2-597336534
TN,-39.0258,49.588425,-10.644146,31.183496,S1-122082249,S3-969753777
TN,-30.048107,-6.512755,-56.632034,37.07559,S1-499483341,S3-376231181
TN,-49.701916,-28.20066,-15.256255,-45.702473,S1-779447107,S3-465180549
TN,43.451622,8.839564,23.247465,-71.91236,S1-268735060,S3-954511568
TN,-27.993187,5.286679,-15.972627,-47.122192,S1-774592552,S3-989141387
TN,59.869305,-18.106369,73.98828,-25.159294,S1-707643495,S2-131021071
TN,-12.3457,-29.535343,11.77933,-47.862255,S1-981999970,S2-736034008
TN,1.0971704,1.3300606,22.289108,-72.07354,S1-835739734,S2-113977341
TN,24.046515,-27.506512,29.975744,24.701986,S1-60430619,S3-237478679
TN,28.6861,-68.60402,89.13965,0.8947958,S1-2095293,S3-45333370
TN,-17.38139,11.363323,-9.914535,6.7122407,S1-664058462,S2-135671141
TN,-52.394806,-35.365406,-38.55751,-3.1297798,S1-783292389,S2-549737679
TN,-59.09398,21.770887,-23.404913,47.281128,S1-971882004,S3-523439542
TN,11.841275,-20.152294,34.87168,-3.732089,S1-200894143,S3-711062963
TN,-65.61212,22.947515,-34.7561,47.160263,S1-249242612,S3-952826213
TP,67.05911,27.2054,9.872604,47.893913,S1-108938379,S2-171633025
TN,61.152035,-22.091208,69.315384,-18.23668,S1-674846845,S3-578394226
TN,-28.88764,25.16107,-37.644238,-18.142616,S1-823305278,S2-135234859
TN,-76.23126,20.649632,-46.686398,40.651733,S1-506480442,S2-264426994
TN,-1.1551381,48.79594,-58.30657,-12.239211,S1-649590855,S3-317383301
TN,15.608513,50.93004,-71.51431,-2.0870855,S1-970114264,S3-826108136
TN,6.5403385,-46.6746,58.40811,-0.33673152,S1-955938762,S3-430382755
TN,16.316381,-51.76764,38.824486,-6.5576015,S1-711086204,S3-468252110
TN,-15.178714,37.547855,-46.687035,-3.3712964,S1-240470360,S3-465890710
TN,16.658993,40.2662,-66.40432,-19.44025,S1-921312477,S2-960464018
TN,-10.453823,8.956138,-14.468627,0.74443614,S1-692798650,S2-665521258
TN,-26.21236,63.95268,1.0838335,71.39581,S1-657625073,S2-347568123
TN,23.131903,-61.393223,65.177315,36.816338,S1-572328662,S2-446658191
TN,43.69666,-15.04198,20.418861,34.291992,S1-798922779,S3-222016414
TN,-12.288793,22.766607,-32.823505,5.911865,S1-143456509,S2-70893439
TN,-30.329176,43.52038,-43.829838,-9.924777,S1-106062187,S3-733868327
TN,-22.657438,11.013087,-18.001987,8.941851,S1-531486680,S3-78273547
TN,-5.0210276,9.53553,-17.744837,-0.6623251,S1-934870402,S2-128258538
TN,60.116886,-19.805895,77.89244,-17.560068,S1-39164411,S3-944910577
TN,-2.0265882,44.05643,-56.220726,-17.522442,S1-369063389,S2-804760048
TN,-25.062998,38.465736,-55.226112,7.8781548,S1-236649547,S2-80734647
FN,-27.669302,35.068516,-42.765537,-6.428065,S1-241236468,S3-430906069
TN,9.5059595,52.728226,-25.301949,-7.9573197,S1-401732822,S2-37793481
TP,39.520763,32.774662,1.8872927,31.809607,S1-119444193,S2-771957183
TN,-24.81746,3.7933962,-14.961517,-44.073105,S1-813001632,S2-906960629
TN,-61.548096,8.754895,-34.511093,47.641872,S1-568335854,S3-855534577
TN,46.925213,-1.8230652,25.562796,13.016311,S1-824384269,S3-582745937
TN,34.557884,-34.71828,35.65506,34.807274,S1-291943717,S2-990031995
TN,-52.626457,-33.812454,-28.902058,20.35822,S1-94152109,S2-693641422
TP,45.370308,30.83153,2.61803,36.894505,S1-431132856,S2-520405457
TN,16.562805,1.1923524,18.794125,-72.43814,S1-765457333,S2-759160799
TP,45.418068,29.210154,9.1243725,28.843359,S1-933077107,S2-130717610
TN,18.826286,-3.436106,27.335989,-21.06319,S1-609691436,S2-89057025
TN,-26.469055,43.585777,-43.065174,-20.92167,S1-407453636,S3-222078216
TN,-44.750195,21.120699,-13.92818,35.033566,S1-347072612,S3-424259975
TN,17.44427,32.54456,-67.061325,1.9708519,S1-210179597,S2-11204346
TN,-67.4977,28.22357,-32.74748,54.5861,S1-949180755,S3-123693109
TN,-8.232622,41.83926,-0.18808825,1.3577459,S1-407590330,S2-95043209
TN,-11.369463,30.19703,-42.580593,-16.283514,S1-806786299,S3-619485890
TN,-35.465324,-12.736129,-53.641968,30.589844,S1-63237009,S3-904326207
TN,5.790844,-12.567265,16.246265,-8.316086,S1-449383218,S2-39512613
TN,-6.734634,40.98077,-4.186711,1.4775798,S1-37044947,S3-210544370
TN,25.960537,-3.198936,28.594614,-18.58488,S1-986946821,S2-132670311
TN,51.307056,-9.687146,44.950466,-61.00841,S1-266919061,S3-10256260
TN,-15.785995,-56.823654,35.901993,-34.735012,S1-718782962,S3-454357547
TN,21.85789,-6.989582,23.71019,-20.454824,S1-228153519,S3-293754154
TN,36.797512,-31.71448,38.62937,36.965607,S1-658071802,S3-11460771
TN,-8.335477,-27.56383,9.44053,-43.594643,S1-969053006,S3-257137183
TN,-25.919323,63.655605,0.6173848,71.81767,S1-564861849,S2-822151136
TN,-61.50519,24.337807,-25.77944,46.009087,S1-325444504,S3-308713089
TN,12.617465,-3.0932598,16.720453,-19.920456,S1-436607619,S3-123052665
TN,30.943977,-61.04073,62.75232,36.3107,S1-740033741,S3-995522736
TN,-22.3842,-38.34603,14.173596,-6.404773,S1-571672510,S2-713340063
TN,-38.58787,48.08175,-18.83172,23.85109,S1-701019374,S2-554493009
TN,-6.0454984,30.189638,-49.56459,-2.4743984,S1-830624103,S2-913987153
TN,1.8974406,-64.873085,50.377056,-29.725191,S1-780741670,S3-181761561
TN,9.885917,-38.240803,35.65847,18.008347,S1-509793242,S2-125447975
TP,47.019135,38.568672,-1.8245376,26.833889,S1-209692889,S2-225368852
TN,-14.7874775,-4.1119075,-46.38735,-39.502983,S1-582395942,S2-316086112
TN,-44.972305,-23.888695,-23.808052,-43.291435,S1-250166656,S2-626147547
TN,-41.355804,16.52001,-11.181289,30.107002,S1-177024292,S2-228465148
TN,-16.538507,41.433422,-8.62394,-7.32676,S1-763661780,S3-974012548
TN,-20.157566,32.79605,-43.035465,-16.738377,S1-780498960,S3-230266854
TN,-6.2996335,-19.271372,12.974775,-39.595192,S1-471853784,S3-916648769
TN,34.051735,-35.330833,39.029594,31.25796,S1-169798873,S3-473011221
TN,-21.10036,29.903336,-33.391506,8.294065,S1-764376087,S2-379530763
TN,-61.505135,8.799026,-28.331326,43.271927,S1-370961447,S3-300163534
TN,-3.1057627,17.036877,-42.019592,6.364725,S1-913582839,S3-337179381
TN,-11.568301,32.946136,-45.015636,-6.052461,S1-846500153,S3-860145385
TN,32.225193,15.982929,11.33557,29.85155,S1-792315782,S2-460181518
TN,-38.854454,47.467594,-16.387342,31.457674,S1-815089267,S3-9718377
TN,-29.705635,46.867493,-32.316334,-36.610374,S1-254702313,S3-259467375
TN,-7.91037,7.4880214,-39.470226,21.673037,S1-636366140,S2-412886053
TN,23.678257,-4.0643845,25.064981,-15.848011,S1-76300074,S3-660554263
TN,23.845741,-10.043952,34.749176,60.719604,S1-181789864,S3-584302353
TN,-2.1330557,23.821323,-48.46441,17.710148,S1-867852411,S3-273983326
TP,50.352573,27.761711,17.214848,46.152008,S1-652012017,S2-995851817
TN,26.710295,-27.781109,31.399336,26.85223,S1-603016584,S2-605508753
TN,4.040462,12.715958,-50.770885,-36.014286,S1-371221457,S2-169880245
TN,28.828848,-72.60515,92.36319,-0.59172314,S1-832447394,S3-706410439
TN,10.619353,-48.04214,52.45814,-6.175326,S1-613533368,S3-798864726
TN,-35.886963,40.153248,-23.75601,-21.708199,S1-246607581,S3-218361111
TN,-19.364225,33.1364,-43.009506,-18.85777,S1-912897547,S3-816950376
TN,25.837673,-70.59582,90.1472,4.116753,S1-320482971,S2-664399358
TN,27.626837,-11.9044285,16.960388,-53.747948,S1-143942615,S2-753150776
TN,12.492718,40.134228,-68.34926,-3.9937947,S1-613856067,S3-624584934
TN,-2.7502337,14.674925,-46.172005,-35.13808,S1-171490912,S3-454706348
TN,1.484658,-9.159246,15.4722185,-10.720211,S1-832819990,S3-44075207
TN,-22.874199,2.95093,-18.956203,-45.183365,S1-461839585,S3-212102762
TN,-45.261005,-42.748756,-47.49799,14.470642,S1-753267121,S3-265071399
TP,44.755024,32.31146,-0.5899668,35.608543,S1-818974430,S2-486660093
TN,-4.756922,-24.186203,9.920484,-48.17517,S1-324753054,S2-421719654
TN,-1.5566418,11.553529,-46.147736,-43.780144,S1-371812065,S2-250226279
TN,53.34018,7.1571918,33.715878,-73.001526,S1-530935825,S3-827420010
TN,10.295689,-57.101616,46.170353,-12.500719,S1-736090513,S2-366199712
TN,30.08831,12.31817,11.67229,27.307934,S1-570693881,S2-817462957
TN,-6.587415,49.032913,-6.020321,-4.9800067,S1-615998598,S3-546228976
TN,-66.18295,21.03233,-31.441275,47.93126,S1-137190934,S3-96144896
TN,44.45231,2.366547,37.687973,-60.516113,S1-38901069,S2-757565582
TP,49.718304,31.119877,-0.8609465,36.485313,S1-750662594,S3-349090570
TP,43.71136,13.571534,12.720515,17.594236,S1-463773692,S3-823696333
TN,-37.185783,47.75778,-17.233198,25.648678,S1-553962083,S3-799880326
TN,-20.925278,21.455828,-9.419516,7.4967127,S1-636001144,S2-388467948
TN,-16.831303,36.90009,-21.12794,-33.670483,S1-129569191,S3-222891561
TN,-4.2343626,28.896378,-36.643784,24.834871,S1-805098933,S2-835844103
TN,4.74826,-26.099428,16.059566,-41.238235,S1-160748617,S2-86341516
TN,21.39424,-59.289894,68.83048,36.219776,S1-998262774,S2-141301483
TN,-42.269722,-27.051533,-24.881632,-13.495511,S1-873433257,S2-240543863
TP,48.53814,32.176147,1.2320732,38.59622,S1-709492529,S2-372794752
TN,61.400177,-14.221072,79.725815,-18.642567,S1-578068899,S3-183320475
TN,-20.314795,27.35428,-20.669481,23.064901,S1-242158514,S2-73364269
TN,13.891503,-61.72576,40.912193,-0.4849804,S1-13335916,S2-212812898
TN,-50.767788,-28.42781,-28.445734,13.3525915,S1-883694571,S3-637176560
TN,-15.46211,-6.333513,-44.073826,-43.269104,S1-997768126,S3-227645949
TN,-15.668022,12.033281,-14.662459,-4.364015,S1-722933857,S2-158401614
TN,18.050863,-11.243514,34.57553,-3.7320087,S1-924958342,S2-567827335
TN,22.05065,-7.6623178,22.249115,-20.02333,S1-299662226,S2-614433570
TN,-65.09339,18.761024,-27.425194,51.14196,S1-151179651,S2-768405527
TN,26.1492,-52.506195,80.04991,-6.2804766,S1-755149155,S3-339056821
TP,63.226376,25.363878,12.546663,53.07683,S1-413037642,S3-481192287
TN,-32.24345,34.39624,-40.137245,20.303108,S1-908600691,S2-784144207
TN,-10.815993,17.338505,-26.946756,-20.80478,S1-894483428,S3-907676665
TN,-57.660595,28.157854,-33.69941,45.99513,S1-173619578,S3-629174056
TN,28.215448,-53.451363,67.20688,27.486404,S1-217683494,S3-211140950
TN,-64.07599,28.113932,-25.45773,40.308083,S1-631526453,S3-448265822
TN,1.3280816,0.97561157,19.594961,-71.8808,S1-291465853,S2-623204043
TN,55.662636,-28.239883,61.037903,-6.1710863,S1-784948521,S2-800067787
TN,20.517576,-48.19333,47.34916,19.90528,S1-420409722,S3-489006018
TN,22.698116,-61.120007,69.074745,36.344227,S1-88399768,S2-845096776
TN,24.752983,2.3458712,30.811237,-15.255317,S1-455916654,S2-893215387
TN,-10.632455,31.471817,-44.030697,-4.374194,S1-474657305,S3-129063539
TP,49.47962,13.329222,32.196655,-72.66971,S1-822205394,S3-484055822
TN,31.704132,-63.137787,90.62578,-0.958159,S1-437322513,S3-408115367
TN,-73.92799,11.356388,-36.954117,42.186222,S1-992639501,S2-588244452
TN,4.349804,-4.555276,15.451528,0.20579828,S1-917024632,S2-213211635
TN,-3.7620199,21.975739,-48.309532,-36.427704,S1-152519148,S3-473355026
TN,-11.438804,25.651691,-37.02586,-20.024511,S1-851770283,S3-133824542
TN,24.770618,-3.7438831,30.348103,-17.11827,S1-450907156,S2-289992358
TN,3.8705394,-12.033114,1.8519788,-17.977032,S1-579826980,S2-284649482
TN,63.81288,-23.515047,48.27564,-26.129896,S1-219061910,S3-875935975
TN,6.7400465,-39.325176,26.42438,13.487588,S1-823707421,S2-232226657
TN,-9.620332,-18.972311,11.292111,-40.3576,S1-368144519,S3-199202860
TN,23.235065,-64.81721,69.95487,29.972908,S1-929462261,S2-732359332
TN,54.477856,-17.04444,39.14891,28.97663,S1-648379513,S2-746392192
TN,-8.146096,10.456778,-12.784981,6.5228434,S1-465555252,S2-60963613
TN,-22.763563,-17.79803,23.03518,3.1501877,S1-30454306,S2-271169887
TN,13.737275,41.809105,-65.89095,-0.33971363,S1-908562154,S2-403873190
TN,-51.67178,-2.8076608,-31.27248,20.156742,S1-346718545,S2-927112957
TN,1.0124956,38.539238,-58.068184,-8.792369,S1-889364716,S3-513733807
TN,43.497086,8.801408,23.540035,-71.06045,S1-241142732,S2-750848430
TN,-22.260937,-19.98066,5.9659243,-36.801136,S1-41889066,S2-464209641
TN,51.352776,-8.203682,43.728455,-58.598293,S1-332050539,S2-52390572
TN,-53.939793,-2.9663768,-69.35478,-12.216455,S1-754417862,S2-704905364
TP,18.657269,13.095797,26.115881,14.687699,S1-61467532,S3-382969680
TN,-47.082104,-23.794651,-26.714546,-40.160355,S1-828659517,S3-739290249
TN,-8.8550415,2.1014879,-36.765327,11.313589,S1-693438706,S2-122532922
TN,-77.515434,21.228956,-48.56293,42.103214,S1-730644656,S2-909558397
TN,12.2462435,51.898693,-60.164715,1.804562,S1-131883922,S2-842633779
TN,-24.032934,11.610532,-51.281116,13.405744,S1-430707991,S3-253906284
TN,-67.94679,30.150671,-31.67712,58.818436,S1-260471123,S3-228466340
TN,30.486734,-38.12961,72.5407,19.086151,S1-364874490,S3-618235557
TN,-21.906343,-18.002542,14.468975,-26.713198,S1-495912189,S2-593609923
TN,-39.57539,47.51503,-14.05256,31.156706,S1-730050174,S2-319321340
TN,-28.696255,-10.559628,-54.66168,29.513186,S1-86363004,S2-470056924
TN,-1.1657592,-29.011965,7.2113967,-38.948315,S1-363634987,S3-922687714
TN,34.749866,15.293353,14.528762,51.203434,S1-130936274,S2-823832487
TN,16.367138,-51.836723,38.3976,-6.453205,S1-562074314,S3-256268854
TP,60.760723,26.280188,20.695852,46.431778,S1-79004776,S2-20651173
TN,22.22277,-31.073984,67.6564,15.338757,S1-121384168,S3-81836456
TN,-56.511253,18.005447,-21.813578,48.848984,S1-223521350,S2-821314456
TN,11.056649,-5.8226132,13.438176,1.3147776,S1-279718509,S3-854900704
TN,43.484406,23.509623,8.528303,25.165464,S1-927498755,S2-659344404
TN,45.96066,1.7622349,38.687897,-54.64612,S1-121384168,S3-563212028
TN,-21.266684,-40.189434,15.9793215,-7.894941,S1-619340072,S2-617466974
TN,-47.487225,-38.78218,-36.39513,12.369143,S1-10226354,S2-551457488
TN,-21.747284,17.560291,-23.295881,-44.086628,S1-703740434,S3-710909935
TN,2.2257857,-3.883345,5.6838913,-22.987612,S1-478580870,S3-489397132
TN,20.620705,-70.22937,25.944067,13.366727,S1-825825407,S3-904944511
TN,1.3589667,24.490934,-54.0674,11.293631,S1-113547115,S3-928697589
TN,-44.413418,-34.181263,-43.300606,7.97564,S1-652811609,S3-805769528
TN,28.253263,19.055532,2.910158,26.944004,S1-651960782,S2-223669015
TN,-70.15787,10.290914,-24.486374,53.930077,S1-604513543,S3-940085726
TN,6.7839074,-51.913097,62.487835,2.468489,S1-693652604,S2-459351865
TN,-27.639359,22.038115,-11.271488,10.028067,S1-128685129,S3-270614727
TN,48.24291,6.44228,36.65348,-53.226574,S1-596530945,S3-306653956
TN,58.19411,-15.941297,69.30361,-21.526619,S1-969787604,S3-880789883
TN,-41.602478,-39.423233,-21.27445,16.597982,S1-304056056,S3-676714418
TN,0.18458594,-59.382915,48.18405,-35.774704,S1-235652030,S2-519041099
TN,-5.1120567,31.086098,-31.666965,-5.12797,S1-348067102,S2-528062460
TN,-54.197083,2.4757085,-1.2077752,9.150007,S1-427769833,S3-496247066
TN,19.571798,-1.0368625,25.325758,-18.933578,S1-183423851,S3-638904159
TN,24.063082,-58.3932,57.2595,34.587475,S1-772859303,S3-539237664
TP,65.10604,20.352201,16.273506,43.98694,S1-867300938,S2-957392384
TN,-12.428707,42.2812,-55.993122,-7.2946787,S1-224613948,S2-284153104
TN,-19.404697,23.40444,-12.540278,1.7608691,S1-356772749,S2-15691036
TP,52.957478,27.363436,4.792728,42.51311,S1-423047403,S3-384902592
FP,53.35256,28.809029,6.4225984,41.673763,S1-331384414,S3-907036563
TN,-27.454508,-11.918114,-18.145514,-27.07242,S1-668958244,S2-194303156
TN,28.160852,-41.201733,75.626144,12.121335,S1-408163697,S2-479831672
TN,-7.657117,9.387455,-36.0495,16.34965,S1-748614229,S2-846184240
TN,27.113806,-53.628063,79.571175,-5.254289,S1-406163657,S3-988866742
TN,33.491272,8.807235,17.496143,36.89404,S1-173619578,S3-764844075
TN,56.483303,-19.25388,73.25919,11.828911,S1-161199840,S3-581233064
TN,-66.30737,34.05586,-30.143272,60.47278,S1-854707209,S2-500996148
TN,-41.161194,-30.911182,-37.439724,7.213565,S1-818832654,S2-735775921
TN,-64.03609,23.882835,-28.007202,47.80454,S1-847416766,S3-266350629
TN,-29.311245,14.358602,-36.330097,-14.285116,S1-94750363,S2-383322731
TN,15.239782,49.165684,-64.97822,-16.120905,S1-245678725,S3-877421752
TN,-6.891108,45.853672,-3.804097,-5.568408,S1-170225666,S2-330405025
TN,53.79253,4.480233,35.01883,-72.921776,S1-276441537,S3-876920039
TN,11.32563,-45.982533,56.713955,1.5966653,S1-799794137,S2-122737776
TN,8.029322,-15.555658,13.230666,1.6979027,S1-492164782,S3-731302690
TP,54.446804,33.159355,13.417056,49.3593,S1-609211249,S2-971413473
TN,-25.62773,14.1407175,-25.729435,-14.634836,S1-81274,S2-112749768
TN,-65.51572,23.462137,-36.40896,46.87901,S1-42763831,S3-446292707
TN,13.592538,44.28506,-60.940453,-20.661303,S1-239884946,S2-745345527
TN,-5.190928,-23.728313,4.7070103,-40.54879,S1-328271262,S3-435048940
TN,-51.666428,-5.6928344,-37.179417,5.199542,S1-346475482,S2-567303219
TN,-43.41778,-29.941994,-28.569859,6.3550873,S1-77607908,S2-61985702
TN,-14.698022,30.07778,-43.19187,-40.314007,S1-90418644,S2-856840981
TN,30.769724,-60.540573,56.26415,33.27377,S1-384267251,S3-988394316
TN,9.739754,-29.98398,23.127043,-35.80853,S1-897978978,S2-940967167
TN,-22.141472,-37.307213,15.192748,-6.047014,S1-975678991,S2-377018613
TN,65.73237,-20.589691,41.261223,-7.304677,S1-715432468,S2-430700746
TN,-43.758778,-35.135723,-29.693457,-23.14861,S1-987273810,S2-295435540
TN,1.0055774,1.3796908,22.331198,-72.121124,S1-536450150,S3-749930013
TN,-21.1928,12.595331,-40.548332,12.580817,S1-948861000,S3-681578662
TN,31.063988,-54.04258,60.484375,33.395855,S1-827793405,S3-895986829
TN,-58.503307,22.569832,-17.896032,46.169785,S1-184373280,S3-126305917
TN,-42.308186,-42.068512,-50.498146,9.002276,S1-465378745,S3-591264313
TN,-15.167149,41.819366,-5.111998,9.924606,S1-280752442,S2-509858207
TN,52.29716,-29.449043,57.288857,-4.7510176,S1-545820047,S2-34824925
TN,-48.41426,-2.0164595,-42.054466,-5.472033,S1-944761944,S3-647645046
TN,-6.233712,-26.920315,3.6583297,-38.59403,S1-481454427,S2-794785923
TN,-3.6146624,-33.148483,21.435364,-51.94391,S1-749277041,S3-614283139
TN,20.80467,-19.982912,26.684113,3.2835903,S1-586275704,S2-861359775
TN,50.051704,5.7675242,33.978043,-69.00754,S1-486849183,S2-116817399
TN,-21.902203,-17.626783,14.646659,-25.530338,S1-684544666,S3-434424724
TN,56.36027,-23.146097,74.22024,-20.007668,S1-682538826,S2-736547221
TN,-21.376427,-18.93017,46.2165,-22.086874,S1-165985395,S3-73935310
TN,7.941431,-53.990852,63.626278,0.41233754,S1-442175288,S3-909624137
TN,42.694782,-13.820722,21.245195,34.87002,S1-730028758,S3-310117571
TN,-40.659897,-35.291153,-32.618183,-21.879751,S1-525991352,S2-806625505
TN,-73.07872,12.250745,-36.49356,44.855137,S1-31039487,S2-737483212
TN,-0.9172973,11.722861,-46.42601,-35.448788,S1-543824241,S2-532706337
TN,30.551334,-58.461548,57.459038,36.1052,S1-339982756,S3-135972607
TN,-9.955519,53.306442,-13.022205,27.600082,S1-297357202,S2-723936454
TN,-63.353455,24.589275,-28.146612,48.122776,S1-975909913,S3-225761983
TN,-0.21830475,18.57815,-16.432194,4.352569,S1-32045644,S3-684514947
TN,23.279827,45.712265,-20.149332,-49.533066,S1-37832651,S3-460892426
TN,47.01811,-11.905531,36.350426,-69.677864,S1-60904921,S2-424015066
TN,20.816631,-62.594917,67.69523,37.309956,S1-45018922,S2-294789852
TN,-10.84826,31.057539,-46.401886,-4.025985,S1-297011330,S3-372040659
TN,29.800186,-62.32414,66.67584,26.937363,S1-325038996,S3-193417693
TN,12.790502,-42.174377,43.81422,10.941844,S1-426998828,S2-668568572
TN,-14.507403,43.12903,-42.25643,-0.76012284,S1-60187519,S3-114654280
TN,-32.740314,-11.912113,-8.991737,-44.317677,S1-47662882,S3-413334125
TN,-67.21551,31.626297,-30.559746,58.010292,S1-421207804,S3-712942566
TN,-17.132236,13.439912,-20.67236,6.668257,S1-888157920,S2-692413237
TN,60.326294,-22.585209,69.62829,-17.001394,S1-846665313,S3-292358933
TN,13.289591,54.146343,-62.7928,-10.1013975,S1-954001478,S3-753062401
TN,-1.471321,32.787506,-12.454299,4.3792696,S1-26277842,S2-281608679
TN,-51.487167,-32.58177,-22.008932,21.069555,S1-339929023,S2-674191732
TN,-52.427856,20.358324,-36.534138,49.90157,S1-935342908,S3-280620561
TN,5.6172285,31.411472,-51.70032,-31.301165,S1-431483678,S3-464871780
TN,11.004367,30.480764,-61.38017,-26.877995,S1-24187199,S2-965141404
TN,51.565918,-17.35653,36.847206,29.912796,S1-555848826,S3-286170619
TN,-41.846226,17.000656,-8.770465,31.398857,S1-537744147,S2-437632890
TN,-68.59436,30.001158,-34.967697,59.356888,S1-212923073,S2-249513505
TN,-28.502571,20.780201,-19.980097,20.049864,S1-224624237,S3-452203296
TN,-29.448746,8.575565,-17.051529,-37.10547,S1-936072111,S2-745553581
TN,-41.541916,-42.313206,-44.23488,-2.446454,S1-378757790,S3-67454013
TN,-45.29616,-21.886995,-23.563644,-38.3833,S1-842978391,S2-274546833
TN,-46.96621,-30.684053,-33.01663,8.963868,S1-704758852,S2-917079227
TN,-49.55379,23.446209,-25.502146,46.07326,S1-132251500,S3-262081041
TP,51.23543,29.23079,10.872408,38.86139,S1-312784496,S3-510998696
TN,47.543762,0.12681983,37.851566,-61.797256,S1-44841784,S2-243925776
TN,20.226053,-38.96588,24.688026,0.0009374495,S1-52909194,S2-739007709
TN,-38.037304,43.983616,-14.280527,-44.63665,S1-548636343,S2-723229819
TN,-10.745065,20.250809,-16.123621,-4.9627213,S1-6910971,S3-595837146
TN,2.7676435,-48.02918,60.573082,4.833858,S1-777187069,S3-972731810
TN,51.33211,-19.508492,36.802284,29.954357,S1-914754787,S3-966089086
TN,-71.32627,13.89744,-36.980564,42.16979,S1-228779699,S2-916829634
TP,64.33701,21.180109,12.608926,50.824337,S1-833894969,S2-569328777
TN,51.073486,6.307665,28.295975,-70.38775,S1-397101073,S3-334644700
TN,-63.289684,17.161293,-26.006516,49.32726,S1-255857362,S2-497186494
TN,-21.302504,13.44433,-22.283598,-16.72447,S1-448151076,S3-892584799
TN,1.7901193,-52.1015,60.60435,-0.8557308,S1-706523130,S3-790439338
TN,-2.4143152,-20.02777,16.778877,-53.83512,S1-971882004,S2-487136661
TN,27.084059,-59.97173,56.897465,35.219833,S1-797792375,S3-497128809
TN,-1.5698559,43.873043,-54.868687,-17.921658,S1-255381824,S3-159586915
TN,-2.7851367,46.221024,-29.763193,-46.13896,S1-729782615,S2-294863703
TN,-11.011443,43.47064,-1.8143648,-3.0907476,S1-631899760,S2-75176138
TN,-20.734434,-38.17319,13.666298,-2.5659897,S1-126240413,S2-783799374
TN,24.009378,-33.815384,67.41676,13.878092,S1-171345052,S3-401284123
TN,10.446483,-6.7110467,1.7039993,-17.228298,S1-876785032,S2-606652676
TN,31.344582,-33.027195,36.84114,36.06452,S1-34202086,S2-166051652
TN,-14.212072,34.895702,-37.607403,-15.608872,S1-396447334,S2-530193348
TN,35.49165,-62.101116,67.325,28.111185,S1-630740051,S3-549323763
TN,-47.726654,-32.43582,-29.405312,13.64075,S1-308513794,S3-540239141
TN,19.657309,-5.2438827,27.826624,-5.086936,S1-437720834,S2-483794985
TN,3.0066786,-51.746387,55.58764,5.720975,S1-236051803,S2-281357504
TN,-57.188057,-0.33373842,-49.333393,30.94378,S1-392885953,S2-523169282
TN,-1.6477906,29.66347,-21.03377,0.96238345,S1-938198999,S3-773848453
TN,-18.131544,9.319021,-27.847055,-10.796378,S1-100795604,S3-132546847
TN,28.333508,10.680844,14.560183,23.957415,S1-370726285,S2-254245067
TN,29.964731,15.337243,9.33349,22.641441,S1-361898933,S2-202203412
TN,-13.225556,-31.20316,11.195911,-46.753002,S1-188417856,S2-331901602
TN,10.724823,50.68507,-61.44514,0.8996904,S1-688370239,S2-617827903
TN,-16.473606,13.342388,-32.717228,17.523724,S1-744246765,S2-869337955
TN,-0.061668567,18.672306,-44.97497,20.691841,S1-653933931,S3-355852313
TN,-14.700075,13.937296,-35.796974,21.958225,S1-420409722,S2-846302065
TN,-47.753384,-32.31539,-19.164104,-35.73624,S1-402104856,S2-251050134
TN,-36.893387,-31.08926,-16.729212,19.260576,S1-341885158,S3-659640020
TN,9.665502,23.114405,-57.840767,33.486412,S1-571626272,S2-947997038
TN,7.065839,44.88171,-59.486732,-3.8491142,S1-145977538,S2-641215913
TN,62.247093,-21.289478,78.14564,-17.631329,S1-392380281,S3-658994405
TN,31.005934,-40.372635,72.625694,19.08768,S1-926866137,S3-542655110
TN,28.53396,18.872246,-23.81751,4.459787,S1-318658276,S3-681353947
TN,53.50208,-30.439463,60.993896,-5.313253,S1-690150427,S3-952887893
TN,2.4668663,24.429226,-14.551106,5.6684613,S1-19578633,S3-911673494
TN,13.946809,-6.3984766,16.8095,-18.003931,S1-73753878,S3-230018208
TP,67.16951,31.182922,8.42247,51.879364,S1-494240907,S2-726906621
TN,2.0133548,-45.239017,48.015636,-10.61896,S1-891641129,S2-861021813
TN,-49.485165,23.046663,-22.012552,44.38486,S1-632792239,S3-810429173
TN,26.828728,-28.247055,30.966799,25.980898,S1-536915008,S2-905993715
TP,52.238476,33.73292,7.3006573,40.11131,S1-970239981,S3-132076442
TN,-13.769737,35.15529,-41.85801,-13.433783,S1-224183067,S3-368533317
TN,-78.06872,22.922176,-45.428127,44.599262,S1-798165419,S2-750149256
TN,-1.8445914,20.93659,-52.001163,18.760002,S1-692565518,S3-458041822
TN,2.310275,37.993683,-34.70187,-35.41214,S1-965792589,S2-835790296
TN,-28.216232,16.468374,-42.142727,14.156116,S1-653314623,S3-938167688
TN,-35.95263,-39.55347,-49.003258,-35.717613,S1-130055155,S2-231351172
TN,51.956154,-24.258493,43.094963,22.21616,S1-950375074,S2-269155662
TN,25.780645,-57.927452,77.88412,-5.9497995,S1-111791599,S3-202099670
TN,-2.5328062,-64.868324,52.73386,-33.247284,S1-371705089,S3-963278032
TN,25.272806,45.788773,-53.341923,-16.28795,S1-597628333,S3-341980702
TN,-19.183924,44.25622,-5.003979,23.22879,S1-871477092,S3-264922313
TN,-36.340084,-29.613104,-46.380127,-2.023891,S1-383579677,S3-359707352
TN,8.89128,43.548153,-68.55936,-8.7750025,S1-922968152,S3-41301549
TN,4.135336,34.05998,-62.62345,-21.078327,S1-173127770,S2-233859068
TP,49.488617,32.960243,1.2553842,40.68554,S1-663292052,S3-438588846
TN,-19.510197,29.547789,-32.9667,24.463228,S1-311201451,S2-725126710
TN,18.32228,-46.498486,46.94414,22.833267,S1-285830345,S3-950921273
TP,66.08001,22.098837,13.176767,43.253742,S1-414561060,S3-816854777
TN,-8.055876,1.9245331,-15.747155,-32.794086,S1-349268026,S3-19501925
TN,-28.136202,13.378315,-18.15649,-42.45239,S1-44398635,S3-286851940
TN,26.982485,-61.694324,81.429115,-5.1881456,S1-806615441,S3-15326491
TN,-59.035583,21.118172,-22.39016,46.21923,S1-296413127,S3-650399125
TN,16.844183,41.185772,-66.69524,-20.471615,S1-41066934,S2-534396055
TN,5.9599524,28.255459,-18.831911,-9.096964,S1-990188064,S3-82947892
TN,18.699678,1.473183,21.26945,-71.116486,S1-888916012,S2-380780036
TN,-13.03726,11.36787,-28.488396,-24.321314,S1-517573311,S2-848309843
TN,-35.7488,-25.775791,-43.763466,-9.561557,S1-242075479,S3-700399850
TN,-7.550615,7.699362,-39.358036,23.547132,S1-738323908,S2-270235734
TN,23.139547,-62.225506,68.67426,37.26177,S1-260079343,S2-817663382
TN,-13.413033,47.792236,-5.274989,6.9451003,S1-437008204,S3-838786374
TN,44.526283,3.4573336,35.89838,-55.628727,S1-254940735,S2-519747283
TP,51.021282,40.309055,3.8719213,67.99028,S1-180719711,S3-649635523
TN,27.911467,-29.056402,31.705126,25.665537,S1-782273755,S2-826002577
TN,49.174046,-18.202623,37.14598,28.820786,S1-73567752,S2-967208220
TN,58.81618,-20.202692,70.03728,-18.491621,S1-627815408,S3-65465664
TN,5.070087,-53.850792,54.779,7.123319,S1-519553274,S3-767033209
TN,20.300701,-7.4753814,22.542576,-19.798328,S1-101354347,S2-887157367
TN,31.129658,-63.92404,67.78939,27.528946,S1-208024501,S3-812713211
TN,-28.472029,15.554487,-29.593067,9.495013,S1-936455944,S2-380813913
TN,52.45529,-29.14233,59.56134,-5.0901527,S1-973699361,S3-598460115
TN,-22.587898,29.814184,-20.456306,22.682198,S1-209713641,S2-651958326
TN,-22.032202,-18.01054,12.878237,-24.87357,S1-253213461,S3-40300929
TN,-27.151274,41.25932,-36.039722,-21.198015,S1-702166911,S2-466808608
TN,19.824537,-44.593647,46.393547,20.81416,S1-537465132,S2-167799097
TN,-1.2925135,-57.36197,54.103832,-12.4967375,S1-717353797,S3-900382539
TN,16.5262,-62.026844,42.725933,-5.003912,S1-540526251,S3-971886582
TN,26.20831,-70.41983,90.02459,4.344737,S1-487776979,S2-864416999
TN,1.3101555,-23.585892,19.8946,-53.3668,S1-542861570,S3-509456564
TN,51.61402,-25.162767,43.70676,22.37626,S1-756170538,S3-179140073
TN,19.143219,44.518986,-65.36561,-20.031864,S1-5003207,S2-443551425
TN,41.71453,-13.246392,14.867093,25.396925,S1-229022984,S2-829373537
TN,63.683834,-22.051983,66.64276,-16.364424,S1-956999342,S3-418065361
TN,-48.424896,-2.0491407,-33.96576,1.8066511,S1-62671326,S2-163689262
TN,-10.7148075,30.985518,-47.424004,-4.9269366,S1-723738491,S3-942785548
TN,-34.23763,39.50881,-39.833687,17.514572,S1-427814107,S2-162427891
TN,-0.50384307,-27.310822,15.455545,-42.180744,S1-598599721,S3-772721617
TP,58.87174,25.285793,15.6715,41.248283,S1-157449315,S3-354416355
TN,-24.557108,9.630131,-17.036093,-7.746297,S1-540329374,S3-282672163
TN,-12.102527,-32.620117,15.874388,-43.726177,S1-886849826,S2-606367529
TN,-63.16491,19.192434,-23.734127,50.188274,S1-981359303,S2-788169411
TN,-5.926436,-31.636662,10.80825,-50.251175,S1-731465402,S2-922991592
TN,-29.113842,26.25611,-18.843687,-9.1593075,S1-801049078,S3-544622286
TN,-40.86771,-31.749517,-43.92312,15.366436,S1-175829592,S3-782816704
TN,-19.398289,19.670958,-12.6738,2.8491037,S1-110111164,S2-334193537
TN,6.2416854,-7.7975326,8.195643,-20.674126,S1-832881906,S3-78704096
TN,-24.574873,64.39907,0.4699292,70.74688,S1-161781322,S3-827956972
TN,-24.284874,-39.246685,10.9417305,-7.964243,S1-350897028,S3-296914419
TN,-27.882078,3.8094606,-13.660796,-36.509342,S1-598568974,S2-607597263
TN,-63.487095,19.036709,-22.820131,51.633312,S1-769658115,S2-747996878
TN,21.706854,-2.9162323,28.844608,-18.669512,S1-883403572,S2-815876096
TN,33.83448,-64.83883,80.55253,-5.750119,S1-125527556,S3-877490691
TN,0.7118262,-32.027668,9.541513,-42.48234,S1-461839585,S3-941745525
TN,-4.791969,-27.16329,6.1782804,-44.816475,S1-695825945,S3-46923833
TN,54.910378,-23.147715,39.1528,29.04516,S1-682925888,S2-869293335
TP,56.121857,31.299288,9.777669,39.67132,S1-563892896,S2-959821060
TN,-30.196222,-14.574902,-56.365875,39.304226,S1-959829599,S2-366311403
TN,17.980793,46.047806,-66.292465,-22.903067,S1-475868914,S2-975610182
TN,21.452225,-59.55501,68.42035,35.48104,S1-483437312,S2-480080780
TN,-51.684467,1.5202606,-28.034481,-48.309303,S1-645331403,S2-650881009
TN,-63.14197,20.431046,-26.441801,40.365982,S1-631526453,S2-422480966
TN,10.167416,-9.398309,10.977259,-9.9830885,S1-906941568,S3-581726295
TN,24.37522,-70.16735,79.71142,1.6962938,S1-662688248,S2-36144292
TN,-37.21714,-2.7885997,-13.410416,24.018328,S1-515975141,S2-150945755
TN,9.005844,-21.501122,20.21669,-10.011349,S1-360426173,S3-357200214
TN,-43.765694,-31.962872,-41.15135,4.9329042,S1-687308093,S3-916804070
TN,-68.72184,28.15116,-40.173386,55.920654,S1-851195239,S2-612303448
TN,31.66423,-54.310043,60.318813,33.019222,S1-860277417,S3-381096421
TN,-1.0622027,49.54935,-56.10073,-20.2216,S1-19312191,S2-745212108
TN,-19.225424,15.931182,-20.503048,6.434806,S1-717738331,S2-959664021
TN,9.360881,-45.37359,53.65069,0.91921586,S1-338851820,S2-547676170
TN,14.635617,-40.88254,45.19088,7.21177,S1-28197056,S3-97341392
TN,-67.80539,28.616848,-33.679214,52.75991,S1-425533031,S3-477976812
TN,15.541686,-9.40021,8.883979,-20.015526,S1-316187363,S3-633460960
TN,34.682644,-29.24496,37.325874,36.150043,S1-932088445,S2-691318578
TN,-1.6978699,41.113068,17.502571,-74.1547,S1-285610304,S3-25745190
TN,30.221659,12.2037735,12.120528,24.234234,S1-855441905,S3-432903473
TN,11.121168,33.097412,-65.63916,-17.56731,S1-737321895,S3-716664369
TN,-56.200623,30.001717,-21.765001,47.11113,S1-312686981,S2-800300590
TP,52.010933,33.770626,9.458578,33.152508,S1-54319195,S3-765934680
TP,67.44248,27.226664,9.310106,50.22312,S1-800514327,S3-990313989
TN,-15.194548,13.777245,-13.236875,2.5284693,S1-358044206,S2-967788911
TN,-36.9386,-38.035927,-36.75531,24.71743,S1-49968245,S2-763334000
TN,11.270956,-43.152267,43.319103,10.451862,S1-344345049,S3-552611299
TN,-22.22342,4.2623663,-12.842565,-34.67339,S1-252962231,S2-139144491
TN,-41.230656,-38.18744,-34.00755,19.129543,S1-461561622,S2-762212873
TP,48.0708,30.139029,8.319304,36.049892,S1-813001632,S2-74988458
TN,-68.16812,31.633614,-32.61752,57.20306,S1-168909329,S3-973604927
TN,-37.568317,-30.1578,-47.11102,-1.5425627,S1-943959148,S3-826285296
TN,-10.411723,10.489169,-35.159073,17.876427,S1-671160538,S2-952987480
TN,-73.19232,10.898678,-34.499397,46.789425,S1-154666488,S3-303069143
TN,-25.010826,2.8529072,-18.111473,-39.85199,S1-485801353,S2-425398415
TP,42.772743,38.11909,0.19636013,26.550371,S1-186541629,S3-144828221
TN,4.456589,-11.60379,10.749876,-0.9455302,S1-879957929,S3-235636338
TN,13.160411,-18.402557,25.21473,-0.087854505,S1-912391735,S3-770332590
TN,24.212532,-68.111824,89.60145,4.877288,S1-955401438,S2-703279416
TN,52.242565,-30.253763,58.89748,-4.7345695,S1-306718473,S3-226331658
TN,26.749014,-8.089947,27.464537,-13.577586,S1-871391333,S2-991754991
TN,-14.469699,-5.32665,-28.518122,-38.29663,S1-473974121,S2-394037559
TN,15.301253,-42.123264,45.5723,-34.131035,S1-254126789,S2-391871364
TN,-54.01009,-1.0152546,-56.288517,-3.3551073,S1-27810365,S3-526755845
TN,-37.455063,42.44006,-33.40122,-43.29137,S1-11601562,S3-352730522
TN,57.667126,-20.558945,44.163128,23.851418,S1-759828723,S3-495780041
TN,-22.659601,20.626335,-31.499844,5.320528,S1-931693497,S2-66980540
TN,15.622088,14.528731,33.604855,62.22945,S1-983587320,S2-597919866
TN,-18.838192,29.975965,-33.896572,-21.12389,S1-514458250,S2-24573384
TN,28.970959,-4.9795856,28.18813,-17.320662,S1-834053037,S2-237257733
TN,-28.013088,13.286709,-27.179514,10.16421,S1-190671437,S3-691409954
TN,-14.52564,17.863071,-17.647335,6.359466,S1-913549880,S3-942693990
TN,7.688522,45.98145,-54.767105,-30.53695,S1-309527258,S2-686116288
TN,29.987509,-40.546585,73.836395,13.557731,S1-442190810,S3-76883316
TN,41.64076,3.9427054,19.34222,-71.70598,S1-857848777,S2-303334211
TN,22.883528,-54.309795,43.182865,-0.7692472,S1-996702180,S3-504703102
TN,-68.698326,32.407288,15.639246,5.4393673,S1-495957115,S3-599843319
TN,47.58807,-9.92791,43.668022,-61.2107,S1-544138770,S2-105294534
TN,20.710106,-48.083538,47.91056,21.70016,S1-681329959,S3-481237370
TN,17.057777,-1.0756363,31.332731,-15.498752,S1-969335897,S2-470920238
TN,-63.144123,31.811941,-40.305237,58.10385,S1-562574398,S3-904465742
TP,54.045845,30.546965,8.896019,47.172195,S1-220187766,S2-66585564
TN,60.811398,-18.291647,73.710365,-24.499537,S1-365400103,S2-308017631
TN,0.81614846,40.234818,-61.607895,-10.828433,S1-132078597,S3-53907944
TN,21.067598,-49.383873,49.14035,20.307976,S1-390969959,S2-796888631
TN,-22.168371,-17.69107,13.929988,-26.425571,S1-47852959,S3-970967763
TN,-4.062947,32.496433,-49.062668,-3.046913,S1-443327225,S2-241057271
TN,-13.470674,33.893036,-37.10163,-17.435661,S1-608960173,S2-706168645
TN,26.643595,-8.123322,26.332762,-14.649381,S1-715348751,S3-847203409
TN,-47.704716,-25.366312,-22.015163,-43.256744,S1-307752565,S2-602135853
TN,31.83162,14.583508,16.863592,27.898148,S1-822121779,S2-584945366
TN,-38.05457,-32.68719,-39.746746,17.569506,S1-130936274,S2-423925079
TN,-11.342689,44.82635,-4.882951,1.0641822,S1-501077211,S3-980616562
TN,24.823942,41.460594,-29.65118,-46.342537,S1-447489691,S2-544108245
TN,0.68839586,-65.94857,50.10701,-31.864347,S1-366431133,S2-104797273
TN,-33.368687,-12.109821,-52.091915,32.57811,S1-837308645,S3-951912277
TN,30.091042,-63.68446,89.72202,-1.1782608,S1-546965039,S3-812818982
TN,13.283476,-59.562775,36.725185,-1.1349839,S1-731231611,S2-491578960
TN,-5.7460036,-31.846567,10.904945,-51.165375,S1-783722206,S2-678942723
TN,-1.5557436,-31.577797,48.52351,-9.157603,S1-123653347,S2-228513536
TN,-15.847202,22.313393,-13.303452,-3.9128513,S1-202902931,S2-707834210
TN,-42.329308,-31.556253,-44.687504,13.994485,S1-458541487,S3-803386890
TN,-33.077095,-17.317015,-52.323944,30.306767,S1-163102226,S2-469821989
TN,10.713813,46.70148,-62.647804,-16.53659,S1-279024683,S2-890806901
TP,69.385666,27.117634,10.351651,53.169918,S1-282379561,S3-169431548
TN,28.148304,-41.39363,75.672,12.221154,S1-136276552,S2-172354074
TN,23.149597,-60.34988,80.27658,0.20329677,S1-722327851,S2-353528133
TN,-7.326757,-24.058825,9.49495,-49.86617,S1-78840307,S2-725958200
TN,-16.234943,17.071054,-12.457727,-4.9965086,S1-843660516,S2-421278014
TN,-25.50952,20.348614,-20.386974,18.64098,S1-768550556,S3-680854881
TN,8.461344,-5.7436786,12.883626,-11.6654005,S1-662162498,S3-544398560
TN,-57.237328,16.640673,-39.860565,51.407253,S1-249511379,S3-238911847
TN,-4.4688654,27.754133,-53.090584,17.443457,S1-883796700,S3-616495700
TN,27.478548,-4.5006104,29.519627,-14.09084,S1-581355770,S3-346199432
TN,-14.139708,34.227104,-38.950615,-6.7918477,S1-923631131,S2-949613321
TN,-71.86432,14.227452,-36.555767,43.897396,S1-193204297,S2-779477432
TN,-1.4119576,13.500133,-15.929166,-4.265934,S1-409302885,S3-442054715
TN,-20.187391,15.092511,-25.307987,-14.4998255,S1-574137093,S2-219418283
TN,0.107611425,43.182335,-55.389877,-12.441493,S1-810731604,S2-458916938
TN,-39.894157,15.667089,-12.306027,28.916893,S1-857673075,S2-110418081
TP,48.987812,29.25834,9.044589,35.36272,S1-15421238,S3-567286053
TN,-13.356108,-34.998703,11.67997,-40.50126,S1-367201765,S3-414814564
TN,-10.625103,6.379799,-29.937225,-23.702995,S1-468148883,S2-224008376
TN,50.88378,-9.420028,43.5064,-59.54744,S1-413848191,S3-150007376
TN,1.7091051,23.038963,-15.46228,3.5642014,S1-821276719,S3-702149069
TN,10.860684,-9.538863,11.8486185,-9.191994,S1-187525408,S3-274092258
TN,-12.117842,34.550552,-42.26468,-19.880562,S1-539788804,S3-477341952
TP,50.677086,34.488815,5.6899824,35.46081,S1-927245946,S3-635996639
TN,53.549255,2.6300707,31.974869,-70.21425,S1-956632248,S3-989791197
TP,56.711422,25.560383,16.817944,41.84239,S1-171120484,S3-316869803
TN,2.3587332,-46.890503,46.72711,-12.147574,S1-773018191,S2-625944924
FN,32.796776,15.21642,16.93404,30.22615,S1-517488012,S3-224809491
TN,-2.0969667,-48.0429,48.398415,-10.017521,S1-450855772,S2-719627385
TP,65.52899,24.431955,19.794996,42.88539,S1-162875733,S3-583842744
TN,-6.4773426,7.616774,-38.71626,20.969267,S1-519548450,S2-868989301
TN,1.5262047,-44.50909,51.196346,-9.014056,S1-245781270,S3-908228524
TN,13.062715,-16.917725,10.153371,-6.2434893,S1-103776732,S2-671225138
TP,47.16516,28.657219,2.3474543,27.383791,S1-69711480,S2-154816664
TN,-5.7641335,-26.806067,12.083546,-48.618954,S1-601657798,S2-540919096
TN,19.433561,-29.943762,16.678663,-40.061592,S1-747561,S3-728846054
TN,-2.8206093,34.205315,-34.743164,4.439741,S1-620847509,S2-706057054
TN,21.487091,-52.228264,39.65475,-2.168019,S1-786304436,S2-35597700
TN,8.151612,-5.558695,3.6585033,-17.958479,S1-181390423,S2-512922378
TN,4.6900926,31.838219,-56.51181,-21.05934,S1-982312919,S2-926718043
TP,47.883167,12.438455,25.817862,-71.52757,S1-613589,S2-977114066
TN,24.461414,-62.439495,78.10254,0.65837187,S1-418777220,S2-109112495
TN,9.762436,-32.068394,24.312218,-37.94935,S1-711890163,S3-967975850
TN,0.92398655,-64.8339,49.76874,-30.741314,S1-626585465,S3-292687267
TN,20.662094,-47.905716,48.642643,20.76253,S1-647784872,S3-477407271
TN,-27.419676,22.401264,-21.939829,23.609118,S1-390969959,S2-61609734
TN,-5.831819,-31.23169,11.386659,-42.337585,S1-642409475,S3-625599894
TN,-73.306,11.553343,-28.781622,52.33908,S1-578306941,S3-729430213
TN,7.4884334,39.150406,-67.58105,-10.333681,S1-484717168,S3-14474980
TP,65.02682,19.880728,15.470106,41.192406,S1-614743866,S3-406038798
TN,-1.5213332,-49.5049,51.3,-11.126434,S1-868585067,S3-493854695
TN,-24.477388,15.141184,-32.432823,9.025604,S1-533148741,S2-255810598
TN,-21.358416,-39.09181,12.728857,-6.1755924,S1-822519738,S2-401111182
TN,5.719345,-8.527146,15.5337105,-7.518193,S1-249028835,S2-867932183
TN,5.4637623,-27.393478,21.891115,-43.864586,S1-669049356,S2-185006728
TN,-1.8723079,4.6611814,-46.356415,10.437557,S1-902133564,S3-757849849
TN,-9.685732,-18.976254,10.420669,-40.41434,S1-173400589,S3-665134501
TN,22.430578,39.332935,-28.487988,-47.1111,S1-254504618,S2-745522567
TN,-31.5935,-7.705962,-56.93937,36.446983,S1-131874511,S2-345021057
TN,-66.34751,32.513805,-30.042568,58.590813,S1-80742,S3-278485366
TN,-12.104491,22.680414,-32.44727,6.0415673,S1-134050640,S2-993593151
TN,5.0442705,15.360109,-50.120262,-33.901222,S1-820265696,S3-396583258
TN,-0.5767235,23.383791,-14.674751,4.3932743,S1-627231411,S3-328862377
TN,-47.455032,-40.152447,-23.268042,-31.405224,S1-110600931,S3-964856242
TN,10.374227,-31.636404,21.367517,-35.00322,S1-361794460,S3-823298178
TP,68.248245,24.176594,16.30053,47.01208,S1-248171647,S3-915901443
TN,-14.621166,31.53095,-13.383487,0.89120793,S1-143456509,S2-569981123
TN,18.891155,-11.588362,37.858078,-6.9493623,S1-848842768,S2-252424931
TN,-20.787874,40.183655,-38.928913,-3.3699133,S1-829053955,S2-732993944
TN,-35.247566,-33.67415,-33.851665,23.933727,S1-3036166,S2-210804747
TN,-21.031801,7.5805545,-12.082819,7.959548,S1-92746531,S2-463660879
TN,-8.733299,-26.652773,4.6096306,-38.072083,S1-482950600,S2-122942704
TN,7.4715104,7.268289,12.223111,2.8835537,S1-545673857,S3-49292030
TN,26.594938,-56.819042,61.420902,31.428808,S1-347099634,S3-695048123
TP,62.66371,29.512157,16.028534,50.677547,S1-330938981,S2-61888598
TN,21.741068,39.214596,-64.91044,-23.392843,S1-378532251,S2-685066383
TN,55.54953,-19.627481,73.287865,11.778871,S1-873462385,S3-864892167
TN,-68.45863,22.120205,-35.536434,45.027813,S1-158492944,S2-823925298
TN,47.52984,-25.386248,30.930769,24.208614,S1-471553770,S3-943910939
TN,-7.973287,37.83982,-1.9179442,1.3871256,S1-500972888,S2-663446215
TN,56.73001,-24.650389,44.614662,21.990154,S1-863396096,S2-734827526
TP,56.4505,32.058544,6.1092496,48.473633,S1-878885851,S3-563568810
TP,41.0137,32.185444,1.9671081,25.095043,S1-921195520,S2-907978313
TP,46.51716,24.14678,12.904311,31.734457,S1-579436250,S2-770595197
TN,62.185047,-20.820116,77.77424,-17.596575,S1-329092435,S3-454415633
TP,45.557323,30.355616,2.600618,35.86892,S1-690764172,S2-495630472
TN,18.314726,2.850054,19.729158,-69.39788,S1-239312727,S2-86450672
TP,66.93152,27.37057,9.844826,46.925415,S1-735174337,S2-623728852
TP,68.02287,29.75397,10.713959,50.979782,S1-647202247,S2-61072368
TN,-31.088354,-14.949886,-16.054407,-14.683545,S1-534997445,S2-263260036
TN,-25.031998,16.098688,-30.496231,14.885285,S1-614591954,S2-236913752
TN,27.713537,14.427672,9.82102,24.889864,S1-646417534,S2-917425929
TN,-9.032888,19.762201,-45.87418,3.7455704,S1-560241024,S3-738125389
TN,28.764563,-7.097952,46.746826,-13.934721,S1-665024416,S3-418764546
TN,-2.3584445,-21.701324,19.50614,-54.064342,S1-465892099,S3-70503613
TN,4.2295065,-17.329441,14.942121,-15.768297,S1-291928837,S2-517942999
TN,52.199806,-7.494133,46.577225,-59.440506,S1-165630894,S3-386066991
TN,24.866783,-5.2144704,27.215149,-20.390247,S1-388383497,S2-45568933
TN,31.907614,-35.55687,39.92415,37.196365,S1-563661197,S3-211479304
TN,9.621228,49.154842,-65.48909,-0.8698852,S1-698462614,S2-816108525
TN,-55.464954,30.035013,-23.344498,44.906425,S1-308994079,S3-112834765
TN,-4.6075487,22.94913,-20.139225,-34.4725,S1-828948955,S3-136620883
TN,61.15735,-19.025892,73.92018,-23.73465,S1-758951426,S2-336463960
TN,-28.829466,-12.104871,-53.212044,28.02264,S1-95459763,S3-598186806
TN,-35.354,35.10366,-31.297752,19.615059,S1-15440583,S2-305716160
TN,-2.43054,-43.587955,54.03871,-12.550885,S1-582395942,S3-273528841
TN,-48.636665,-35.736748,-52.22761,13.811953,S1-201253641,S3-559192839
TN,-23.172518,29.534708,-6.0300236,10.576967,S1-31073512,S2-575581094
TN,-20.74417,17.430323,-39.87362,10.7254,S1-558828973,S3-283300095
TN,47.12014,5.471253,37.76977,-58.728527,S1-769471218,S2-175760815
TN,1.5788903,12.139797,-46.886,-34.352024,S1-391872882,S2-27926532
TN,-14.106689,-30.76388,9.255709,-49.62904,S1-86322093,S2-735239490
TP,51.330708,34.95318,5.2306743,34.517956,S1-426029560,S2-19819092
TN,1.1516479,24.0669,-51.204998,20.154713,S1-8568622,S3-444624485
TN,-22.124594,13.508898,-25.220165,-17.01599,S1-45346334,S3-819000571
TN,-51.47248,-32.40796,-21.812918,22.07259,S1-691227176,S2-823449344
TN,55.147366,-16.630608,72.29154,11.647446,S1-359033061,S3-424355362
TN,-67.9089,31.070787,-31.671778,56.956654,S1-793064535,S3-740687661
TN,33.539154,15.078373,21.24401,31.721888,S1-828271606,S3-97710300
TN,1.3223039,37.753902,-61.945904,-6.2744136,S1-161316451,S3-959619438
TN,34.273647,16.055727,19.948938,30.513107,S1-668466384,S2-432074929
TN,-33.515923,38.992332,-37.942585,17.003222,S1-63576361,S2-859581601
TN,50.740276,4.71032,34.82694,-72.941025,S1-603324839,S3-809446661
TN,2.1369,-40.511597,47.485554,-12.073299,S1-821618264,S3-670189289
TN,28.100954,-36.778404,74.61209,15.52822,S1-144294768,S2-267292568
TN,27.427256,16.226107,8.710456,26.451084,S1-672704241,S2-781624402
TN,-15.411021,33.759922,-38.93299,-6.43355,S1-845519228,S2-564817992
TN,22.942902,-62.677334,68.48896,37.364407,S1-772718128,S2-459692766
TN,5.6731367,41.934296,-23.269732,26.89918,S1-859371702,S3-906039090
TN,-47.369106,-0.24948144,-33.474922,-39.55563,S1-102554340,S3-113904220
TN,-21.044323,2.0353806,-23.84346,-43.15187,S1-727999286,S2-955024479
TN,-38.46322,-30.040363,-42.69545,-18.924845,S1-637259108,S3-157710925
TN,11.368323,-44.814304,55.202168,-0.6146708,S1-437650869,S2-627206132
TN,44.37144,0.843064,38.18688,-58.05557,S1-133425994,S2-891460804
TN,-13.955708,11.222124,-33.291843,22.669708,S1-481614700,S2-692469355
TN,-9.098555,-27.030018,11.556025,-46.929787,S1-220135012,S2-802262149
TN,2.6008341,38.976223,-60.030384,7.255738,S1-778598188,S3-217519577
TN,49.47939,-29.308323,45.631264,11.925145,S1-771371244,S3-249003314
TN,-14.26294,36.46033,-4.9721518,2.406568,S1-475553955,S3-428299571
TN,-3.6531236,-32.88327,17.594412,-51.287876,S1-79041111,S2-622455353
TN,-61.54114,19.487595,-26.936071,48.798306,S1-609796898,S2-224490029
TN,-52.039864,-33.841213,-31.89777,17.651258,S1-200228790,S2-480586236
TN,-47.234818,-22.30549,-17.59036,-45.111088,S1-118417004,S3-933393128
TN,-61.10559,18.763378,-23.516785,50.99953,S1-519300001,S2-374119290
TN,24.811228,-8.054954,26.977308,-5.7684836,S1-735766404,S3-942372716
TN,-15.650558,26.396816,-12.940375,-2.7835338,S1-988151611,S2-82333506
TN,-30.833792,42.957638,-31.253551,-13.44074,S1-70951571,S3-417449173
TN,-23.725386,17.432375,-30.994427,14.841272,S1-942964069,S2-748140246
TP,51.151424,28.958822,10.9770155,39.1033,S1-457631513,S3-105458778
TN,-41.53838,16.941553,-9.879118,31.606041,S1-46697254,S2-965299554
TN,5.1010356,-66.58398,41.05426,-2.6119747,S1-634682940,S2-391353180
TN,1.9017531,-32.52043,54.178936,-12.845879,S1-186535792,S3-53278837
TN,-15.18273,34.78927,-38.589695,-16.340069,S1-879119843,S2-429366695
TN,8.013879,-48.12372,54.761738,3.3259892,S1-741330108,S2-24927733
TN,24.915565,-52.852596,66.94171,29.204008,S1-560241024,S3-16483073
TN,-1.1880836,47.896515,-59.082825,-12.196249,S1-44456314,S3-844387950
TP,60.67563,23.852953,20.975428,41.685955,S1-462774307,S3-916493531
TN,-7.391491,-21.11962,9.972294,-51.93268,S1-358333032,S2-944413736
TN,-47.807926,-22.496624,-16.959738,-45.89613,S1-280895895,S3-837552921
TN,5.567362,-46.470703,55.600914,5.8988667,S1-218096759,S2-611801688
TN,29.927391,-57.384842,82.892975,-6.873007,S1-187876885,S3-7397185
TN,7.5923514,43.06088,-69.694885,-21.458115,S1-574137093,S3-252611337
TN,-31.379423,-7.5138016,-56.946995,35.806385,S1-572746321,S3-590363467
TN,-48.707188,-25.568262,-15.344082,-41.91231,S1-740535861,S3-269674539
TN,-46.55198,-0.046052895,-48.271706,8.141807,S1-528082144,S3-959374157
TN,-20.889225,-18.106522,13.421818,-24.55005,S1-449173832,S2-241794449
TN,8.424174,49.533813,-54.586357,-8.938039,S1-447263115,S2-105568392
TN,5.7275987,44.01377,-54.109303,-5.042122,S1-636502711,S3-925364308
TN,19.732044,-60.808178,78.658066,1.7643373,S1-307448125,S2-702132950
TN,18.040922,-30.733395,16.09486,-41.263893,S1-297576061,S2-410955209
TN,-20.364029,-37.58759,15.095845,-0.7299778,S1-281734670,S2-544810520
TN,-3.7252645,16.861824,-26.836878,-23.211618,S1-952559507,S3-835535621
TN,-25.562819,17.438038,-20.794226,-35.49959,S1-981956672,S3-164649169
TN,14.791674,-4.4287305,32.538876,-14.748304,S1-648023843,S2-467351418
TN,32.571205,-53.35688,89.77764,-1.679549,S1-36506647,S3-967051891
TN,0.1837324,31.097206,-3.749162,1.2679853,S1-882170992,S3-889043759
TN,45.40774,6.0835423,36.53206,-59.74514,S1-450208390,S2-100528854
TN,-37.38406,49.195835,-16.465322,18.510529,S1-861681332,S3-938294273
TN,-34.883244,-9.232734,-8.119366,-40.081448,S1-935101793,S3-982385749
TN,30.341599,12.920773,10.747085,27.019547,S1-792124155,S2-717518458
TN,59.265533,-23.719904,71.08897,-18.850758,S1-890968716,S3-324031659
TN,23.246317,-56.079857,88.82671,-1.2704703,S1-850553649,S3-139754204
TN,-14.158781,33.556404,-41.11955,-18.406082,S1-36489829,S3-864203645
TN,9.183671,40.146973,-66.26482,-7.5445595,S1-497033766,S3-152045159
TN,9.49489,34.50557,-60.541298,-6.7685094,S1-761705823,S3-100307791
TN,5.878123,-2.3678923,7.734688,-21.757038,S1-725002290,S3-110211678
TN,-6.771478,-20.802692,6.9506845,-51.684765,S1-441580235,S2-817154220
TN,-21.38271,35.816166,-39.80078,-2.461575,S1-585402886,S2-546140322
TN,0.3891435,38.22345,-59.01887,-8.29498,S1-3861751,S3-94214378
TN,12.094702,56.09141,-9.385333,24.847569,S1-537359301,S2-270550160
TN,3.456415,-48.42178,54.849594,7.4986167,S1-107705314,S3-487372554
TN,-13.463145,25.55493,-20.01998,-16.900133,S1-183835486,S3-207876585
TN,9.34569,40.348362,-59.64758,0.1398712,S1-962866243,S3-512891022
TN,-35.617302,-11.454986,-9.801356,-40.13247,S1-478702865,S3-622937795
TN,-33.872875,-12.977612,-54.293053,34.667713,S1-666469686,S3-211733131
TN,63.92437,-23.549412,48.276318,-26.178614,S1-439900309,S3-948728708
TN,30.909798,-60.652622,62.82247,35.92335,S1-468315270,S3-48552355
TN,-15.811214,-56.479473,35.47856,-34.59077,S1-137364433,S3-829099140
TN,15.12907,-58.355595,40.50176,-1.5780035,S1-359179375,S2-854117884
TN,52.912632,6.676013,31.982922,-71.37214,S1-906233815,S2-298100206
TN,-62.189125,23.972992,-21.585222,52.264313,S1-55066796,S3-404604676
TN,-1.8571881,-31.093437,49.388176,-12.042009,S1-837995886,S3-902685386
TN,2.2449474,-45.853745,47.91054,-10.303108,S1-202352402,S2-318499857
TN,28.805874,-52.260147,77.46559,-6.211065,S1-302854637,S3-319156960
TN,-1.5323021,-64.7192,52.95754,-33.778976,S1-93351832,S3-404707936
TN,-9.116075,7.4356475,-15.879487,1.5432268,S1-572783143,S2-364690229
TN,9.062412,-2.3085523,21.56782,-73.45622,S1-435684853,S2-361378345
TP,65.71988,24.57517,15.074218,47.360554,S1-241658809,S3-672041752
TN,-65.98368,20.14401,-25.69069,50.510452,S1-968816067,S2-464675239
TN,4.674424,-9.396785,5.1319456,-17.566608,S1-493123748,S2-239922030
TN,6.034728,-0.04401704,20.342337,-73.26,S1-26273500,S2-352171569
TN,-43.94176,-38.079628,-52.047607,20.470629,S1-19063727,S3-597966157
TN,-76.672104,21.473047,-43.982155,43.49242,S1-151725047,S3-75803882
TN,-6.6211743,22.72753,-31.57948,-11.738812,S1-117405155,S3-547978458
TP,48.4504,26.683397,13.515058,30.196644,S1-788568139,S2-429792535
TN,-25.326986,38.444195,-54.703194,7.31388,S1-191415520,S2-545404076
TN,-76.833145,21.21842,-46.56042,40.312675,S1-711159318,S2-209281025
TN,23.426884,-5.0573792,26.914055,-19.281334,S1-344625191,S2-375722215
TN,26.833776,-67.48221,89.90832,4.239021,S1-459373055,S2-441696147
TN,29.422192,-38.26701,76.132095,14.1732235,S1-288366464,S3-63691072
TN,-31.66252,45.12508,-42.025475,-14.09326,S1-514744732,S3-699560667
TN,-4.995936,-28.772217,10.221812,-44.4702,S1-841809368,S3-80942518
TN,6.5796056,-6.8773484,10.033454,-9.754729,S1-198024647,S3-493655720
TN,9.267176,47.906796,-63.386814,-2.9267166,S1-167187701,S2-328199756
TN,6.115457,21.808367,-41.997864,-17.86701,S1-297213520,S3-929364682
TN,-32.318394,43.321083,-25.59324,-18.751534,S1-808679345,S3-410716209
TN,1.0152283,39.82979,-64.68742,-6.4771466,S1-542883555,S3-518628351
TN,-13.356778,22.825758,-21.016024,-33.924736,S1-909915487,S3-58409255
TP,47.61509,32.22696,10.3611,37.868988,S1-179310349,S2-364953456
TN,-22.166306,18.751259,-12.058097,7.966611,S1-358969792,S2-665184943
TN,-19.68587,21.132307,-12.2272415,5.9637995,S1-533162296,S2-821721972
TN,29.054546,-56.458862,59.538155,35.29078,S1-472881846,S3-428575935
TN,26.60486,-2.7975788,29.14846,-18.58755,S1-843205991,S2-868107328
TN,-4.2522793,12.593909,-26.608131,-34.362972,S1-593903132,S2-569789616
TN,-52.66419,-1.3591365,-8.256975,5.220384,S1-674495653,S2-640247941
TN,25.624996,-49.25347,50.93068,27.136644,S1-940900771,S2-382960884
TN,51.90344,7.134262,33.24137,-70.45873,S1-107956528,S2-804668723
TN,-17.00017,9.3802805,-28.726461,-12.262602,S1-13681726,S2-132643356
TN,32.111767,-54.17805,60.21315,31.670916,S1-129509880,S3-361543853
TN,12.06978,-39.263554,25.960205,13.939704,S1-886160560,S2-968538804
TN,28.452038,18.250114,8.520532,25.789982,S1-720757737,S2-112665530
TP,49.2474,28.000021,14.120501,29.97477,S1-238012603,S3-282950892
TN,45.037575,3.8341248,36.89386,-61.230213,S1-909467872,S2-934341551
TN,10.375179,-10.071726,10.317091,-11.24722,S1-566682396,S3-445851813
TN,-25.169128,17.916475,-28.774263,12.097831,S1-602586596,S3-594111275
TN,7.0245185,-45.03826,57.0557,1.6872709,S1-612159269,S2-902341476
TN,24.751743,-38.501194,21.694904,-10.831579,S1-698240616,S2-694070280
TN,-26.259981,-11.414488,-53.65281,-37.112972,S1-971069716,S2-420143007
TN,22.204834,-46.66126,48.39967,24.505281,S1-51370206,S3-435334290
TN,-12.014244,12.062849,-35.079582,20.906706,S1-9618596,S2-435793843
TN,30.222149,-10.590827,18.423786,-51.882835,S1-483029727,S2-641425502
TN,3.052309,22.99152,-15.35644,4.662283,S1-143796231,S3-139076411
TN,7.8542013,-14.017414,4.6088223,-18.859537,S1-964796920,S2-838715432
TN,2.8626764,37.774654,-62.437325,-1.5493679,S1-544838769,S2-551331276
TN,-36.24356,-32.686287,-39.59668,-3.403583,S1-433279293,S2-301312534
TN,-18.354574,-30.311443,6.272784,-46.700493,S1-254565870,S3-555667288
TN,-23.553595,-37.61742,12.098654,-10.644967,S1-94118632,S3-527309613
TP,65.79243,22.258966,13.750772,48.108055,S1-318597850,S3-93493176
TN,7.273964,-51.74138,62.663006,-0.046887614,S1-144272342,S3-783659327
TN,8.116302,-48.144115,58.213142,-1.5220567,S1-394060684,S3-377708890
TN,-9.037913,0.24218279,-35.93724,-6.0447545,S1-686276372,S2-794611346
TN,14.051301,-44.50851,42.851257,10.553584,S1-364284354,S3-595651472
TN,25.79103,-28.509365,30.622198,26.042276,S1-56795285,S2-252636569
TN,16.516132,21.264486,-11.84029,-33.858,S1-244269056,S2-881806733
TN,5.0655456,-7.8159285,3.8394697,-18.250954,S1-986946821,S2-978867669
TN,21.010239,-54.1269,88.561714,-1.4652259,S1-112544526,S3-77326200
TN,9.613963,-14.041214,19.648321,-6.5625525,S1-274331242,S2-196837100
TN,-25.878689,-11.880407,-52.51595,38.900944,S1-898562607,S2-707867498
TN,28.67313,-27.512453,30.153776,28.15125,S1-237623359,S2-935717038
TN,-53.4997,-33.43521,-20.700977,-15.462545,S1-981860337,S3-681607468
TN,-22.107065,16.099422,-41.843307,12.564959,S1-447315705,S3-886473909
TN,29.79875,-12.571858,24.475494,-38.31086,S1-467170439,S3-233191199
TN,29.460775,-62.609493,87.54944,3.344127,S1-471946980,S2-747908400
TN,1.365709,-31.989767,15.193982,-46.504253,S1-761824337,S2-458229902
TN,19.752253,-8.252496,21.13663,-18.175407,S1-24064324,S2-2200885
TN,-20.921152,-39.455147,17.112705,-11.269226,S1-458284691,S3-705255317
TN,2.6298852,41.92234,-55.779625,-14.057345,S1-446454658,S2-554233033
TN,-23.115618,14.437209,-28.044178,12.801594,S1-697769895,S3-848967346
TN,-11.829371,39.317017,-2.2983723,-6.447052,S1-433545242,S2-755182298
TN,5.897216,20.463741,-47.285336,-30.658964,S1-275276889,S2-366192332
TP,56.85981,18.964685,19.868168,33.19199,S1-267326108,S2-98081082
TN,28.663479,-26.42498,29.401484,25.494322,S1-732132110,S3-979712526
TN,25.600933,-8.423246,26.725027,-5.634733,S1-480517103,S3-333473331
TN,-7.856717,34.961544,-39.986076,-7.131007,S1-876106972,S2-739761382
TP,57.722248,21.306683,16.289068,53.127693,S1-698697293,S2-170153718
TN,-34.74175,42.661583,-32.335148,13.214682,S1-887472899,S2-542278355
TN,18.562107,13.423469,33.3194,58.932247,S1-799931386,S2-468672465
TN,24.900845,-5.158486,27.542017,-18.095846,S1-999246957,S2-88436810
TN,25.864872,-59.154938,55.975964,33.017433,S1-286145884,S3-44875348
TN,-56.24783,18.309488,-20.552322,49.716034,S1-530376253,S2-229496784
TN,-63.68339,16.335089,-26.081905,52.29516,S1-838843659,S2-858577477
TN,-8.852512,12.266169,-19.331165,-33.678722,S1-818154251,S2-784733441
TN,1.3583382,-7.39327,8.228112,-21.8952,S1-730293746,S3-505059759
TP,50.518154,22.539534,18.1268,36.94177,S1-5362694,S3-14728367
TN,7.6188307,-51.806057,63.86841,1.2968322,S1-882512638,S2-722235376
TN,26.24218,-58.360138,56.534557,32.60252,S1-104719434,S3-589903406
TN,-62.942574,16.299864,-25.892363,52.469414,S1-639413325,S2-933261621
TN,-20.918552,35.87048,-39.784985,-3.3065815,S1-314568571,S2-983776826
TN,-32.975212,-17.344719,-53.225067,36.370384,S1-48754004,S2-9838970
TN,-13.709328,-31.623892,10.396614,-44.07768,S1-871409335,S3-881522995
TN,-9.894603,18.788464,-18.911554,3.8561935,S1-397003140,S3-658118227
TN,29.019344,-10.631622,18.230467,-52.130413,S1-133341081,S2-896946944
TN,-67.44146,27.355843,-31.75826,56.84998,S1-733621739,S3-413488288
TN,6.1906333,32.684437,-51.245922,-32.43877,S1-241658809,S2-993412035
TN,16.34904,15.096722,33.301815,62.20213,S1-500272535,S2-496621696
TN,-50.2679,20.416662,-37.3002,48.100986,S1-434584138,S2-939024700
TN,-2.7758465,32.479347,-21.204567,-32.645638,S1-91499524,S2-519252691
TN,22.520008,43.641495,-19.50737,-49.664852,S1-161111159,S3-645210466
TN,-6.1132255,13.217744,-42.085754,10.272503,S1-311769668,S3-473325038
TN,7.935008,-11.277561,5.2782397,-18.418598,S1-835718336,S2-175334401
TN,-64.265526,16.301262,-24.508997,51.805065,S1-802518247,S2-796091417
TP,27.393936,17.400639,9.79118,26.9561,S1-252668663,S3-547159745
TN,-52.571445,-33.656845,-20.23614,-13.767227,S1-578896610,S2-861061025
TP,57.16433,30.227966,7.6627917,52.160503,S1-158247311,S2-966270503
TN,44.19203,6.4960456,10.873444,21.06888,S1-726360928,S2-511105555
TN,1.7509859,13.470906,-30.466997,-24.951294,S1-737005851,S2-459270458
TN,-13.006322,34.363476,-38.001152,-16.835184,S1-729871317,S2-155878287
TN,19.586441,3.7559385,19.154722,-71.06108,S1-171785160,S2-711579896
TN,27.449541,-10.37579,46.07045,-14.5692215,S1-602602584,S3-836920589
TN,-0.29067194,42.000816,-55.127075,-11.959342,S1-990758087,S2-713628486
TN,27.22832,-54.015163,57.80468,33.612175,S1-79328613,S3-832576048
TN,20.534273,-60.588005,79.43961,-0.023153398,S1-630472302,S2-452551816
TN,25.147026,45.656998,-52.623962,-15.796021,S1-344667651,S3-218165762
TN,-7.978329,17.950434,-58.263622,8.7413845,S1-726654754,S3-907702385
TN,-46.118946,-37.113976,-46.07388,12.169923,S1-35785674,S3-428184097
TN,18.738997,48.25559,-70.001114,1.4444414,S1-632267551,S3-563800541
TN,31.536833,-54.67204,60.50791,34.51801,S1-194581146,S3-180519015
TN,-50.71204,-2.2302165,-46.136196,-1.137166,S1-831803760,S3-362626100
TN,-34.94404,-18.186028,-32.525166,-51.23891,S1-62499663,S2-466877271
TN,-2.6518414,32.791443,-50.0162,-2.4632227,S1-588189639,S2-996761980
TN,-63.96568,17.465666,-16.42597,49.783264,S1-781510823,S2-264642691
TN,-28.619877,36.297726,-55.075172,8.396253,S1-134092644,S3-400083279
TN,8.125665,-44.51092,53.96218,3.9885297,S1-103480903,S2-628205025
TN,-54.08146,-3.955956,-70.51035,-8.137202,S1-278454026,S3-421805403
TN,-32.616947,42.846207,-37.51445,-5.0324454,S1-594111716,S2-657483958
TN,61.96833,-18.917372,77.42373,-19.75289,S1-142404547,S2-514095289
TN,-8.590116,10.854303,-39.472477,24.221828,S1-992150094,S2-288342157
TN,-44.15004,-27.989275,-35.52402,-3.1145184,S1-453218760,S2-338557235
TN,-42.04817,-42.000626,-52.76649,18.029863,S1-365547309,S3-983489613
TN,-3.7863936,12.5875225,-28.095142,-21.383997,S1-747423941,S3-558418352
TN,-5.3355193,-29.455406,7.5825357,-49.685802,S1-973062431,S2-977098642
TN,-27.727602,5.8846264,-15.349344,-46.204144,S1-425724341,S3-523358600
TN,31.454817,-60.08195,58.12751,31.972235,S1-679722768,S3-326271065
TN,1.1185353,26.226068,-52.127605,19.843733,S1-76746127,S3-899796382
TN,-11.0377445,27.448286,-14.006632,8.0780945,S1-941986927,S3-554965607
TN,47.655174,-16.769905,36.242043,30.43094,S1-857400555,S3-653880265
TN,-26.958387,15.605858,-27.868692,14.735255,S1-980015653,S2-15362806
TP,49.947426,25.782854,14.063957,37.766167,S1-561982271,S3-896953461
TN,22.093401,41.05069,-23.98805,-49.524605,S1-418318633,S3-172603023
TN,-45.1574,-24.258581,-21.467371,-42.366844,S1-13681726,S3-146550716
TN,-5.8274302,-19.431074,8.537193,-52.22501,S1-951919043,S2-87003002
TN,-52.67419,-5.8107004,-31.19664,-37.36247,S1-949166670,S3-65746806
TN,21.497787,-13.984742,24.423986,-13.532195,S1-627901177,S2-235805380
TN,14.646632,-8.465415,6.585872,-17.448774,S1-248251811,S2-336833838
TN,43.68965,19.897053,3.86193,30.547705,S1-785639309,S2-786548735
TN,-23.62911,24.027964,-10.846154,12.869103,S1-705900292,S2-546809611
TN,-73.91226,9.765591,-32.85939,46.672977,S1-131466314,S3-763836936
TN,3.238126,-46.15501,55.321625,5.300328,S1-889455397,S2-211665894
TP,42.385956,34.69498,1.9905457,25.174442,S1-422402433,S2-740334115
TN,9.031084,-46.15071,56.813656,0.36448175,S1-271420231,S2-967675307
TN,3.5968451,-4.4910574,13.733801,-12.054293,S1-773528069,S3-869676271
TN,33.02716,14.638116,16.999502,28.5948,S1-813301372,S3-250575056
TN,-50.216125,-32.237606,-22.145079,21.122074,S1-938512993,S2-648451232
TN,30.779451,-10.9327965,18.367107,-51.296658,S1-643277848,S2-149375456
TN,-64.350555,17.869354,-25.480513,50.646465,S1-767459339,S2-11509640
TN,-23.67716,14.844846,-31.398634,14.13085,S1-198307075,S2-707914719
TN,-24.76174,64.46507,0.3685726,70.95451,S1-357530794,S2-967806076
TN,-35.289673,-10.204429,-10.8816805,-40.74554,S1-250926993,S2-571914452
TN,-4.863651,-24.622942,3.693283,-38.598663,S1-712578336,S2-522819739
TN,-19.494587,18.435448,-17.67345,-36.175797,S1-265109559,S2-934869834
TN,22.438826,-4.332542,25.036896,-21.980192,S1-443270464,S3-973148697
TN,22.168514,45.030304,-17.330484,-48.906418,S1-23019421,S3-873616896
TN,-1.2084403,-26.459545,7.217092,-38.768063,S1-453940483,S3-846984842
TN,27.572193,15.661531,9.484344,25.286573,S1-333818470,S2-854864690
TN,3.4916797,-43.97382,48.45506,-8.965152,S1-554177141,S2-798929840
TN,-18.576063,-37.690083,14.235081,-11.759496,S1-292395276,S3-742871713
TN,-36.128483,-35.650375,-48.76755,-1.4912285,S1-983470837,S2-146118744
TN,-2.0469506,48.352318,-29.693283,-45.989445,S1-880718750,S2-63708608
TN,-0.511168,15.715268,-30.316029,-10.192319,S1-721592216,S3-462704872
TN,-72.06947,11.489291,-27.689533,50.870956,S1-462811485,S2-605863150
TN,16.069786,33.7632,-66.53019,-18.84827,S1-557927651,S2-184676042
TN,31.606691,-33.005596,39.076797,32.596706,S1-486848904,S2-741675200
TN,-12.830022,-3.0451627,-53.445324,-36.912773,S1-969141796,S2-670772536
TN,33.471367,14.763435,18.510002,29.829784,S1-925235745,S2-182134510
TN,31.892576,-40.59327,22.499792,-10.728975,S1-754545009,S3-636385803
TN,-11.112815,51.547207,-11.081665,22.73495,S1-988050208,S2-309358711
TN,30.285324,-53.99133,59.768425,31.359957,S1-833505500,S3-638747626
TN,27.07347,-40.292473,75.29052,17.322655,S1-256190314,S2-741531714
TN,27.250584,-54.649555,60.470467,34.09154,S1-285833194,S3-583240131
TN,-59.14146,24.386015,-24.805843,47.38792,S1-262297053,S3-232737692
TN,-7.928581,40.989834,-1.3852681,2.4571762,S1-460950089,S2-965020163
TN,-14.851506,45.985306,-33.169178,53.865128,S1-893250042,S3-830682422
TN,-33.540543,38.541668,-37.32651,16.676985,S1-35785674,S2-1454117
TN,-0.37081856,-4.095776,21.724457,-73.48144,S1-589369946,S3-204314412
TN,43.199657,2.1249452,23.639599,-70.67691,S1-508504345,S2-108272382
TN,18.029392,36.5055,-28.2738,-45.22581,S1-997881830,S3-437468878
TP,57.155804,19.324512,18.56127,43.65283,S1-636093466,S3-55165794
TN,-34.050213,-15.738668,-48.507214,35.54882,S1-281348564,S2-656972334
TP,58.681736,25.419039,14.189346,41.415115,S1-798941426,S3-403621388
TN,-45.30732,14.171398,-13.644626,32.382565,S1-514972636,S2-175245397
TN,-3.1179464,22.2919,-19.843025,-30.248201,S1-683709564,S3-524529006
TN,-27.523779,14.988626,-16.89217,25.686007,S1-180482489,S3-538066900
TN,13.681887,46.117844,-66.94334,-1.0810779,S1-687191101,S2-202040303
TN,-28.9838,37.032967,-50.110985,9.875054,S1-298205733,S3-771262694
TN,10.163841,31.755857,-53.217632,-34.65697,S1-747138553,S3-829483594
TN,-40.508152,-31.730768,-49.271763,3.8152149,S1-637739988,S3-437671332
TP,38.987263,32.800133,1.4087617,31.559551,S1-799775613,S2-436800389
TN,3.9325943,-49.623325,54.483826,7.4981885,S1-992159822,S3-824141708
TN,-37.265656,-37.41255,-49.94757,-2.36273,S1-590385588,S2-945870390
TN,11.493615,-6.5352407,1.9974345,-16.963875,S1-873526112,S2-727520518
TN,34.816578,-55.004543,81.72334,1.6037483,S1-115697930,S2-842693610
TN,5.661721,-45.843227,57.37025,1.9336783,S1-845716926,S2-562095341
TN,19.268911,-1.2309141,30.644262,-13.5385685,S1-471619198,S3-957525399
TN,11.269996,38.24872,-68.72311,-6.068827,S1-812313857,S3-690604887
TN,-3.1239188,-28.800638,12.746057,-42.430237,S1-980819101,S3-484770284
TN,-70.005165,31.488375,-32.546516,56.053562,S1-396927562,S3-905341575
TN,5.695137,-6.403342,13.693786,-13.063408,S1-347932182,S3-122824847
TN,-15.6207905,15.229226,-13.995978,2.210576,S1-392148591,S2-91715795
TN,-65.18849,26.882101,-35.36038,51.766247,S1-547479243,S3-243821101
TN,-78.06116,22.778316,-46.62389,44.07525,S1-164732687,S3-247688151
TN,-41.388462,-36.616734,-29.598974,-23.925056,S1-489970877,S2-570049289
TN,33.2198,-58.9731,62.82377,35.899117,S1-407590330,S3-413354401
TN,-33.9618,45.38341,-47.940945,7.727978,S1-23398471,S3-190570189
TN,-16.641056,30.864405,-39.74944,-7.6028724,S1-63763770,S2-979195592
TN,26.553675,-5.05935,24.143965,-18.667292,S1-765662845,S3-396817158
TN,28.106426,-70.09007,91.207504,0.64280564,S1-235363875,S3-953057691
TN,-49.00394,-35.314133,-17.788654,-34.06994,S1-734658973,S3-85223298
TN,-48.43982,-39.187027,-23.970621,23.352442,S1-435364733,S2-688162709
TN,-67.506424,30.493217,-32.055996,57.922775,S1-225760627,S3-841524233
TN,-31.797028,41.909546,-30.165709,6.3607674,S1-801049078,S2-639371829
TN,-65.666595,34.25505,-30.56397,59.49736,S1-605471322,S3-38887890
TN,20.17087,-49.76922,48.929012,19.524446,S1-444257292,S2-905644244
TN,9.331107,-8.280951,10.797285,-12.082353,S1-686325131,S3-290626913
TP,49.64023,27.356142,13.081045,33.13599,S1-760748696,S3-925023962
TN,-47.58699,-30.921568,-26.096914,-15.267729,S1-40823565,S2-510903266
TN,8.713038,-13.941306,5.2624435,-18.816614,S1-374042882,S2-810949835
TN,-12.18808,39.733097,-2.948743,-6.8960433,S1-478027133,S2-572200723
TN,18.346434,-47.99534,46.932495,20.634172,S1-43580654,S2-934736159
TN,-35.1781,43.242954,-44.993343,12.843053,S1-25466645,S3-146096617
TN,19.915133,-50.382607,42.951862,-0.4339747,S1-235769701,S2-213897427
TN,-38.86979,44.49252,-14.245738,-45.80596,S1-132536342,S3-239464406
TN,10.387013,-57.13319,41.3231,-6.4868717,S1-104747589,S3-370162496
TN,8.109662,-17.234194,19.717857,-10.512186,S1-876541958,S3-159821234
TN,-42.47821,-34.886383,-30.688814,18.276901,S1-577846055,S2-835242404
TP,63.470577,21.841791,14.18836,41.479393,S1-185115475,S3-705932091
TP,68.10514,26.277508,12.280555,50.227722,S1-435684853,S2-946918200
TP,59.15172,22.399284,20.948399,44.600544,S1-222800465,S2-504828475
TN,-9.059748,1.6242552,-38.19037,8.67402,S1-801868008,S2-639630401
TN,50.95794,-17.401325,38.71486,28.878246,S1-327722768,S2-100870022
TN,-54.86464,-1.5889461,-69.481186,-22.014544,S1-931522072,S3-788761
TN,32.32364,0.65344995,20.49104,-70.863815,S1-735420250,S3-986940765
TN,-78.182495,20.175816,-48.75487,39.711838,S1-580375963,S2-985847271
TN,-61.924427,8.768755,-33.571182,49.74834,S1-777893476,S3-889690349
TN,-11.032085,43.604782,-1.9682038,3.620291,S1-375805138,S2-631853473
TN,16.168055,-15.906948,29.17824,0.75973135,S1-300286446,S2-514958790
TN,-24.691862,-1.404202,-32.294384,-42.04945,S1-977921482,S2-941883040
TN,9.653838,-39.74215,36.844387,17.187225,S1-261854411,S3-418017600
TN,28.210629,-41.192314,75.653885,12.472454,S1-37982431,S3-168029080
TN,0.24719891,27.056168,-44.95048,19.406689,S1-848500080,S3-519208488
TN,-3.6146588,-21.853426,5.226113,-45.404457,S1-241810808,S3-117578197
TN,24.910532,-46.9425,41.533516,30.752111,S1-657022670,S2-309315113
TN,25.412271,-67.57254,90.02724,5.049773,S1-163102226,S2-947056467
TN,28.47713,-28.009357,29.982506,25.518246,S1-827872973,S3-819729936
TN,12.075514,47.55093,-23.651451,-47.16432,S1-224453645,S3-607224331
TN,23.039991,-30.519245,65.12831,12.623578,S1-746001068,S3-131114704
TN,9.226476,42.40826,-64.21785,-2.5707066,S1-685346234,S2-114748262
TN,-23.626204,2.930035,-22.58841,-41.70144,S1-363708060,S3-273275604
TN,-20.472816,29.282837,-22.959517,22.456526,S1-642829191,S2-602627852
TN,12.333335,-43.213764,44.93748,8.870157,S1-115563371,S2-644016266
TN,-0.3801057,31.126974,-46.667103,-31.089804,S1-549210446,S3-557202217
TN,-54.397697,-1.1134802,-59.244644,-23.272451,S1-923740783,S3-54585594
TN,-1.6998183,-20.753832,18.794125,-54.866917,S1-40964488,S3-870460108
TN,-19.789537,28.111181,-33.920784,8.3613405,S1-481454427,S2-651490550
TN,-14.15018,8.6231365,-28.994717,-12.296612,S1-776575558,S2-885220471
TN,-35.65827,50.869602,-15.793172,22.42178,S1-852221189,S3-83823299
TN,25.33229,-63.533054,81.270164,1.4864199,S1-216477416,S2-91461087
TN,-1.9509863,32.986485,-37.561718,23.932936,S1-576778274,S2-983030125
TN,-13.337026,-32.05065,9.701214,-42.60144,S1-785639309,S3-577317021
TN,-6.0379868,35.795593,-4.2337637,5.9394045,S1-824440789,S3-497944831
TN,21.947588,-6.3241005,20.051712,-17.929537,S1-134631007,S2-89551402
TN,3.158623,41.849926,-64.968636,-10.462271,S1-132142099,S3-535003574
TN,23.006416,-31.719389,66.04404,13.120047,S1-439436439,S3-70918120
TN,1.5203025,-37.33509,4.8461733,-43.09643,S1-194876316,S3-776847566
TN,-49.61728,0.0018975169,-36.914284,6.8453546,S1-902593407,S2-763624686
TN,2.0400512,-26.765703,19.050089,-48.220516,S1-88279762,S2-838371023
TN,-7.782846,39.15048,-4.818026,-2.812437,S1-431948019,S3-846276960
TN,-30.996334,36.032555,-24.030193,-35.721897,S1-219610937,S3-693240160
TN,11.614905,-23.008936,40.189846,-2.880271,S1-284955808,S2-140643903
TN,34.814964,-28.98052,35.60127,33.994713,S1-298907561,S2-763945131
TN,2.2028582,45.216198,-57.16625,-5.8870096,S1-423134095,S3-965041489
TN,1.8328731,-53.08033,60.536537,3.0581286,S1-520142290,S2-229955172
TN,34.361156,-32.801712,33.828842,32.48976,S1-758399706,S3-397837649
TN,-32.707687,39.457054,-37.070984,17.153885,S1-973414956,S2-930347587
TN,-36.650177,36.921955,-49.29257,19.741385,S1-462955766,S3-307571532
TN,4.027806,45.430218,-53.000664,-8.037689,S1-486349441,S2-215266737
TN,44.526752,5.020465,39.559696,-58.24436,S1-902446050,S3-459831822
TP,40.37492,32.120373,2.594856,23.50675,S1-940128658,S3-590478202
TN,-43.828884,-40.958622,-49.91702,16.648306,S1-93352981,S3-598624986
TN,-3.2776399,34.772163,-2.9554532,-3.8800404,S1-975247454,S2-349868400
TN,-29.090641,-14.336227,-21.633257,-1.920923,S1-720637942,S3-789917679
TN,-20.592348,38.266064,-37.188946,2.3340538,S1-606844039,S2-609040220
TN,-4.510895,21.719715,-52.81253,13.282581,S1-568384001,S3-89951971
TN,-5.9968824,-22.698223,7.5627017,-49.846004,S1-891415335,S2-36301787
TN,-16.119162,20.996304,-16.650385,0.3755659,S1-849012047,S2-848834300
TN,-32.913944,-13.390121,-26.640997,12.794903,S1-850811988,S3-286447242
TN,56.020405,-31.00888,60.004818,-6.5316396,S1-901328101,S2-857911717
TN,34.91426,-33.142353,37.852886,33.706776,S1-135216208,S2-732993842
TP,66.67348,21.360416,13.598416,48.8926,S1-773528069,S2-899277407
TN,50.963596,-21.1313,36.902164,17.129156,S1-473346899,S3-28682494
TN,-27.7758,5.43408,-16.214779,-39.77744,S1-488474686,S2-249228491
TN,-59.373665,22.051369,-15.956236,51.4875,S1-686460358,S3-5252323
TN,0.05356396,39.927166,-55.91439,-9.854121,S1-555471279,S2-547534764
TN,-18.01917,31.873728,-36.637047,-7.4241056,S1-106062187,S2-978228550
TP,60.699295,30.833796,16.868435,39.35256,S1-221213998,S2-148670981
TN,16.668459,-24.805006,38.240356,-8.966883,S1-166942865,S3-545670140
TN,45.791683,1.0482594,39.642597,-61.134483,S1-203674743,S3-498832378
TN,-54.52561,-3.3575847,-55.477055,-33.179745,S1-109561605,S3-28520064
TN,-4.5650806,24.564217,-16.790684,-31.327023,S1-968075176,S3-410739786
TP,48.84055,25.055193,13.227253,36.989075,S1-739141757,S3-156912976
TN,-12.957645,-30.928722,12.27821,-46.76785,S1-153541971,S2-372886358
TP,59.032665,29.057693,7.582014,49.67607,S1-447263115,S2-522853865
TN,-36.49279,21.024508,-8.769473,30.604052,S1-973886716,S2-403526305
TN,-14.391633,6.536449,-44.396,11.348742,S1-844251282,S3-395050318
TP,63.422653,22.110891,15.73272,41.10906,S1-361522537,S3-826978786
TN,-16.573294,2.3832633,34.298695,62.480015,S1-906580562,S3-280923098
TN,56.150272,-18.051025,73.16084,11.999529,S1-895537843,S3-372780442
TN,-18.975489,-39.93315,12.289497,-0.24515685,S1-265024324,S3-234049187
TP,52.66576,40.774624,4.6008406,66.27798,S1-328795977,S2-66456278
TN,-32.90445,37.912487,-38.29395,17.605028,S1-72524205,S2-225470066
TN,-42.76742,-27.802113,-17.231583,20.913002,S1-45670927,S3-647711670
TN,29.7761,13.63135,10.902357,27.848083,S1-323139110,S2-756947106
TN,-48.09411,-32.79488,-24.803186,-17.38684,S1-611094887,S3-381231328
TN,2.5948603,33.805325,-57.517673,-10.078451,S1-927646926,S3-232016314
TN,11.8279915,-6.895105,12.357045,0.7980199,S1-321503108,S3-99392216
TN,5.537169,44.76715,-58.78223,-5.7217984,S1-672706155,S2-765844599
TN,26.109346,-29.558784,33.335876,24.92868,S1-890953183,S2-585504789
TN,-53.488228,-0.9252414,-27.850792,-48.041645,S1-140630590,S2-572694884
TN,53.81841,4.46849,35.18322,-72.31656,S1-829590124,S2-680105351
TN,9.72227,-33.23612,21.09118,-34.85073,S1-392226516,S3-608268130
TN,31.59017,-39.43452,74.53465,14.463085,S1-507972786,S3-305893921
TN,16.921518,-3.8701484,24.366629,-19.45753,S1-198404163,S3-545007164
TN,1.4378163,-65.49662,50.313255,-29.845123,S1-124498658,S3-576190880
TN,40.02767,2.8096414,19.358526,-71.33207,S1-715882937,S2-842929138
TN,-5.164398,-28.025572,8.404962,-49.121094,S1-575994404,S2-198001766
TN,32.382572,-31.983557,50.445694,27.674898,S1-996901769,S2-982273039
TN,18.448032,13.8670845,33.269184,58.806313,S1-892323616,S2-165252723
TN,-12.76743,32.205345,-31.139898,6.047361,S1-286698366,S2-533832895
TN,28.590223,-29.693316,33.21773,25.070074,S1-270122828,S2-297352162
TN,9.563816,54.801968,-27.107437,9.575924,S1-880312665,S3-739433522
TN,-67.35039,30.63513,-32.092533,57.348156,S1-46220577,S3-370220824
TN,-9.672529,27.83189,-5.897268,-6.89487,S1-890168630,S3-79349447
TN,-16.324284,-8.444397,-47.345016,-43.2908,S1-688859672,S2-809308105
TN,-36.758675,-32.14156,-37.751797,-2.493933,S1-888852022,S2-860344495
TN,10.714759,45.225986,-54.50729,-30.462358,S1-297425015,S2-932514186
TN,9.922128,32.680977,-71.58895,-7.77861,S1-295818517,S3-737908579
TN,4.471718,-17.176125,10.27261,-20.089314,S1-712493131,S3-251048130
TN,27.19594,-54.045208,78.94312,-5.0502973,S1-528448226,S3-714703975
TN,26.829031,-68.024796,89.39252,4.2495704,S1-962272266,S2-830352466
TN,-29.137331,43.69746,-32.45163,-13.046931,S1-822777878,S3-10557854
TN,-49.959217,22.358183,-13.514062,51.514454,S1-330172210,S3-574792988
TN,-39.78078,51.11581,3.1154945,69.57317,S1-967971456,S2-513852394
TP,43.914898,37.960087,-1.5637987,28.898607,S1-151702054,S2-361894515
TN,27.054165,-37.96558,72.61178,17.83663,S1-457631513,S3-496561716
TN,-18.795168,19.621412,-13.493695,1.613847,S1-906941568,S2-82596670
TN,44.599182,1.7035428,38.285446,-58.008984,S1-212312735,S2-224602584
TN,-29.540993,-13.227619,-53.95589,35.368935,S1-910733888,S3-978169491
TP,65.0882,27.804089,9.919513,50.17586,S1-492311530,S2-449805818
TN,30.659986,-11.395852,21.015953,-51.381668,S1-170824171,S3-360795858
TN,-14.300011,-31.003193,12.145279,-42.915188,S1-992584026,S3-7776891
TN,-60.133015,22.228275,-24.472855,46.849102,S1-3721665,S3-952357656
TN,4.979235,-48.560997,54.89777,8.396696,S1-372417273,S3-40583594
TN,60.508167,-17.942938,74.392296,-24.127123,S1-194595672,S2-53173737
TN,-4.96382,43.52178,-54.728123,-19.161455,S1-495409451,S3-525512208
TN,26.75374,-59.20495,81.72249,-4.645602,S1-788680844,S3-284303204
TN,-21.721933,-19.13659,14.01739,-26.305044,S1-709178838,S3-727109213
TN,-34.28112,45.494064,-56.203785,10.219941,S1-263148431,S3-998173202
TN,9.849941,-41.908726,49.937065,-9.597101,S1-679850016,S2-678132354
TN,-70.14809,31.19881,-35.336426,54.860752,S1-308330818,S2-270595301
TN,26.770292,-0.88574916,24.7483,-15.936873,S1-412718369,S3-892981614
TN,-16.56478,30.034754,-11.85834,-4.7437396,S1-440138741,S2-867260732
TN,6.968756,-19.266865,16.575768,-13.64486,S1-905331803,S2-150100551
TN,29.90735,-62.730247,89.722694,-1.7302558,S1-772718128,S3-646824018
TP,60.718796,23.696283,20.31831,41.460434,S1-200384195,S3-939758152
TN,24.916956,12.633979,5.3956814,27.939543,S1-459587149,S2-301453181
TN,8.960435,46.882584,-55.11397,-30.63991,S1-358037114,S2-300707080
TN,-22.299547,-40.45028,12.433633,-9.469678,S1-386546370,S3-829689152
TN,50.94503,-11.195361,45.74382,-61.45398,S1-367988454,S3-259783846
TN,1.2255502,-11.046913,4.407407,-19.56544,S1-498639983,S2-550018249
TN,-16.817726,44.26721,-4.1304383,24.67754,S1-456048122,S3-320479237
TN,5.6757293,40.46432,-63.3059,-4.8340707,S1-101328384,S2-967805399
TN,-8.381915,16.684366,-55.20185,9.5980015,S1-360158947,S3-31736000
TN,-65.24073,24.92197,-17.252254,48.319054,S1-408232933,S3-90048826
TN,-39.953476,16.332064,-10.760291,30.234545,S1-489817665,S2-64637585
TN,-49.999996,-1.7258573,-46.037262,1.4673991,S1-703207977,S3-690385564
TN,-8.211143,30.77736,-50.6271,0.37920725,S1-888597194,S3-853524342
TN,-48.477333,-22.983353,-19.079554,-42.660175,S1-522247605,S3-43532579
TN,-33.450523,45.241035,-46.87318,19.12756,S1-934091699,S3-820441805
TN,26.006258,-38.48476,74.72576,15.476969,S1-85816400,S2-300505597
TN,26.258469,-30.726467,67.21617,13.968617,S1-362728978,S2-628862909
TN,-12.3823805,12.948935,-13.676321,-6.9837556,S1-715092751,S2-401336167
FN,50.747498,8.195396,33.14684,-72.84166,S1-946776975,S3-675027779
TP,59.19998,29.086285,14.429805,31.732155,S1-252493410,S3-926107203
TN,9.223815,1.4022853,5.9705434,-22.400589,S1-871924162,S3-515706302
TN,-38.7613,-36.55454,-33.995724,-37.60248,S1-700179125,S2-261854958
TN,27.988073,-70.22793,88.72091,1.1119903,S1-335857990,S3-657315682
TN,13.067131,-44.199017,44.78319,9.679817,S1-718853907,S3-188225260
TN,-39.680874,-30.453293,-45.284386,-5.354854,S1-729057212,S3-590721596
TN,-48.227577,-34.448555,-43.30974,9.400777,S1-399112381,S3-540365419
TN,61.8963,-19.049276,74.060356,-23.61137,S1-37228917,S2-224279226
TN,-15.217851,-34.349907,10.732365,-42.92062,S1-134588194,S3-436036968
TN,26.465595,-47.217953,49.461464,21.36252,S1-236649547,S3-773493803
TN,-13.00629,20.944706,-11.417254,-5.707298,S1-620777258,S3-829255412
TN,1.8274903,41.035877,-61.148735,-4.367083,S1-944800915,S2-748565685
TN,-12.565788,27.579012,-45.4066,-3.5820825,S1-429944850,S3-906624693
TN,-13.868183,-30.487267,8.985991,-44.023537,S1-81487420,S3-624637904
TN,-54.22416,-29.559238,-11.314547,29.94283,S1-420374909,S2-247334615
TP,49.647034,13.238635,32.288074,-71.10435,S1-648718465,S2-447304887
TN,3.2171056,-61.942017,50.838306,-29.75695,S1-498294067,S3-494906602
TN,-30.863396,-8.241522,-57.657833,33.3159,S1-948105576,S3-550432669
TN,6.430145,-29.392025,22.044043,-44.100742,S1-355641273,S3-32522941
TN,-20.225191,28.418442,-37.113277,7.980785,S1-277983220,S2-353846956
TN,58.234756,-24.276857,77.21515,-19.755804,S1-457854401,S2-916476233
TP,40.945442,32.267437,1.5822997,25.630547,S1-305380509,S3-350402473
TN,0.09973417,-28.631819,21.706844,-37.242413,S1-540379719,S2-577268596
TN,1.1350387,-31.045765,13.176142,-47.06443,S1-120094947,S2-560044446
TN,6.807952,-10.881761,12.08582,0.8242084,S1-47495837,S3-83845496
TN,-6.0884433,33.599255,-50.59975,0.26761174,S1-218096759,S3-817076313
TN,26.911695,-70.136696,89.60528,4.012024,S1-830624103,S2-556841326
TN,-5.1596074,20.02104,-53.583992,8.141524,S1-25210907,S3-162419436
TN,0.6602373,-44.230537,49.557426,-9.904668,S1-613933949,S2-504783306
TP,66.797714,28.225918,7.933929,45.260838,S1-671023069,S3-593820325
TN,33.634815,-40.092957,76.445145,15.838131,S1-125527556,S3-417389990
TN,-4.922903,14.449788,-51.367237,-35.689503,S1-751084568,S3-697754279
TN,-8.160198,19.485155,-47.12108,9.8364,S1-644470352,S3-296621414
TN,-10.751976,35.56555,-42.51091,-3.6158724,S1-18114025,S3-741684909
TN,-70.34939,27.777018,-32.037792,60.098427,S1-564893011,S2-131092992
TN,1.4557395,-38.67045,22.021412,-46.38519,S1-337407701,S3-952250278
TN,3.109343,-11.191267,5.930351,-20.146748,S1-934858685,S3-371584816
TN,6.58257,48.527336,-59.923695,-12.943468,S1-865479177,S3-279571330
TN,-29.489536,6.239674,-14.758009,-40.08079,S1-942892909,S2-899705960
TN,8.492475,-8.085852,3.9557886,-19.36854,S1-866965509,S2-926047319
TN,26.147125,-32.96213,64.2347,11.676,S1-986638237,S3-235742906
TN,21.555962,-54.064854,68.85636,30.449661,S1-242130206,S2-928883542
TN,-31.797237,47.469357,-43.519207,18.873112,S1-334448466,S3-965656932
TN,8.207345,-48.175404,51.45601,-7.2055244,S1-577919170,S2-819482555
TN,20.20581,-39.12901,23.024368,0.15675697,S1-938145449,S2-33315698
TN,-63.100822,19.960297,-25.929514,41.43901,S1-832741080,S2-206935917
TN,16.569012,-25.41816,38.653923,-7.9130783,S1-343485860,S2-12422418
TP,64.35791,21.032484,16.447424,43.396206,S1-313653242,S2-119732602
TN,-7.58992,17.536419,-49.519,13.066892,S1-733956904,S3-237724685
TN,-20.554285,0.31882483,-23.04797,-38.451523,S1-957024995,S3-274943154
TN,-16.396275,-30.679148,8.286324,-45.434677,S1-635104010,S3-330338497
TN,-17.719873,-6.8841496,-26.022163,-34.93662,S1-917195925,S2-83037223
TN,-13.005453,-3.4304101,-44.00857,-39.308567,S1-934131993,S2-520683136
TN,-15.005894,26.678822,-13.304225,-6.5369945,S1-799775613,S2-400617224
TN,46.48712,-0.42787254,35.0605,-54.24195,S1-639664070,S3-862760677
TN,53.07474,2.8979635,34.940907,-73.84619,S1-940661704,S3-314449835
TN,-44.47755,-29.023983,-41.88763,12.896697,S1-335408418,S3-399770489
TN,-43.504337,22.369165,-11.570338,33.400505,S1-223503917,S3-14731939
TN,3.7613966,-40.430065,39.29268,-7.68782,S1-830182102,S2-941768841
TN,-8.199229,19.826591,-46.457043,11.054243,S1-702400542,S3-450595218
TN,0.24772234,43.174107,-55.127598,-19.376823,S1-539543169,S3-832487402
TN,-7.4625793,18.95802,-45.541676,18.51606,S1-40283565,S3-860377790
TN,27.70613,14.432901,9.930884,24.615747,S1-952941285,S2-912193491
TN,42.36864,-49.298115,25.90533,13.470661,S1-347239913,S3-111496829
TN,16.732422,14.5699,33.567196,62.36153,S1-111328067,S2-123945505
TN,1.6516006,41.170895,-54.73249,-20.749952,S1-754527913,S3-198628539
TN,-48.622375,-23.50936,-17.456207,-41.726772,S1-742444478,S3-170869706
TN,-13.310288,34.465992,-37.66385,-15.64346,S1-238779178,S2-21401101
TN,35.195633,14.171897,18.191423,30.945047,S1-864313678,S2-827804214
TN,8.0394535,38.860306,-72.147,-7.5001698,S1-797538454,S3-101171671
TN,-71.55463,7.0965357,-42.212376,55.779327,S1-273636735,S3-321928270
TN,-16.645395,30.401857,-38.692368,-7.2618165,S1-563382892,S2-38968169
TN,17.834887,-55.769302,40.336235,-1.6474402,S1-710938267,S2-90444205
TN,45.047928,4.125075,37.31103,-59.927284,S1-443327225,S2-348884105
TN,31.928501,-57.10517,59.053123,35.497795,S1-408288989,S3-452389046
TN,26.939575,-38.026245,72.65348,17.820288,S1-682925888,S3-330417063
TN,-66.59719,23.672598,-34.982777,46.648674,S1-370604541,S3-491672651
TN,-42.285145,-30.118322,-28.966574,-18.779396,S1-606255559,S3-876557658
TN,52.44851,-29.938763,59.85591,-5.113918,S1-133319933,S3-397266490
TN,-65.53242,24.225965,-39.761433,51.250313,S1-357564123,S3-101029391
TP,63.823086,28.712631,10.332082,52.790276,S1-864527349,S2-497772927
TN,4.2193236,-50.740223,55.86702,6.166365,S1-684726735,S2-252811469
TN,25.300507,-31.062626,64.519066,10.782914,S1-933746533,S2-90693571
TN,-34.818653,-31.62658,-38.700523,-4.499509,S1-619938399,S2-410215650
TN,29.251457,-61.148647,80.73276,-3.3198838,S1-834382077,S3-135676419
TN,-45.584587,-34.672867,-26.52816,-20.451815,S1-593778661,S3-515535042
TP,60.263203,25.424313,21.150364,45.797493,S1-773680179,S3-377031848
TP,58.97289,21.554081,14.226361,53.61456,S1-692134341,S2-636288980
TN,10.134246,-11.622967,14.951567,-6.029508,S1-807426252,S2-694388000
TN,-16.007101,38.446625,-45.424416,-1.1788744,S1-582814517,S3-669569761
TN,-44.76503,-28.39732,-42.491894,14.116286,S1-936280640,S3-197027116
TN,-18.388535,24.910511,-33.277073,-22.006844,S1-775913434,S2-707944751
TN,-0.14021283,-9.332113,15.2000675,1.2759413,S1-195552139,S2-113624568
TN,-40.847412,47.6013,-16.366571,32.529675,S1-59784811,S3-184769786
TN,-18.424316,-30.07076,8.538733,-51.27404,S1-510605062,S2-653106066
TN,-4.677499,-29.148985,5.5521193,-37.297466,S1-653683919,S2-366649245
TN,-18.74789,15.485402,-14.917303,-6.248003,S1-124242666,S2-811639428
TN,-29.034529,25.113575,-31.321758,8.23167,S1-381218258,S2-927308289
TN,-27.992441,-10.484613,-53.394646,34.919872,S1-345958340,S3-596959049
TN,8.08799,-13.280841,12.669916,1.4036686,S1-771062422,S3-481539625
TN,4.7501187,-16.894503,16.142544,-14.722109,S1-307824139,S2-642253396
TN,-6.1962395,32.572273,-46.38522,-1.5105247,S1-152675296,S3-954218547
TN,5.6666136,-26.686646,13.9205885,-50.091763,S1-660061122,S3-258268901
TN,-2.7174602,18.361078,-43.83687,12.497751,S1-252493410,S3-80963547
TN,49.575413,-29.294926,57.004326,-4.69281,S1-434919170,S2-635991191
TN,47.376694,5.783309,35.997578,-54.97292,S1-860277417,S2-184864349
TN,-9.565946,8.575873,-36.83445,20.045073,S1-10350212,S2-517156185
TN,61.35645,-21.157608,73.735306,-23.645382,S1-547535276,S2-304098581
TN,12.55594,54.403755,-69.32903,-3.3764982,S1-677158499,S3-588766359
TN,6.3317904,-51.149113,61.583847,2.8593192,S1-299154320,S2-292354243
TN,13.325813,-17.556568,22.400988,-1.7243025,S1-998480442,S3-385175744
TN,-0.8222873,19.751532,-51.386566,19.117397,S1-228428993,S3-283072327
TN,8.684858,-5.989875,10.39058,-10.220276,S1-87827111,S3-937032584
TN,-8.962503,15.579581,34.446823,61.804203,S1-727999286,S3-368613842
TP,69.00586,26.448801,10.357585,53.37765,S1-735359877,S2-167211958
TN,19.781984,-62.75297,77.58956,-0.5921536,S1-184672992,S2-874094476
TN,9.407622,-6.6765127,15.47922,-7.824444,S1-386058783,S2-18890035
TN,-50.767113,20.378632,-35.034706,44.19471,S1-888789812,S2-660547467
TN,2.7310276,-63.735912,51.334568,-30.244255,S1-870199980,S2-331624382
TN,-31.026327,-14.982167,-16.607683,-15.112713,S1-597371560,S3-745132605
TN,-22.842993,0.7889202,-20.292854,-41.07258,S1-363634987,S3-529047741
TN,26.186312,15.660375,8.919768,24.922104,S1-801771729,S3-72372786
TN,-63.243423,18.124207,-23.104568,50.81265,S1-5727655,S2-809140041
TN,16.871504,-55.359238,38.93672,-2.5074756,S1-817963066,S2-585593859
TN,4.618329,40.45271,-61.94759,-18.548275,S1-773528069,S2-791882042
TN,11.042544,30.549227,-52.786385,-33.84766,S1-503579506,S3-819498079
TN,-13.300675,26.384308,-14.165808,7.4805274,S1-833282830,S3-174769349
TN,5.611608,-11.021259,15.175686,-1.031187,S1-289712624,S2-289790488
TN,-8.688294,19.283394,-46.280437,11.992979,S1-704030515,S3-84550889
TN,-2.4712172,-65.26569,52.416397,-33.035404,S1-748742578,S2-266749750
TN,12.300224,33.59055,-26.44577,-49.157986,S1-533580344,S2-123158016
TN,47.18448,-11.21935,35.852757,-70.38174,S1-197554078,S3-539569955
TN,23.09955,-31.279102,65.31031,12.652579,S1-917332033,S3-587729672
TN,44.06652,-0.71355546,39.699383,-62.343437,S1-305366423,S3-338743723
TN,-79.9032,20.853828,-46.52979,39.406128,S1-750691725,S3-708170094
TN,-33.127167,-2.6380465,-53.653584,33.50003,S1-373591482,S3-689453168
TN,-30.522959,-13.0844145,-54.055084,36.371616,S1-770107630,S2-260948795
TN,-51.167606,-0.43753716,-31.050901,-39.867714,S1-529913973,S3-131835123
TN,0.05536845,-48.228966,50.437218,-8.43263,S1-241244194,S3-139274235
TN,-34.18193,36.23785,-26.000547,21.76829,S1-371525264,S2-786967600
TN,34.65479,-47.416866,50.897778,27.225225,S1-644533286,S2-396462814
TN,-37.012836,-29.696815,-46.695843,19.525606,S1-196043195,S3-223080339
TN,-26.110056,1.8132335,-13.836878,-36.85,S1-613506335,S2-469035646
TN,-13.512496,-31.963684,10.292443,-43.110886,S1-303160041,S3-343136448
TN,10.755576,45.072117,-52.942383,-33.69569,S1-706765661,S3-322589409
TN,-1.3993752,-26.518917,12.793312,-46.457546,S1-118889130,S2-414391556
TN,-32.39955,-7.5534635,-57.75782,37.191586,S1-715490689,S2-591596748
FN,31.654392,16.475225,16.431995,30.574312,S1-236103241,S3-997080390
TN,24.733606,-7.641679,25.622627,-19.987146,S1-355362090,S3-908963365
TN,4.6603956,-26.093317,13.841839,-50.26103,S1-358552618,S2-878089940
TN,-22.975792,-37.368713,10.25217,-11.165571,S1-48508673,S3-351289595
TN,0.25330976,-48.98565,51.27484,-8.5815525,S1-827282547,S3-895009992
TP,61.88369,29.895592,17.502121,46.672626,S1-845828902,S3-11057086
TN,-44.57399,21.400932,-12.896427,35.520546,S1-308557340,S2-713533796
TN,60.678852,-19.639362,69.56339,-18.935207,S1-391202584,S3-610958920
TN,10.600622,45.520405,-66.3884,-1.1949459,S1-483514572,S2-47804423
TN,-20.589167,-19.75804,14.041408,-26.194489,S1-29034950,S3-325119017
TN,-70.07004,8.089247,-20.849493,47.942886,S1-282631961,S2-47310413
TN,-1.464314,38.841263,-53.668392,-13.140055,S1-507233528,S2-189066909
TN,10.066144,-44.711536,42.9907,11.418321,S1-174412024,S2-450179379
TN,53.351875,-30.310215,60.92162,-5.350414,S1-898232054,S3-87272007
TN,-21.841566,-38.470234,14.433408,-7.6245675,S1-652258822,S2-573544091
TN,44.472942,4.81072,40.492973,-60.312737,S1-206218779,S3-342066834
TN,5.798883,34.36519,-52.448162,-41.153786,S1-936653025,S2-209145020
TN,51.968975,6.8603168,33.344357,-70.361885,S1-233092663,S2-26262496
TN,33.82302,-32.32055,38.289883,33.493862,S1-689866764,S2-796692804
TN,-25.22213,-36.600086,20.654749,-72.98318,S1-373053683,S2-336501372
TN,-47.685265,-35.72103,-23.060898,-21.118032,S1-656540539,S3-93072067
TN,-22.141651,32.63184,-43.32203,16.902956,S1-833422310,S3-154160198
TN,31.335186,-60.087257,55.91852,32.350754,S1-464588290,S3-652511956
TN,-35.134468,19.0424,-15.072515,9.102693,S1-787525431,S3-159502774
TP,62.603195,27.232002,10.041391,45.634422,S1-671161602,S3-803774265
TN,-8.727039,9.309952,-38.337048,22.022972,S1-822886328,S2-278827263
TN,14.608787,48.631016,-66.241196,-19.178595,S1-200894143,S2-466210066
TN,-0.5535145,43.105446,-57.184986,-19.945002,S1-362209052,S2-8044342
TN,-15.866352,-56.344193,35.490974,-34.614452,S1-773421042,S2-909989956
TN,61.516285,-14.199441,79.09573,-19.293613,S1-134555945,S2-48760734
TN,0.7967609,53.14145,-29.304558,-45.226337,S1-339610260,S3-929736057
TN,18.208015,-18.655363,27.289516,-1.8459706,S1-199589766,S3-342769083
TN,-25.838182,63.995598,0.87603116,71.4526,S1-378757252,S2-731775025
TN,45.492004,2.6955333,39.30726,-60.793568,S1-997560809,S3-336461045
TN,47.651867,6.028934,39.10029,-60.29016,S1-19560851,S3-528555801
TN,-12.710187,-31.169968,9.916733,-43.539646,S1-451752012,S3-732708879
TN,25.605806,-66.63487,88.09763,4.609082,S1-167437576,S2-145924167
TN,-8.815708,24.375502,-46.11851,7.6957555,S1-802479018,S3-239162947
TN,50.607426,-9.533161,43.512314,-59.554432,S1-280474331,S3-614270464
TN,-35.387863,38.8772,-37.667656,16.774914,S1-789715679,S2-574187261
TP,44.732483,34.43153,2.3014364,35.559135,S1-992718765,S3-329778457
TN,28.696215,-35.73523,72.65573,16.968172,S1-736894207,S2-523130506
TN,0.26559934,-43.995247,51.205284,-9.062785,S1-421207804,S3-918551182
TN,-49.569187,23.27508,-23.89551,45.30551,S1-877452049,S3-286248057
TN,-35.964252,-26.04548,-42.892227,-9.410556,S1-808719426,S2-722013784
TP,60.291035,18.83311,17.922852,34.267284,S1-384384972,S3-902472026
TN,-10.915974,9.539437,-33.97687,4.076755,S1-36683808,S2-824915767
TN,-17.19733,19.465302,-13.528464,-7.0880175,S1-307866761,S2-427754100
TN,22.967915,-63.333946,68.27629,35.83199,S1-669585753,S2-421945354
TN,18.410309,-4.769968,24.59879,-13.289809,S1-412059498,S2-155581510
TN,-2.122735,48.44054,-54.560825,-19.70762,S1-758951426,S3-688556658
TN,-14.943195,37.499123,-2.186223,5.9010253,S1-143800049,S3-501480094
TN,-22.54697,-0.1711188,-25.923273,-39.46214,S1-411849024,S3-332317315
TN,-6.7751255,-17.504871,33.999878,60.31885,S1-26658140,S3-41148432
TN,34.319862,-55.0504,82.80311,-7.037206,S1-520152228,S3-882337712
TN,-32.911945,-8.348612,-28.960659,-52.843086,S1-364152442,S2-147904070
TN,-11.9414625,-32.23714,50.01855,-12.189749,S1-801588933,S3-101654671
TN,-26.215237,64.38797,1.6230309,71.16685,S1-176626868,S2-687174870
TN,-2.9760234,18.12396,-47.57215,13.999815,S1-292243603,S3-79543914
TN,31.228645,-10.743927,22.532167,-40.069542,S1-355486533,S3-443417831
TN,26.451649,-66.21034,89.64748,4.0367584,S1-932644315,S2-600776962
TP,51.71438,19.947704,19.312471,31.567924,S1-888010628,S2-160740244
TN,-28.599543,21.784416,-21.431778,16.412584,S1-656003264,S3-10744908
TN,26.535305,-33.54411,76.01535,15.5513735,S1-884743331,S2-233859068
TN,-2.3171356,16.278236,-25.402813,-23.342724,S1-306075789,S3-802273160
TN,-20.540768,28.560835,-28.314451,-13.917734,S1-91453329,S2-283342423
TN,-26.534998,37.787415,-56.571873,16.244658,S1-390331845,S3-485194878
TN,0.9742386,48.558125,-64.7015,-6.283527,S1-835187292,S3-610597660
TN,-48.973385,-24.633368,-13.275631,-44.1901,S1-588152263,S2-113998768
TN,-35.739563,41.100754,-34.65905,12.323555,S1-885052754,S2-828807624
TN,58.90519,-18.28024,74.644905,-23.1325,S1-27120612,S2-296243783
TN,-51.688164,24.528849,-41.58918,55.3218,S1-449685416,S2-561093518
TN,1.2783318,43.280186,-58.915276,8.253397,S1-726654754,S2-787469142
TN,32.22637,-57.902065,58.142773,35.256218,S1-159254158,S3-687693387
TN,-30.141787,21.745401,-22.57287,18.864449,S1-478670770,S3-116012534
TN,-23.452967,-36.625385,24.59919,-3.3920255,S1-702314071,S3-759890915
TN,-14.494642,21.559416,-9.594505,-6.2982454,S1-295469731,S3-148232818
TN,1.8082566,-52.26758,61.390556,1.1411808,S1-424026858,S3-71059715
TN,33.59201,8.871581,15.514886,35.835968,S1-511078627,S3-50129402
TN,-48.97793,-32.742542,-45.28196,4.2984176,S1-191208945,S3-442479636
TN,16.502258,-4.2170506,24.781855,-19.669695,S1-335134306,S3-694481957
TN,-16.112097,28.38426,-37.304443,6.8904085,S1-965943514,S2-132581259
TN,-57.27,19.961323,-15.623234,45.849014,S1-860729647,S2-133263229
TN,9.139696,-5.8614426,2.960658,-21.56579,S1-309274196,S3-289790951
TN,-6.956219,19.457985,-42.591984,9.690881,S1-551250169,S3-446356435
TN,-29.445538,6.936918,-23.278614,-18.921995,S1-589889167,S3-793341602
TN,19.830868,-46.313633,45.3549,18.2248,S1-546419692,S3-466054872
TN,4.109096,12.7893715,-48.669796,-35.35594,S1-761824337,S2-366531947
TP,58.868366,37.414715,16.345564,50.79423,S1-732310457,S3-176675888
TN,-20.107664,21.278723,-10.767158,9.55501,S1-372455777,S2-74443777
TP,50.21865,34.943367,6.288568,34.537884,S1-282379561,S2-383149137
TN,57.692898,-19.64428,68.461754,-19.815155,S1-240478783,S3-71186331
TN,-30.47363,38.825405,-46.0934,16.8355,S1-663710068,S3-495400444
TN,21.136099,-57.924747,80.65147,0.10890237,S1-470833155,S2-521728858
TN,-45.287838,-37.25841,-47.66401,11.6617985,S1-912960373,S3-283673329
TN,19.027966,3.2304802,21.790121,-71.27578,S1-416351465,S2-259612078
TN,33.095695,-30.84984,36.063507,34.09396,S1-459521501,S2-234480597
TN,16.227545,32.98756,-68.16535,0.06662196,S1-879594727,S2-192693226
TN,9.212419,-6.5998445,7.6774244,-19.811426,S1-171443073,S3-280903650
TN,-34.976307,-17.197239,-31.928127,-51.16848,S1-193204297,S3-171809958
TN,18.181149,-7.5351048,23.931719,-18.791203,S1-438080898,S3-916725868
TN,-30.174425,39.03783,-25.602852,-21.953924,S1-436783782,S3-579510103
TN,5.506508,-46.420334,59.418102,0.1359884,S1-52206761,S3-582234835
TN,-0.77176785,20.789387,-18.20519,3.152748,S1-460955759,S3-997983329
TN,-12.23986,-29.753405,11.195276,-47.381023,S1-974979361,S2-964596653
TN,-7.030267,41.501648,-1.3816891,2.2604048,S1-64578808,S2-527805559
TN,11.330466,-0.017878707,24.955912,2.6824331,S1-654630723,S2-425973766
TN,7.5981336,-50.377094,61.040466,-0.8951705,S1-937290314,S3-103477193
TP,60.599052,20.474161,14.445018,41.12809,S1-118920511,S3-730598519
TN,-46.42695,-33.261265,-30.838661,-11.548445,S1-839063726,S3-308199073
TN,60.423393,-20.142128,77.79491,-17.621664,S1-878354329,S3-300133158
TN,8.604859,-52.19469,64.57122,0.37381074,S1-600007092,S2-731769556
TN,-72.36017,10.2024975,-30.014488,47.438347,S1-613039447,S3-110027663
TP,-36.981316,51.009804,-9.717328,30.930487,S1-79058494,S2-816849238
TN,30.238937,-59.65845,61.004463,37.01348,S1-842173882,S3-503271795
TN,-28.75598,39.085327,-50.010902,6.2636447,S1-685638104,S3-940013668
TN,60.891636,-20.916132,69.871254,-18.310253,S1-316682153,S3-330363039
TN,9.314778,42.596794,-66.38908,-3.3368912,S1-390983148,S2-428647720
TP,43.813023,37.21202,-0.70060503,26.981375,S1-459369478,S2-896929479
TN,29.303503,-70.716866,81.9554,-3.3810806,S1-509404523,S3-399630058
TN,-18.840054,-29.828053,13.040067,-38.76254,S1-887304887,S2-161901800
TN,26.085653,-71.25481,90.2469,3.8363552,S1-390581852,S2-318003264
TN,-5.7345543,28.491333,-40.637615,-10.410476,S1-681904110,S2-812955667
TN,9.756054,-46.025883,54.141853,2.750666,S1-851150518,S3-300810884
TN,31.44502,-35.9807,39.827152,37.261787,S1-129461138,S3-856827769
TN,2.4015038,-10.817648,2.187728,-19.908983,S1-316612284,S2-496941864
TN,4.1352825,-25.738922,20.297272,-43.86213,S1-261963102,S3-48132998
TN,-34.931835,40.05017,-35.13955,13.691967,S1-649518979,S2-792823909
TN,2.3143988,33.600254,-63.899025,-7.88684,S1-107271003,S3-13006280
TN,-41.029156,47.84564,-10.453145,29.343584,S1-756702797,S3-776122186
TP,65.41807,22.6121,15.859263,44.542927,S1-524885294,S2-579909536
TN,-50.105476,-32.311348,-20.852348,19.566376,S1-781568091,S3-785096204
TN,51.925835,-25.094263,44.43447,21.546694,S1-725477840,S3-776308774
TN,13.743238,39.29458,-69.33467,-6.5467415,S1-435684853,S3-73712325
TN,-21.636816,0.01423403,-22.902452,-39.530167,S1-802253495,S3-649679228
TN,4.5438843,-51.179714,61.476723,2.84553,S1-793962353,S2-728163742
TN,-1.3457844,49.590244,-55.763546,-20.497765,S1-549224328,S2-329198401
TN,-1.9971567,43.902054,-56.216156,-17.527813,S1-488675532,S2-322110912
TN,4.878728,-48.499092,54.952393,8.225223,S1-893250042,S3-520012911
TP,67.160515,27.8323,9.623995,46.820965,S1-47316628,S2-550631128
TN,-67.56248,21.174421,-35.039394,45.24934,S1-536390214,S2-62588171
TN,2.3584197,48.466515,-65.329315,-7.5876837,S1-807544489,S3-671689647
TN,31.295618,-33.53201,39.30898,32.503067,S1-944761944,S2-68760312
TN,-66.05717,24.44083,-29.628685,46.95734,S1-810386572,S3-288280
TN,-63.96261,31.485998,-18.226616,35.090485,S1-774067959,S2-101301059
TN,18.56954,-4.915139,25.69793,-12.884582,S1-210355,S2-115061441
TN,-3.779486,47.720547,-58.42775,-12.548905,S1-515138236,S3-258209502
TN,29.621004,10.821484,15.227208,22.190123,S1-417729407,S3-16200869
TN,29.61408,-36.829754,74.41203,14.413595,S1-60615262,S3-23929554
TN,32.01906,-34.568184,40.777786,31.16725,S1-470136588,S2-43407697
TN,-26.080404,5.536528,-14.245303,-44.48011,S1-326934976,S2-688206820
TN,-39.6922,17.022402,-10.644507,26.921835,S1-282760432,S2-727660251
TP,44.921494,31.262482,6.0393853,30.444199,S1-628578851,S2-646743365
TN,24.176775,-8.53898,26.870003,-5.180308,S1-332118896,S3-654268113
TN,-17.347158,-40.014614,16.60821,-12.576784,S1-568767749,S3-985001640
TP,51.55755,28.489573,9.027346,47.203037,S1-604876580,S2-842183330
TN,21.364286,-63.24842,67.86453,37.476746,S1-558634684,S2-28695779
TN,14.333073,-42.918053,43.076305,9.648463,S1-808777208,S2-807891337
TN,-2.945167,30.063082,-10.861929,1.7587478,S1-765662845,S2-390339001
TN,-46.188553,-20.860834,-24.855352,-39.503006,S1-264684342,S2-429607989
TN,5.0863895,-18.990795,10.353832,-20.792667,S1-497741584,S3-696558571
TN,1.7668905,-63.183594,50.4866,-32.033875,S1-701468075,S2-856278152
TN,23.233988,-30.22993,65.34893,12.73997,S1-833582967,S3-361039481
TN,-38.156754,-30.726637,-43.948906,-3.7776544,S1-630472302,S3-553059667
TN,-18.251823,26.793158,-38.471085,13.706815,S1-260698560,S2-674051881
TN,10.00092,-44.040348,41.846043,12.613748,S1-229507604,S3-628494655
TN,16.522043,35.287243,-69.6146,-19.51018,S1-116127854,S2-186185163
TP,67.257965,30.604847,10.005109,53.604416,S1-420299066,S2-17007371
TN,5.7609553,34.261086,-52.44778,-41.154297,S1-936653025,S2-233625921
TP,66.91822,22.04742,12.919201,43.595627,S1-414561060,S3-154706493
TN,60.93053,-24.724617,76.8308,-17.088009,S1-646687828,S3-417492278
TN,-27.25969,-10.631171,-55.54117,29.62678,S1-589455868,S3-930852776
TN,57.8397,-19.643332,68.50997,-18.281954,S1-740439078,S3-483100250
TN,-35.960175,45.418827,-21.198904,-16.413473,S1-835737348,S3-396443977
TN,-12.376052,-33.916035,16.094107,-45.10417,S1-784394475,S2-220942950
TN,30.730272,-11.652303,18.514675,-51.039722,S1-773018191,S2-774422916
TN,-60.09655,24.160032,-25.31372,53.81608,S1-879975770,S3-356706975
TN,12.952297,39.51588,-69.788765,-7.067692,S1-789528025,S3-298091791
TN,28.33943,-70.33605,91.54129,0.41492817,S1-965724082,S3-341927
TN,56.661266,-21.303238,73.66178,11.132846,S1-80359481,S3-641955638
TN,-38.827404,-30.946085,-46.963318,3.032102,S1-218053583,S3-240659257
TN,-62.933403,27.001083,-16.865805,50.942177,S1-442085905,S3-392503246
TN,-34.70055,39.156044,-21.153503,20.84233,S1-429023688,S2-40542308
TN,23.938189,-6.834022,27.014957,-20.105242,S1-439679989,S2-87019673
TN,-31.706224,40.60166,-22.870247,15.569858,S1-317527132,S3-134800844
TN,-41.270428,-43.097084,-51.20087,16.706587,S1-861264425,S3-278392676
TN,22.217607,-48.225586,66.75558,29.822668,S1-375514866,S3-360079362
TN,-7.2547398,-25.613867,4.409244,-40.680702,S1-78918607,S2-375830525
TN,-60.83442,18.809444,-15.458493,50.245956,S1-388959372,S2-106771531
TN,30.638052,-39.23703,72.45592,17.874918,S1-549313305,S3-819051965
TN,49.02462,-10.533,43.460606,-61.502434,S1-269200734,S2-295909711
TN,-27.933868,25.286943,-33.16598,12.219787,S1-867122604,S2-799234934
TN,32.574955,-31.480919,40.79532,35.653233,S1-709097846,S2-401443136
TN,50.66461,9.136479,31.69001,-70.03595,S1-801049078,S3-122477358
TN,27.21966,-3.1367013,25.278046,-15.33064,S1-496335350,S3-184207780
TP,47.84696,23.767076,14.148706,30.172329,S1-781755565,S3-535693054
TP,50.606148,31.515772,4.639971,40.734592,S1-5118550,S3-96801612
TP,65.54482,22.271803,14.1799345,48.265583,S1-116060069,S2-475206881
TN,21.67693,-61.265404,79.74908,0.6683016,S1-377474719,S2-677792577
TN,36.071888,-33.261604,37.61019,31.866997,S1-653301456,S3-344468121
TP,52.808125,31.596863,10.78266,51.89095,S1-368155512,S2-196844817
TN,2.4874482,-48.535824,61.497536,-0.20451042,S1-515907408,S3-498876211
FN,43.668835,13.210258,12.67042,17.75388,S1-259585806,S3-332697221
TN,-20.935873,-36.73733,12.3976,-10.78324,S1-710938267,S3-12661786
TN,-13.898893,-7.819444,-44.96853,-43.25288,S1-752217878,S3-104230802
TN,11.489509,-10.445206,11.636246,-2.0930188,S1-290284777,S3-355218096
TN,-10.383308,17.460217,-18.875319,6.607105,S1-638762644,S3-639361015
TP,39.70545,32.1857,1.9341966,31.723604,S1-546845196,S2-527236445
TN,15.143026,-61.660156,39.917416,-1.3790264,S1-557874913,S2-80621125
TP,68.00945,29.017076,9.395093,51.920532,S1-623126482,S2-862500728
TN,-65.08619,24.326893,-13.503806,47.68314,S1-697233223,S3-457155514
TN,-25.024384,29.638071,-16.154448,22.129036,S1-61170591,S3-296437098
TN,-4.435256,27.566088,-52.027782,16.244753,S1-626387647,S3-650433412
TN,22.543272,-62.883087,67.48259,35.14997,S1-638989061,S2-42702469
TN,-32.843796,-11.571821,-53.814327,31.953161,S1-825825407,S3-734170645
TN,-12.425617,34.53081,-38.5615,-17.029787,S1-564300339,S2-527823506
TN,1.1040387,-22.225988,17.758366,-52.82864,S1-154050770,S2-457773845
TN,21.833271,45.32211,-17.996264,-49.020714,S1-477172646,S3-447367254
TN,16.318638,-51.76389,38.317448,-6.7613535,S1-825408825,S2-912244016
TN,-22.529434,28.50727,-5.9059267,10.536184,S1-561704628,S2-628260581
TN,-45.868282,-29.482319,-20.307346,-16.698385,S1-689001421,S3-180790930
TN,-42.941444,-20.948675,-25.07438,-35.251522,S1-918408996,S2-958289053
TN,27.323816,-61.70195,80.369644,-5.2417226,S1-82164944,S3-702237845
TN,-34.80128,37.701244,-17.265965,0.2755325,S1-87378603,S2-932048529
TN,-68.00294,28.387033,-32.102924,56.365685,S1-61070161,S3-294011435
TN,10.238956,37.95618,-64.721985,-7.3339357,S1-808273022,S3-766613628
TN,12.915868,50.88539,-25.812826,-7.1148615,S1-789394467,S3-506514700
TP,50.42442,32.608887,5.6091437,39.898586,S1-12738689,S3-412691611
TN,-15.278874,36.402306,-3.300645,7.119892,S1-890069637,S3-964323303
TN,10.317669,-9.974892,11.118993,-9.214375,S1-605254819,S3-201954025
TN,-2.8780658,-45.720104,51.84518,-8.166906,S1-528494699,S3-502195815
TN,8.345656,-8.770574,-49.32161,-34.58043,S1-166105670,S2-615225567
TN,34.10894,14.133493,16.285723,29.779076,S1-356441639,S3-922212867
TN,4.92232,9.694361,-22.757341,-43.112823,S1-406509367,S3-210395372
TN,26.051294,-29.246904,64.23847,11.694758,S1-382279819,S3-206367432
TN,3.525329,-63.87622,46.651917,-31.69275,S1-420374909,S2-108393324
TN,-5.441608,22.492222,-53.785942,9.770482,S1-912963288,S3-341536036
TN,-31.227562,-8.847925,-51.792934,31.495193,S1-640097494,S2-773506621
TN,-6.1637483,-31.057343,6.0049043,-38.48778,S1-209688542,S3-173356409
TN,4.4800034,-63.727306,46.58462,-31.699272,S1-523667306,S3-184454904
TN,33.197884,-33.87286,76.88339,15.473789,S1-653161116,S2-749449121
TN,-12.872839,35.49205,-42.49933,-20.228535,S1-128977771,S3-297331395
TN,-26.09497,40.022755,-49.90393,5.638798,S1-638919989,S2-662389629
TN,-61.569477,25.590649,-16.330158,51.891342,S1-728607711,S3-973170481
TN,-58.371037,29.75006,-25.522518,42.28687,S1-389865530,S2-773400477
TN,-38.774616,20.438711,-11.73125,25.91118,S1-604546971,S3-846671388
TN,-50.288208,20.196123,-33.23275,42.72188,S1-57150340,S3-700849960
TN,-8.655321,26.520363,-48.78776,6.8687916,S1-606017272,S3-472525767
TN,25.288954,-4.348579,25.354313,-16.72206,S1-328493240,S3-195085217
TN,21.065958,-49.135788,48.54502,20.23798,S1-717330392,S3-460437646
TN,28.346764,-5.2255487,28.224298,-17.585855,S1-934858685,S2-290535969
TN,-48.97789,-29.668064,-33.802307,-16.974863,S1-565168868,S2-543817370
TN,-25.137646,-10.195777,-57.4619,36.460285,S1-86629441,S2-699277221
TN,-18.534752,19.710567,-12.038892,7.8844347,S1-526324339,S2-681238918
TP,67.14329,31.123943,9.673158,45.61498,S1-764672085,S3-616825901
TN,-68.74181,28.408777,-34.66691,56.141388,S1-876771133,S2-15522081
TN,-14.144787,21.73157,-10.085832,-5.8042636,S1-10491612,S3-931547626
TN,-31.94679,-11.76172,-53.473362,33.68086,S1-537989194,S3-594524747
TN,-5.9528155,53.128407,-11.255845,24.769806,S1-787953281,S2-317943619
TN,-23.19904,-19.068096,14.823351,-27.334694,S1-113978393,S3-381632932
TN,-17.723047,34.56807,-44.489365,-8.512711,S1-284575768,S3-864655873
TN,4.568329,-17.689722,15.07303,-15.85309,S1-502927661,S3-82526834
TN,-23.236425,3.9247036,-20.012089,-45.01525,S1-772455050,S3-773732228
TN,-27.825544,36.54162,-50.128872,7.570144,S1-188432843,S3-462338790
TP,54.7905,30.651962,10.874511,38.71877,S1-524305625,S3-866863825
TN,-17.688326,27.431408,-34.879284,7.7993073,S1-48995000,S2-97002891
TP,59.68678,21.984306,18.033474,43.166965,S1-827000777,S2-524084764
TN,-69.36474,12.133136,-23.78464,52.59339,S1-604513543,S2-440619323
TN,9.817989,-4.862283,15.999773,0.35942006,S1-62594312,S2-349639913
TN,30.042753,-10.401547,18.31934,-51.843975,S1-834903080,S2-918553493
TN,-2.574775,55.006886,-31.796078,-46.840237,S1-951704838,S3-256692898
TN,-69.537964,12.165985,-27.144241,49.662605,S1-343273524,S2-493104657
TN,-45.43413,20.100937,-17.358261,31.738153,S1-879096121,S2-901925877
TN,10.54922,-8.296912,7.496553,-18.645441,S1-49831472,S3-927676709
TN,13.193588,-18.074888,19.811865,-6.5195723,S1-746305234,S2-332940426
TN,11.078846,-9.769509,10.527526,-8.60371,S1-703878466,S3-373928636
TN,-18.232977,38.111492,-38.627037,-2.1430323,S1-505067004,S2-83307846
TN,-16.593521,20.963352,-12.484987,6.319144,S1-309986689,S2-511388514
TN,-46.213917,17.94053,-17.437813,34.341198,S1-726540486,S3-789008875
TN,28.08944,-66.03602,91.8124,-1.0045893,S1-503471584,S3-325637912
TN,-17.474981,37.850025,-39.534634,-5.599748,S1-164114291,S2-387237307
TN,29.992977,-61.412956,55.81733,34.02491,S1-628732941,S3-557010401
TN,4.8429165,17.953415,-49.14223,-31.614609,S1-978396014,S2-180939103
TN,10.334261,-6.803535,1.8351189,-16.938162,S1-565174926,S2-592562176
TN,-62.088383,18.765223,-16.59247,49.960003,S1-949855669,S2-311479086
TN,-18.013338,-6.699895,-24.66775,-36.969788,S1-996662110,S3-562006665
TN,18.974426,-46.919254,49.353333,23.089224,S1-828948955,S3-725237855
TN,-15.7100525,8.638425,-36.702866,12.4460945,S1-173003040,S2-700650776
TN,11.638466,54.888565,-60.337547,1.7129331,S1-165633819,S2-689413863
TN,2.3466084,-46.99835,47.222046,-12.286626,S1-783694115,S3-86012223
TN,-34.033062,-16.100687,-50.905228,34.852783,S1-355032548,S2-113486425
TN,23.55555,-3.0106647,23.13433,-21.166243,S1-168572864,S3-848592463
TN,27.630888,-56.697586,60.379883,33.96462,S1-618339815,S3-125120288
TN,1.5736403,36.36473,-53.192978,-10.875713,S1-904146576,S2-470060166
TN,-8.151297,18.515842,-47.37354,15.228382,S1-172233245,S3-521491347
TN,-64.20453,23.826452,-27.423172,47.21379,S1-378802290,S3-158656081
TN,4.524786,-9.926023,14.600231,-1.4582728,S1-67371993,S2-897225027
TN,-15.380493,10.009831,-38.470108,15.678634,S1-317978544,S2-516682114
TP,43.79275,36.10099,1.1838255,27.582125,S1-908632251,S2-361725640
TN,17.627764,-18.436163,27.520363,-1.1431712,S1-883221275,S3-73320439
TN,-18.77684,-19.234152,13.508022,-33.656372,S1-847416766,S2-262520276
TN,-39.306572,15.565872,-14.976378,-49.51365,S1-913355532,S2-296433038
TN,-32.603622,-10.978414,34.4543,63.054497,S1-135753558,S2-484237848
TN,-56.58244,29.860416,-22.548391,45.408855,S1-286537546,S3-701208913
TN,-18.759087,2.5757487,-15.634513,-33.750713,S1-528592241,S3-86621993
TN,-0.8275289,-60.001743,49.218395,-17.985142,S1-121644723,S3-98218024
TN,65.00341,-21.79255,40.07699,-6.8441434,S1-676341264,S3-411105940
TN,-67.26064,30.143747,-31.450386,58.005993,S1-745922532,S3-789769492
TN,-48.126545,-30.587223,-24.036837,-18.591307,S1-649379528,S3-187637049
TN,11.200401,42.118652,-69.71352,-4.92258,S1-584701292,S3-938714158
TN,48.413692,-15.079241,37.51137,-71.03551,S1-650830879,S2-254157418
TN,43.26271,13.801418,13.02026,28.060333,S1-748057759,S2-714387593
TN,32.72488,13.825822,15.335014,26.437275,S1-260096296,S3-593519000
TN,0.8038621,53.228844,-25.74327,-46.627495,S1-334073064,S3-475812769
FN,53.597946,2.7067258,32.731594,-69.42129,S1-750662594,S2-124559395
TN,26.91595,8.968641,15.101726,23.487425,S1-397674754,S2-800003716
TN,-57.019318,30.32558,-15.023563,47.609962,S1-387315115,S2-102846361
TN,-46.710384,-36.80505,-48.186794,13.956033,S1-324062637,S3-469726827
TP,54.624737,29.406973,21.082512,46.548416,S1-584641435,S2-391751232
TN,-45.72388,17.841625,-18.07389,35.112957,S1-776860745,S2-437537818
TN,-38.766327,-33.94927,-36.797806,-7.3721137,S1-725334796,S2-913467748
TN,12.605736,37.45167,-69.65124,-3.1491008,S1-822704162,S3-236331658
TN,10.871379,41.995193,-69.906,-5.956456,S1-695546813,S3-49714561
TN,24.968655,-64.593315,69.4994,30.103605,S1-814384937,S2-971557409
TN,-38.901863,-29.089516,-39.039608,-16.487322,S1-463782051,S2-5503149
TN,0.7075321,22.749294,-51.55794,19.08093,S1-852242105,S3-12634979
TN,-13.676361,-5.432052,-42.762447,-40.537804,S1-267977408,S3-389958975
TN,-53.717873,-2.9819808,-69.14066,-12.104231,S1-793500957,S3-706521644
TN,13.747651,54.129864,-71.55711,0.011587295,S1-470747297,S3-539161448
TN,-69.2642,12.416362,-23.586935,52.386646,S1-188226886,S2-21641683
TN,-29.858698,25.726753,-32.29124,19.989237,S1-686460358,S2-679652434
TN,-28.68224,36.94088,-50.49841,23.744106,S1-578039402,S3-650547014
TN,53.916325,-22.583363,44.345097,23.028702,S1-104372704,S3-188062336
TN,57.081696,-15.611876,73.0292,13.076518,S1-474638131,S3-231480811
TP,62.15683,33.714043,25.243017,14.428525,S1-943107682,S3-864205489
TN,59.9364,-20.348055,70.10149,-19.03361,S1-8851021,S3-969262180
TN,13.48546,-42.18615,41.306538,13.139294,S1-161359826,S2-877520468
TN,20.414474,-9.754169,22.710945,-21.069658,S1-823467090,S3-735891138
TN,18.757008,-44.688,46.848114,19.60755,S1-80816118,S2-891997854
TN,30.04264,-62.806458,89.73553,-1.7824033,S1-923272423,S3-681488989
FN,47.948223,6.564857,39.089817,-60.190712,S1-850895722,S3-192116088
TN,55.13783,-25.421291,74.10769,-19.474897,S1-938872748,S2-650830781
TN,27.65315,-28.276836,30.909063,25.825253,S1-437933544,S2-455660438
TN,1.3027813,-28.743032,21.685806,-39.108803,S1-756591962,S2-492085296
TP,55.96922,24.48421,16.658817,40.635395,S1-643277848,S3-481176227
TN,31.349588,-9.096199,20.223673,-52.106857,S1-227889538,S3-929269340
TN,-17.913126,-39.92185,16.294088,-1.351985,S1-93504942,S2-298726321
TN,12.882306,39.165867,-67.74051,-19.511974,S1-442861982,S2-312783090
TN,4.8525815,52.468918,-31.371311,-44.93999,S1-500551783,S3-201141868
TN,23.841816,-49.517704,86.87171,-0.4798609,S1-989451250,S2-944033891
TN,17.205484,-52.369446,38.52584,-3.445963,S1-806342835,S3-188156248
TN,1.9961064,-63.040527,49.11698,-28.02169,S1-676340410,S3-159670958
TN,19.807274,-19.739916,27.454107,3.012187,S1-909833378,S2-575940199
TN,0.8790491,-9.97792,16.90186,0.063750684,S1-882468819,S2-57671623
TN,-44.891754,-34.7803,-27.749199,-19.527512,S1-645625197,S3-978909950
TN,-1.2103359,-46.283886,51.295483,-12.292404,S1-801734618,S3-774491959
TN,9.437822,48.37562,-62.449875,-1.0976493,S1-792315782,S2-774181251
TN,25.96155,-6.0629582,29.74128,-14.325167,S1-517859623,S3-134080500
TN,16.98587,41.4247,-66.5053,-20.93121,S1-37279871,S2-440426476
TP,61.76403,21.009249,15.855956,41.24817,S1-6226746,S3-909319604
TN,-24.409843,27.527075,-13.660212,11.177091,S1-471921079,S3-56627140
TN,53.12905,7.7972126,33.462067,-70.53586,S1-425533031,S2-858823581
TN,-26.510519,-11.053115,-52.585518,36.639698,S1-782618959,S2-230129075
TN,-58.623806,28.85299,-31.014637,46.38566,S1-315899618,S3-729966824
TN,2.8592162,1.2545781,22.99569,-72.181854,S1-785924160,S3-426892616
TN,-8.310873,-21.927591,8.620113,-47.63085,S1-836345555,S2-398707827
TN,14.558137,-40.1276,44.730724,5.944901,S1-141868227,S2-625508248
TN,-1.6264756,11.648634,-49.928448,-36.866165,S1-688626904,S3-769574933
TN,-45.22753,-33.591934,-35.763226,16.379148,S1-905164087,S2-850769264
TN,-0.8008787,-61.684193,48.02435,-35.303646,S1-408398796,S3-777809184
TN,-45.431404,19.948559,-16.31024,32.42641,S1-636277320,S3-726142819
TN,-27.466854,18.763226,-19.783892,23.246807,S1-778647572,S2-274112742
TN,19.481794,-29.903881,16.812937,-39.76716,S1-48995000,S2-260125793
TN,24.048735,-63.362934,65.41478,36.760853,S1-934729163,S2-405652694
TN,-14.447656,42.768486,-5.1143475,1.7987187,S1-943995413,S3-280616408
TN,-13.293929,26.3968,-42.199486,7.4213705,S1-313544671,S3-854225696
TN,-7.032317,16.798454,-49.332146,15.20402,S1-603865124,S3-948162575
TN,12.404922,-41.49505,42.067097,13.89768,S1-935925751,S2-381215557
TN,13.442404,-12.713183,1.2009852,-17.211002,S1-64866453,S2-399282677
TN,30.142574,-11.140674,20.16959,-51.504528,S1-53282649,S3-268998092
TN,-6.4391785,-29.306337,10.786381,-47.213806,S1-916320416,S2-385161287
TN,8.910528,-21.153084,21.786165,-11.492,S1-909024715,S3-810766697
TN,-30.57861,3.2148623,-32.79416,-42.549538,S1-610803070,S3-406712162
TN,8.471335,-9.307302,13.463808,-10.735309,S1-432316976,S3-604505118
TN,14.835962,-4.1378403,32.38939,-14.652172,S1-839627989,S2-369210593
TN,18.330006,-18.458763,24.489794,-1.492551,S1-983445720,S2-589453997
TN,52.06843,-7.3709273,46.638313,-59.346466,S1-418700604,S3-870573673
TN,26.492603,-70.9068,89.85845,3.5456233,S1-16608028,S2-76316399
TN,-22.80454,5.1162167,-20.869635,-39.378223,S1-255181463,S2-877125783
TN,32.753788,-65.237206,81.895676,-5.330448,S1-220847187,S3-904060728
TN,-0.9065074,42.848663,-59.228985,-11.390755,S1-254940735,S3-87314096
TN,52.831593,-24.805326,44.08639,21.981144,S1-120443806,S2-389853696
TN,-0.87466824,-44.073063,50.584824,-12.604156,S1-716661774,S3-101581928
TN,-4.041447,37.54641,-3.3258271,3.5453486,S1-379462319,S3-84806317
TN,-43.532722,-28.716902,-43.316135,-4.194335,S1-943701966,S3-973242916
TN,48.92196,3.884846,35.78027,-55.61274,S1-589971791,S2-692814624
TN,-60.219234,36.738018,-19.225693,35.09971,S1-580302671,S2-762878043
TN,-8.389778,14.577011,-45.604504,17.91551,S1-544849107,S3-17005864
TN,29.600296,-10.569152,17.487898,-53.149338,S1-860506221,S2-37972797
TN,-35.003227,38.31987,-12.668386,5.213678,S1-227592073,S2-136791337
TN,-28.785772,18.415865,-32.2056,-20.649675,S1-247600522,S2-31416836
TN,24.603058,-5.414134,27.965622,-17.591295,S1-197154323,S2-778074158
TN,-70.70239,10.207385,-25.915808,47.577198,S1-216735584,S3-239743264
TN,2.6417577,-10.549067,14.185979,-11.098006,S1-934858685,S3-568705199
TN,8.839767,52.29362,-18.738867,-49.35553,S1-936600715,S3-766297082
TN,59.886284,-20.305138,69.83304,-18.283165,S1-908868357,S3-512641303
TN,-4.5561347,17.37405,-49.42029,15.746961,S1-920590454,S3-733662564
TN,-10.722188,22.224577,-30.339567,5.354965,S1-2391031,S3-423572954
TN,-7.7805443,-28.157911,13.183628,-41.717922,S1-518469888,S3-898197900
TN,24.66553,-63.19891,80.455956,0.20073143,S1-519406477,S2-277096163
TN,15.06806,-9.2375145,10.492962,-0.8554034,S1-543891808,S3-300649380
TN,1.1493126,-53.155704,61.824177,3.0779896,S1-58711588,S2-772554084
TN,54.036785,4.446232,34.596386,-72.84869,S1-238204819,S3-644379728
TN,-23.419914,-35.892128,13.588189,-7.26985,S1-160839803,S2-485811631
TP,50.664005,29.270601,6.3799825,38.786415,S1-598283923,S2-152760127
TN,42.487206,1.2894676,23.198563,-70.79799,S1-789261796,S3-340087030
TN,21.01672,-66.72596,91.93018,3.3595343,S1-728177541,S2-636750651
TP,50.323444,21.632105,15.49588,35.848465,S1-430542478,S3-146559080
TN,20.419304,51.291256,-68.24392,-9.093708,S1-905903631,S3-478049090
TN,4.386881,-30.403072,20.369896,-39.32614,S1-358333032,S2-175520022
TN,-7.616778,-30.086428,5.100693,-39.215122,S1-704485105,S3-961299338
TN,-13.893575,-5.9695644,-44.950066,-42.59379,S1-71276461,S3-81095603
TN,-10.843955,-7.5265865,-46.043026,-30.68436,S1-856576358,S3-696565129
TN,-16.479939,35.790043,-40.54278,-8.687479,S1-543673036,S2-328573800
TN,1.8030789,15.607008,-47.87982,15.430115,S1-244358602,S3-997862958
TN,-78.20947,22.77751,-46.16473,44.445248,S1-410901728,S2-951595335
TN,-31.14813,3.3674283,-33.13015,-42.819218,S1-994802311,S3-43868344
TN,-12.045049,8.661665,-21.709967,4.939693,S1-196703561,S2-286009141
TN,-26.38661,13.064709,-32.2499,13.350431,S1-976957860,S2-649999584
TN,25.168934,-57.558384,54.2592,7.668549,S1-348067102,S3-323312577
TP,67.212326,31.317528,9.978743,44.227623,S1-668296967,S2-656491277
TN,-29.560555,-13.594217,-7.8935175,-39.978592,S1-775583593,S3-892236493
TN,-15.93527,-7.211687,-28.082844,-38.069504,S1-947939291,S2-172429627
TN,26.07791,-2.2719274,24.767223,-17.328444,S1-416701945,S3-297668587
TP,43.935123,32.468243,-1.0814282,34.660774,S1-384143089,S2-419584093
TN,-45.195915,-42.56105,-46.547882,17.46797,S1-58971899,S3-60428092
TN,-1.9482784,26.572002,-15.017083,10.486125,S1-459683084,S3-345695612
TN,24.845394,-61.296432,80.388916,0.9514593,S1-497752296,S2-528979154
TN,11.601636,41.369522,28.77077,-14.785174,S1-936094939,S3-257010805
TN,-64.44963,24.013344,-28.618002,46.653564,S1-973234055,S3-143466929
TN,19.54363,-17.486008,25.120447,-7.1036444,S1-634776138,S2-96341702
TN,1.7531977,-12.388994,1.6539141,-16.673307,S1-382310498,S2-607105897
TN,35.54467,-30.371845,39.713875,37.35209,S1-35918013,S3-529307172
TP,69.35935,27.328274,9.886396,45.94122,S1-19300179,S3-782425237
TN,23.94402,-63.580936,68.788574,35.87136,S1-829432827,S2-67594799
TN,-32.0647,22.139503,-8.854354,26.676027,S1-385667853,S2-776030546
TP,47.239937,25.507809,16.08546,6.6328807,S1-981187357,S3-734569004
TN,6.440054,-51.38301,59.452328,1.710783,S1-551584540,S2-381918439
TN,42.605785,-9.878061,32.067024,-62.062206,S1-993515072,S2-310367924
TN,56.092155,18.288391,32.612206,33.000652,S1-747847050,S3-326696425
TN,-39.24144,-37.163017,-47.008286,-1.9421026,S1-56795285,S3-808391115
TN,-64.03132,16.394075,-16.451689,50.328785,S1-863821912,S2-891919948
TP,43.84956,33.861,4.1491437,34.20594,S1-936042927,S2-883640277
TN,46.46788,-23.939302,67.92472,12.028084,S1-515313370,S3-895983481
TN,-10.554726,39.05944,-6.15412,-6.4828825,S1-517476977,S3-296782378
TN,-6.4945188,-28.571518,7.695125,-44.493202,S1-642796482,S3-105560908
TN,21.447853,45.47729,-20.984627,-48.995274,S1-966263849,S2-106106217
TN,15.024606,44.53942,-65.2641,-0.1420622,S1-478500672,S2-192242479
TN,14.839802,31.578627,-49.15928,-39.953423,S1-448383234,S2-484867095
TN,-34.570972,47.921295,-21.457817,20.945791,S1-816439389,S2-412631435
TN,-48.3984,-33.498806,-22.357738,15.393422,S1-240690718,S3-122657655
TN,12.059535,37.723064,-64.59314,-9.926536,S1-426489284,S3-6497034
TN,-9.912979,26.072598,-44.84859,15.965486,S1-538814137,S3-840768724
TN,-64.6636,25.807718,-27.719387,46.71974,S1-178110078,S3-155561764
TN,6.863467,47.683975,-60.150852,-0.282807,S1-124651190,S2-727108582
TN,-24.384483,-39.166798,13.966025,-2.3574147,S1-5118550,S2-87649171
TN,0.3313323,-1.2849354,16.104788,0.55875975,S1-589418062,S2-544384715
TN,23.09988,-46.806473,48.335197,24.581167,S1-654105540,S3-79732652
TN,20.382124,-17.360163,27.103325,-8.921275,S1-85000938,S3-791365346
TN,4.0702477,-5.7247734,6.5245156,-20.985632,S1-194348059,S3-241242231
TN,-10.02878,23.17239,-21.237347,-18.11877,S1-470942228,S3-713017972
TN,9.027358,36.556946,-65.89545,-8.038185,S1-397674754,S3-388514500
TN,-39.01087,43.493927,-16.06927,-48.34484,S1-598568974,S3-265045902
TN,-5.443207,40.846222,-43.601963,-3.4701285,S1-516453354,S3-905231198
TN,61.060673,-18.827229,73.919525,-24.413721,S1-923944687,S2-26168014
TN,-53.549667,-29.095015,-12.401303,24.916628,S1-712937430,S3-121161694
TN,17.446102,36.550835,-62.79768,-22.81252,S1-551159023,S2-168774202
TP,52.08931,30.4774,1.5721174,38.297318,S1-522048386,S2-937170207
TN,-44.769432,-29.983131,-24.90069,-13.438377,S1-264433429,S2-287142510
TN,19.169827,-2.107033,24.36337,-14.125265,S1-897773077,S3-412806995
TN,-41.079044,-42.3783,-48.048912,17.969244,S1-365547309,S3-446340957
TN,0.8903503,39.88326,-57.536995,-10.061421,S1-272682507,S3-512107898
TN,-1.4258214,-27.253754,20.659218,-48.89056,S1-927886661,S3-374167170
TN,-43.135456,-31.235435,-46.807503,20.037676,S1-927321173,S3-609005245
TN,-16.734102,12.692418,-28.886713,-23.279755,S1-124242666,S2-989151367
TN,-25.92128,38.328747,-46.07817,19.3166,S1-864096489,S3-501007830
TN,-2.6989768,-5.9369435,8.348893,-11.346275,S1-837785744,S3-717614623
TN,21.300858,-47.767372,47.4327,21.032358,S1-527507842,S3-737199674
TN,10.788907,-7.8777103,7.4332776,-18.747213,S1-784207164,S3-867567758
TN,-40.76726,15.947302,-10.96982,33.01734,S1-376647232,S2-733206060
TN,7.4740877,17.66649,-27.39801,-34.266827,S1-969053006,S2-990874110
TN,-48.29554,-30.133507,-24.099112,-15.220554,S1-927459428,S2-678282138
TN,-45.702908,-33.188393,-34.481853,14.256722,S1-866707921,S2-557251111
TN,-64.49154,22.799643,-27.327745,46.580364,S1-122443195,S3-988428744
TN,26.205397,-59.62308,81.12746,-4.392141,S1-343950342,S3-280471859
TN,-30.038855,21.184599,-13.004527,12.923032,S1-56774565,S2-763255002
TN,10.2350025,-25.523502,39.426804,-4.9513297,S1-746691693,S2-387597535
TN,-11.5293665,25.118258,-6.3513308,-5.252469,S1-561743232,S3-252174151
TN,43.6279,-15.058987,19.82915,34.172344,S1-805452240,S3-159048397
TN,30.06351,10.78333,14.904554,21.945827,S1-447760315,S2-670625809
TN,30.472134,-65.11144,91.67923,1.0770239,S1-900713334,S3-827906529
TN,17.772068,-7.9377303,19.877403,-19.655628,S1-132217103,S3-234849630
TN,28.723547,-59.70574,58.83192,33.484394,S1-401167103,S3-818693972
TN,-4.4985743,-25.12635,5.426479,-39.760094,S1-100903266,S3-429710361
TN,-53.90147,-0.8953663,-30.216448,-47.024673,S1-873462385,S2-70022988
TP,39.40342,33.314972,-2.0553904,34.46907,S1-876160509,S3-995612740
TN,-40.900967,-32.90827,-28.755281,0.7165279,S1-271360881,S3-733402050
TN,-77.21911,21.188911,-47.294483,41.90304,S1-724990132,S2-54746242
TN,-29.113106,5.7113028,-15.937325,-39.247086,S1-922132708,S2-980253762
TN,-70.9346,32.22143,-40.336205,56.766293,S1-417573679,S2-748056113
TN,-53.82183,3.3293726,-17.60053,34.273968,S1-948546059,S3-688191986
TN,-54.07421,-29.6308,-23.26126,18.72779,S1-437638083,S3-716768098
TN,-18.874247,25.81309,-36.87408,-6.2892327,S1-529280685,S2-873328990
TN,25.491802,-31.291315,64.31385,10.841384,S1-378717845,S3-848647939
TN,3.7256918,-53.203526,62.525677,0.9621395,S1-710970250,S3-807954782
TN,28.509846,-59.343506,81.02155,-4.116403,S1-145690074,S3-198658482
TN,-8.006133,-26.915695,6.323755,-45.45144,S1-380433408,S3-80758976
TN,-10.924611,18.959692,-25.147343,-20.28777,S1-723681905,S3-987868
TN,61.22065,-18.555584,73.43522,-24.561157,S1-435040195,S2-373319724
TN,50.39774,-29.708563,45.511806,12.221236,S1-337576394,S3-697893429
TP,53.3205,35.53472,0.52034473,39.38148,S1-305437670,S3-272114904
TN,22.391518,-59.548107,80.420975,0.7176587,S1-633330169,S2-828681510
TN,-60.870033,36.31576,-19.351141,35.241367,S1-75173918,S2-753032598
TP,43.5686,38.948807,-1.4081016,23.509207,S1-728163222,S2-467147028
TN,5.621332,-43.439507,46.72397,-12.223116,S1-247259562,S2-148475815
TN,18.775715,-7.5216737,18.666204,-19.87426,S1-642034709,S3-903425277
TN,3.4362032,-63.72933,48.32212,-32.12367,S1-367584283,S3-455818452
TP,44.022194,37.284832,-1.5427462,27.30092,S1-174720690,S2-433979443
TN,9.653957,1.1314005,7.0547895,-22.13468,S1-46336964,S3-718351367
TN,45.582237,6.145543,37.37837,-60.2003,S1-971872319,S2-422344970
TN,20.457745,-30.594177,65.22542,13.718945,S1-360153468,S2-251226658
TN,-35.07957,-33.830902,-41.52161,22.70717,S1-664779268,S2-786486924
TN,5.9617076,-48.912506,59.164387,1.6665965,S1-880925341,S2-909992542
TN,-20.376879,1.6632499,-24.143787,-38.49419,S1-223343103,S2-872491940
TN,51.908257,-7.1509414,46.121384,-60.135662,S1-573670219,S2-865072107
TP,67.07817,26.040844,10.757176,45.632336,S1-992385797,S2-641615814
TN,12.039385,42.845165,-66.24504,0.33241075,S1-810718498,S2-816672623
TN,-5.011383,-22.747719,6.1172547,-46.70803,S1-25853746,S3-226614381
TN,-23.737679,30.823618,-35.78221,7.041611,S1-646665502,S2-189191666
TN,-66.76175,29.650711,-32.562622,58.21155,S1-433152411,S3-311019536
TN,-14.316442,-5.1137204,-45.401077,-42.22912,S1-43229140,S3-78978332
TN,7.29793,-1.0338666,18.884327,-73.38438,S1-906919819,S3-29633754
TN,19.332346,-58.427433,38.883244,-8.1872835,S1-383919092,S2-290863362
TN,29.953594,-10.117385,20.400772,-51.73215,S1-171047197,S3-752261969
TN,-40.89239,-30.389124,-33.185814,-19.765379,S1-952583163,S2-13547801
TN,-39.170715,48.396286,-14.674317,21.824772,S1-189974671,S2-560128644
TN,-11.166642,51.52554,-61.463596,-15.967043,S1-416255812,S2-530120818
TN,4.2505836,-15.940554,9.818692,-20.353107,S1-830041706,S3-841617524
TN,59.167915,-22.289612,72.16935,-23.391806,S1-418328392,S2-131446638
TN,-38.462555,-31.657738,-39.851517,-8.102138,S1-405216204,S2-678471480
TN,-27.957115,42.98734,-41.13062,-20.418657,S1-763363947,S3-200896424
TN,4.2650385,6.5695076,-23.51998,23.093828,S1-106156055,S2-373310963
TN,-45.967365,13.602241,-17.473959,32.806797,S1-473842753,S3-464298127
TN,12.094447,-3.998184,8.526755,-9.308693,S1-102905194,S3-752097421
TN,33.437206,16.082008,11.402103,29.610481,S1-172074260,S3-440733527
TN,-35.021553,46.07465,-27.746912,25.275103,S1-966446328,S3-489180705
TN,7.9019203,44.890038,-61.77817,-2.7911105,S1-410354847,S2-118344480
TN,-19.39648,41.874416,-32.05524,9.604623,S1-754540404,S2-109149122
TN,57.309956,-17.7059,68.69696,-21.92527,S1-266488827,S3-37986812
TN,-27.268581,12.786846,-32.1601,-9.851743,S1-390796739,S3-258259071
TN,8.156488,40.944794,-55.8268,0.067710586,S1-829047375,S3-628364300
TN,-50.686935,-1.2714607,-39.95391,-16.875753,S1-650830879,S2-341205144
TN,-11.649645,32.44714,-37.152943,-20.033066,S1-722465682,S3-546351874
TN,-2.1676865,37.09254,-50.76112,0.77292997,S1-428476047,S3-557574912
TN,15.048286,48.45104,-65.44445,-19.827742,S1-234397675,S2-980313635
TN,-10.674633,38.51469,-12.6215725,-30.408932,S1-783343365,S3-47330796
TN,-15.331449,32.69563,-39.80983,-15.227343,S1-115697930,S2-112763652
TN,-21.524458,13.433054,-25.453297,-18.169468,S1-453445939,S3-323618427
TN,-66.7703,28.245667,-32.842945,54.419277,S1-714328636,S3-87415996
TN,-38.551487,-41.33119,-36.905247,15.520424,S1-779205189,S2-715863253
TN,12.143886,47.714516,-69.50464,-3.309518,S1-82942965,S3-74108573
TN,-54.831017,0.67526746,-3.5895994,-7.8365173,S1-932754768,S2-105297690
TN,1.0676202,-7.475857,5.8958383,-21.904957,S1-416701945,S3-972636560
TN,-1.6865404,-21.510082,18.908812,-54.53056,S1-911203463,S3-555467578
TN,-2.3853006,-64.9265,52.576912,-33.0335,S1-837356577,S2-115815440
TN,11.550056,33.542484,-63.505993,-21.629921,S1-93122247,S3-57054468
TN,-10.526975,23.520138,-34.79531,-17.240158,S1-607378532,S2-214276410
TN,33.664234,-35.183098,38.0762,32.008614,S1-144212889,S3-901205036
TN,-11.869007,38.13936,-3.0283487,-5.4435563,S1-922189089,S2-693816167
TN,48.334877,-11.01321,43.823975,-62.319595,S1-251404146,S3-285838290
TN,-18.383757,18.145271,-11.059485,4.8078876,S1-394372850,S2-552094221
TN,8.605102,-45.23674,56.50571,0.3809398,S1-886849826,S2-461945016
TP,-36.46648,51.157475,-9.719553,29.27061,S1-240241324,S3-286467259
TN,26.984983,-71.79911,78.00865,0.92703456,S1-2095293,S2-785636034
TN,-4.6080303,20.413303,-49.620426,8.173603,S1-738174677,S3-614733364
TN,8.254664,-45.94217,57.43626,1.66464,S1-133319933,S2-48190234
TN,26.886087,-56.475315,60.993477,31.695442,S1-534828516,S3-665529632
TN,-40.039146,-27.707275,-45.12419,-8.752286,S1-360153468,S3-814384784
TN,12.728337,-9.883255,9.9218025,-11.395985,S1-371260111,S3-841113841
TN,52.42916,5.4914775,35.036602,-72.94147,S1-377580867,S3-518848396
TN,-65.340126,34.939747,-31.543852,60.80416,S1-751091803,S2-489097107
TN,-63.5017,16.266947,-26.866842,50.456303,S1-602300759,S2-953314230
TN,49.43037,-10.894662,43.453907,-62.54429,S1-153213632,S3-276816950
TN,-16.333199,-8.153187,-47.473633,-43.32171,S1-299873066,S2-488012985
TN,-53.643326,-3.03938,-68.66685,-11.832028,S1-618636392,S3-332925967
TN,9.40806,-51.673992,56.110428,-2.161508,S1-647986853,S3-66041240
TN,29.419191,-37.138042,74.54187,14.302064,S1-952558312,S3-139045869
TN,-3.0895934,-65.32792,52.394505,-33.080986,S1-816399531,S3-130345485
TN,48.20694,-10.830091,36.47796,-69.60544,S1-419473582,S2-775527794
TN,45.37938,10.258828,23.755573,-71.52795,S1-185286700,S2-373996676
TP,50.10041,13.107891,31.648016,-71.94888,S1-291004637,S3-599977866
TN,6.2793355,16.4299,-46.79132,-31.398378,S1-560602385,S3-224843903
TN,-50.107643,-33.975956,-24.355522,20.976028,S1-756349168,S2-557937743
TN,0.014607307,-3.1640859,3.689597,-18.260328,S1-171637275,S2-168839797
TN,-63.016804,21.146538,-26.62564,44.733295,S1-521499327,S3-724824139
TN,28.150587,18.963345,3.3624554,27.202196,S1-975702663,S3-780438338
TN,17.597996,-58.217148,38.634583,-8.268465,S1-532989584,S2-246100558
TN,-9.977137,36.01816,-2.1276236,1.0832046,S1-797710305,S2-785525743
TN,-18.077705,-30.61866,9.1182995,-50.601448,S1-6762744,S2-37122721
TN,12.789891,-9.261591,14.566705,-16.612917,S1-602825195,S3-951466301
TN,-54.953342,-4.836701,-54.141956,-10.373702,S1-37982431,S2-223825523
TN,-72.472534,10.900024,-27.603598,53.53626,S1-241128545,S3-173890351
TN,-34.942635,-18.144331,-32.427376,-51.22906,S1-824384269,S3-160685860
TN,-13.289027,37.15789,-3.3968904,-5.8028827,S1-447709090,S2-663912776
TN,-29.495907,5.862376,-14.947179,-46.28221,S1-96857531,S3-723804747
TN,-63.86167,16.226484,-16.245493,49.842075,S1-237665481,S2-543325575
TN,-38.413193,47.4968,-16.648842,31.924963,S1-581841552,S3-440673539
TN,-27.204374,4.1850567,-16.284126,-44.408966,S1-392474893,S3-545910918
TN,46.71574,-25.28602,67.795746,11.193514,S1-547611267,S3-374307062
TN,-24.825636,25.45277,-17.439281,8.199085,S1-437476926,S3-320826911
TN,-59.47072,21.208075,-17.59855,51.941082,S1-335702467,S3-78898586
TN,-8.340243,26.081663,-48.354828,5.782277,S1-860120802,S3-426895707
TN,11.0911,49.998566,-67.9907,-18.033846,S1-63022429,S2-125935943
TN,1.454396,-34.724438,24.618826,-36.07892,S1-149718077,S2-468495919
TN,-8.9110985,31.85854,-47.809563,-1.2941341,S1-643369315,S3-903884125
TN,-13.001132,-8.166767,-44.3107,-42.23351,S1-568612041,S2-497087744
TN,22.248388,-29.793104,64.07566,11.728435,S1-15408326,S3-757223307
TP,51.16198,31.966234,4.6843696,40.825935,S1-820018761,S3-503476228
TN,-61.129475,7.627119,-16.65113,48.08262,S1-565138173,S2-248063761
TN,4.8942122,-48.3168,55.681694,6.064563,S1-707490,S2-259956830
TN,-27.863852,-30.586643,-46.312153,-43.221,S1-319230082,S2-732070641
TN,-14.075032,3.552961,-53.647823,30.62838,S1-77953360,S3-568939085
FP,52.5718,42.918156,5.0549974,65.879295,S1-402104856,S2-265362779
TN,-33.992153,45.21038,-16.592186,20.055418,S1-983897992,S3-869726398
TN,-26.29539,41.435947,-40.542046,-20.12493,S1-948407401,S3-211758244
TN,-23.205574,-17.967472,16.416883,-25.507822,S1-117008157,S3-851854629
TN,-66.6732,18.36619,-27.468546,49.12088,S1-859335089,S2-791800422
TN,-62.467056,18.554338,-21.934622,52.80837,S1-518113319,S2-790003650
TN,-30.564232,39.878986,-43.9789,9.648585,S1-189528122,S3-28509451
TN,17.935436,-0.74364024,29.62438,-14.333247,S1-488661355,S3-583899326
TN,7.300397,17.873287,-28.917074,-36.341362,S1-668477676,S3-197420326
TN,-46.527054,-23.264948,-22.41533,-39.675556,S1-695719631,S3-775896566
TN,20.729559,39.436043,-23.94308,-45.91247,S1-351529383,S3-820821473
TN,-15.103155,9.296547,-31.42106,-23.04442,S1-486047436,S2-488521356
TN,34.726166,12.782114,18.39178,30.060188,S1-156703930,S2-532972365
TN,32.805332,-37.907154,76.280045,14.602684,S1-946405460,S2-26816770
TN,61.5928,-14.232925,79.10467,-18.571405,S1-421835725,S3-541397120
TN,-35.176006,45.760284,-41.432095,13.291895,S1-559701982,S3-964616330
TN,48.597775,-11.136139,43.843956,-62.311756,S1-967025233,S3-811573195
TN,-16.088537,32.01701,-39.987938,-8.869802,S1-463228645,S2-720479001
TN,-11.186535,38.410976,-2.6999133,-5.41462,S1-769412793,S2-207317026
TN,-7.4960947,-23.92528,5.468489,-49.33139,S1-127862447,S2-568550559
TN,-23.860115,2.3314373,-12.684746,-36.5465,S1-572032428,S3-313547297
TN,3.4642737,36.797348,-63.25492,-3.7076592,S1-43520591,S2-125002006
TN,-19.445793,-38.443817,13.144342,-11.109525,S1-365477122,S3-544772706
TN,17.892694,14.311609,34.511707,62.965767,S1-256176364,S3-341907286
TN,-27.140728,10.823317,-5.919238,21.564869,S1-382507950,S3-843633110
TN,28.887953,-37.068756,73.368774,19.018793,S1-241978475,S3-615385476
TP,45.661373,37.830975,-2.3456383,27.39105,S1-246178097,S2-135829987
TN,-22.16493,6.7298937,-21.425737,-43.27634,S1-73497866,S3-373767889
TN,-35.072124,-6.9656935,-29.8415,-51.351265,S1-795814763,S2-954076467
TN,-10.760755,32.757805,-46.683147,-0.25658128,S1-675686898,S3-469375986
TN,-23.636179,21.547155,-19.198116,-34.769432,S1-73694566,S2-115832988
TN,43.65943,-9.484439,36.497707,21.064903,S1-788718595,S3-337000144
TN,-49.586586,-5.6178403,-56.900898,-16.264597,S1-647132510,S2-677752209
TN,-25.78055,4.1940837,-16.822306,-45.41841,S1-245504506,S3-910353209
TN,-26.077467,-11.788054,-52.47537,37.799515,S1-906250829,S2-63550367
TN,-4.6150784,42.790096,-54.784252,-18.732504,S1-52505437,S3-73051954
TN,-13.612741,40.885853,-1.0955021,3.239508,S1-198239400,S2-929623973
TN,49.56028,-18.608675,37.858883,28.900135,S1-549313305,S2-966041990
TN,-3.7536447,48.624092,-58.764835,-14.291456,S1-541662264,S3-770693703
TN,2.0337863,-67.60823,49.273746,-30.1003,S1-888103328,S3-454005319
TN,0.74129033,-65.57056,49.16264,-30.682621,S1-111994153,S3-779493678
TN,-8.27102,3.102794,-41.426365,20.61042,S1-779608529,S2-217093911
TN,-62.1274,23.321264,-27.186993,53.183212,S1-279629664,S3-968059495
TN,1.1505204,9.972357,-25.468416,-22.155685,S1-195832678,S3-809883873
TN,-57.87095,28.662474,-33.476654,45.89838,S1-168598138,S3-615999051
TP,61.772793,23.39264,20.29824,41.313744,S1-565376475,S3-848024797
TN,-20.30797,0.6553842,-23.415201,-38.695343,S1-939918928,S2-728085647
TN,12.134398,55.88093,4.4987636,26.647415,S1-316204832,S3-451639141
TN,2.023899,-42.26471,48.71438,-9.974303,S1-644470352,S2-338582467
TP,62.026443,23.716913,20.466295,40.849148,S1-223758288,S3-513625692
TN,-43.294353,-41.118023,-48.457977,16.523146,S1-578041527,S3-205023761
TN,5.668571,-15.373927,10.288132,-20.743675,S1-897010274,S3-474591423
TN,-40.95646,-39.584904,-44.492313,54.349724,S1-123831837,S2-140752973
TN,-5.832981,-23.32625,6.7839274,-46.64702,S1-354844994,S3-273102521
TN,15.9136505,47.7573,-25.26979,-48.057724,S1-203940499,S2-380749373
TN,33.573345,-28.301302,36.56545,21.210016,S1-659743320,S2-627275069
TN,23.9902,-14.535375,20.292088,-36.45839,S1-69507675,S2-988735184
TN,-30.23664,3.9895983,-33.868027,-42.544357,S1-513355113,S3-886150893
TN,-52.515537,-2.8431048,-8.675319,2.53975,S1-62306614,S3-639638243
TP,45.24379,31.089033,1.7991401,36.06312,S1-498584804,S3-284787587
TN,24.38315,-29.135347,29.726387,24.770475,S1-272617605,S3-667295786
TN,10.729143,35.81119,-68.94462,-5.3969636,S1-620113483,S3-693452162
TN,0.870519,-14.372054,5.1556735,-17.168488,S1-598831333,S2-161666675
TN,46.28804,-0.15744667,39.553368,-62.205097,S1-346538383,S3-825465569
TN,25.357458,-58.769917,62.433117,36.666916,S1-801771729,S3-462421715
TN,-36.55525,-26.32508,-44.751045,-9.434522,S1-418695810,S3-414033013
TN,-77.42652,20.997765,-47.31625,41.729,S1-563506016,S2-838913976
TN,14.95583,37.892967,-62.77243,-20.397259,S1-444987351,S3-562433810
TN,-0.9315721,-7.024233,21.165379,-72.63458,S1-118889130,S3-996249172
TP,64.34979,20.991793,17.13621,43.26062,S1-927102538,S2-185986678
TN,44.840504,8.277601,19.577965,-69.746635,S1-943036955,S3-165190187
TN,45.264957,3.5824082,35.89719,-55.65404,S1-494649609,S2-640478364
TN,-34.692852,-15.249294,-27.806522,21.886335,S1-756349168,S2-557408632
TN,30.83153,-63.497505,68.41376,27.526745,S1-116549813,S3-556779117
TN,-41.290485,15.618521,-9.818179,30.973377,S1-857400910,S2-899539985
TN,-16.069912,37.99025,-35.76359,-2.0784712,S1-377580867,S2-208326230
TN,43.62249,-15.381253,20.336592,33.922485,S1-472903941,S2-853097317
TN,-34.30686,-33.91235,-32.24627,-5.804829,S1-148482765,S2-81559693
TN,27.757082,-57.421547,57.470867,33.02312,S1-763263811,S3-186161080
TN,-63.027065,20.798395,-25.268307,42.40997,S1-396011211,S2-548388945
TN,13.889434,-11.824381,9.310046,-3.549981,S1-893996051,S3-719940478
TN,-79.78631,22.25827,-48.12584,42.958477,S1-24187199,S3-122677362
TN,-47.826843,-30.948181,-32.174644,15.617492,S1-852198087,S2-781165798
TN,-8.747705,30.830744,-40.7373,-10.493385,S1-905354369,S3-719323851
TN,-45.6178,19.579992,-16.902098,32.861244,S1-140208211,S3-527637088
TP,68.30184,27.58066,10.871856,52.01302,S1-71190327,S2-34222606
TN,46.661106,3.8422334,38.00494,-58.431736,S1-120713220,S2-97227677
TN,-40.84273,15.797928,3.3509443,69.617584,S1-405582635,S2-721222597
TN,-0.583185,-67.71459,48.67074,-25.446918,S1-176851661,S3-172348391
TN,-33.661396,39.033344,-46.49317,17.49721,S1-839718054,S3-491429601
TN,-69.84767,11.445788,-25.42015,49.186024,S1-589893148,S2-58894106
TP,50.411026,21.231894,16.888456,30.127762,S1-587007972,S3-986910225
TN,-51.657547,24.620176,-42.123188,55.768665,S1-715727860,S3-451133103
TN,28.746443,10.96033,14.813711,21.69685,S1-113825619,S3-791653372
TN,24.620966,-47.021988,46.6072,20.741314,S1-114335735,S2-367140896
TP,44.129295,33.809456,5.625034,33.80467,S1-69675262,S2-393016030
TN,-19.382284,37.9455,-41.722263,23.318586,S1-99951433,S2-225671560
TN,-11.649337,-14.574248,-47.304928,-40.095882,S1-681662713,S3-691619099
TP,52.399284,29.854948,8.4439945,45.041187,S1-282744496,S3-299338558
TN,15.777273,-9.648722,11.024398,-19.822765,S1-136927519,S3-813386752
TN,-61.123543,24.21153,-25.598604,46.987804,S1-352000009,S3-888197759
TN,18.123312,-44.27025,39.205143,1.5242585,S1-973867332,S2-339442486
TN,51.40994,5.1622195,33.877117,-69.41865,S1-461646607,S2-269016043
TN,-10.711966,19.013199,-25.515104,-20.392237,S1-41358045,S3-306774921
TN,27.749235,-49.557213,80.50826,-7.2245083,S1-27383742,S3-910471331
TN,-18.960716,-39.82434,13.97789,-1.3756161,S1-984782969,S2-376032047
TN,0.20442344,-8.761517,15.151039,-11.901693,S1-755734935,S3-603018709
TN,-19.25816,4.8759556,-24.897104,-40.384407,S1-629818612,S2-452029827
TN,-27.987675,7.261178,-24.20947,-19.48756,S1-373540210,S3-924575400
TN,-8.14747,39.32322,-1.2582041,2.0247612,S1-583069532,S2-118498584
TN,-15.2150135,12.549033,-30.334597,-22.600704,S1-21687249,S2-854887422
TN,11.598059,-43.657562,56.104687,0.3770481,S1-15520012,S2-666241659
TN,-35.005497,42.988453,-25.332048,-19.208324,S1-589143052,S3-679701587
TN,26.186314,-56.60809,79.32947,-6.111726,S1-632043327,S3-545642839
TP,52.470867,27.78837,5.4721274,38.799828,S1-265109559,S3-590096863
TN,27.891874,-55.318626,60.407585,33.6668,S1-88399768,S3-814786717
TN,-10.399971,8.930576,-46.230835,-35.8067,S1-434907813,S2-97587113
TN,59.511818,-19.236893,68.88238,-19.98056,S1-49198071,S3-670651567
TN,-64.27643,24.041027,-34.798416,46.696846,S1-289376836,S3-119112597
TN,-55.157288,-3.2171147,-67.67717,1.407064,S1-962888141,S2-99284846
TN,-51.603424,-1.3198317,-46.153954,-3.9667602,S1-549697154,S3-699099287
TN,-11.790945,34.561813,-41.12198,-19.690775,S1-583069532,S3-601579851
TN,49.461185,-29.288055,45.700024,11.551757,S1-379539255,S3-523198525
TN,-27.274162,5.6131654,-17.775913,-41.81183,S1-656383329,S3-841787003
TN,-2.22516,45.437347,-59.232414,-11.516093,S1-369851149,S3-127151726
TN,1.7809527,-52.70136,61.769302,2.789994,S1-498294067,S2-78751963
TN,30.013098,-57.92334,58.522427,34.676147,S1-104287512,S3-901649486
TN,40.573875,8.075685,52.80721,-33.104427,S1-659963323,S3-812944866
TN,-30.654957,12.32933,-26.316381,-17.016958,S1-701635226,S3-86630582
TN,2.989151,-32.973312,47.25617,-9.775849,S1-76670019,S2-787255351
TN,-62.707573,25.46618,-26.060272,55.917336,S1-237218395,S3-559248443
TN,61.674465,-19.559904,73.298965,-24.359226,S1-435040195,S2-929479457
TN,-66.45316,23.954424,-35.158215,46.96216,S1-510452166,S3-342823934
TN,3.394476,43.61136,-59.675106,-20.1661,S1-651960782,S2-43148080
TP,51.009483,30.226696,6.7843113,39.20792,S1-53866848,S2-508347964
TN,-20.222157,-42.55142,23.889849,-1.3640745,S1-729556764,S2-206091109
TN,52.519073,5.4961605,32.64141,-68.793945,S1-788484827,S2-367625742
TN,-35.46084,42.107433,-54.889286,36.051975,S1-474149016,S2-387708351
TN,-10.620118,29.15668,-47.651764,6.7796507,S1-911941269,S3-682936550
TN,-48.15639,-4.891232,-8.1475315,-2.624161,S1-770863596,S2-549904556
TN,8.3373785,-9.385755,4.4925194,-18.865587,S1-327361855,S2-377325177
TN,-54.09853,-33.81869,-16.554344,19.37984,S1-4637001,S3-331362364
TP,51.04639,30.611654,7.2432804,40.013733,S1-963816755,S2-242763727
TN,5.4182873,-3.238706,8.003754,-21.649317,S1-47376308,S3-474954001
TP,53.234932,42.68835,5.329144,65.356804,S1-236978535,S3-131918526
TN,-61.612827,25.544365,-16.245085,52.222652,S1-229781628,S3-367609275
TN,30.329065,16.157719,13.406376,27.26631,S1-734691005,S3-523230260
TN,-27.983644,-10.437058,-50.12274,29.900066,S1-701377135,S3-530075280
TN,13.867471,48.211372,-67.074394,-0.56842315,S1-904442713,S2-752476669
TN,-66.003044,23.425873,-35.715458,47.254932,S1-674667437,S3-989941913
TN,-45.33895,19.268293,-16.268942,34.253452,S1-776860745,S2-973785511
TN,-47.739433,-35.750885,-23.037445,-21.154585,S1-656540539,S3-37965193
TN,3.3143876,-6.5314956,15.559238,-0.24098702,S1-866654589,S2-260100779
TN,-30.477518,-13.81219,-54.064384,36.813076,S1-292294942,S2-637485396
TN,-16.094664,24.820446,-11.51361,-4.250474,S1-290155987,S2-761453170
TN,-27.78425,4.0858893,-12.4545965,-36.4169,S1-900200517,S3-445969610
TN,24.952742,-8.003571,26.980833,-6.1435056,S1-637198088,S3-685894328
TP,62.720207,21.85496,16.16757,43.775925,S1-958383057,S3-75736684
TN,-61.483215,18.389112,-15.7378645,50.46481,S1-487408870,S2-931874825
TN,0.0078643095,48.52717,-54.138172,-19.08655,S1-448519854,S3-709254152
TP,63.378033,22.166473,15.969149,41.07718,S1-519473509,S3-872149375
TN,-3.5039084,-20.131725,15.925895,-51.966087,S1-664261117,S3-823958926
TN,4.2158985,-17.470116,13.056078,-3.1090384,S1-738997755,S2-499978119
TN,33.29063,14.827426,16.493572,30.154305,S1-891443534,S3-335365407
TP,56.87778,19.007654,18.995092,33.41139,S1-343242748,S3-401591532
TN,54.16971,-21.427195,44.627216,22.78207,S1-279718509,S3-977268967
TN,-55.38453,-1.8004206,-65.70164,-9.018028,S1-594410914,S3-765369372
TP,50.322243,21.286686,12.547467,24.42434,S1-112304406,S3-753064982
TN,-29.746931,-11.086902,-49.945637,29.948603,S1-14351810,S2-168600490
TN,-58.949665,17.113092,-21.847069,49.261642,S1-353893087,S2-655137419
TN,13.213258,45.04018,-66.551025,-0.34528288,S1-873058382,S2-559269047
TN,-30.418066,-11.59478,-50.78631,31.89547,S1-562656057,S2-56534402
TN,22.345173,-60.537685,80.35132,0.4201174,S1-109876664,S2-716974799
TN,8.29245,-52.349743,63.761272,1.3428673,S1-191594805,S2-417298419
TN,33.134483,13.328265,15.318894,26.818216,S1-284345951,S3-623916826
TN,3.029901,-11.686088,15.346598,-8.045178,S1-330102400,S2-394141633
TN,-6.617691,-29.078356,9.056948,-49.560146,S1-676914878,S2-299007469
TN,-43.14366,-26.853447,-26.540464,-39.73281,S1-926421603,S3-611276076
TP,-36.215214,50.806202,-8.222381,29.197638,S1-509794324,S3-234604708
TN,-20.679348,17.879349,-16.695145,7.6553984,S1-333068206,S3-947293839
TN,29.352713,-4.336169,28.14806,-17.343925,S1-551597888,S2-832039147
TP,65.95602,28.935543,20.940006,46.278522,S1-585832378,S3-990033973
TN,23.825644,-62.07531,68.52574,37.15166,S1-747147447,S2-498546187
TN,-14.750427,16.651152,-13.836015,-4.0039515,S1-151840118,S2-990375087
TN,-47.55249,20.686369,-17.072943,33.320763,S1-163079245,S3-808421293
TN,17.287865,29.128613,-70.44567,-15.987785,S1-664058462,S3-736956387
TN,31.379921,-9.06331,18.403654,-51.990913,S1-664230405,S2-287295423
TN,7.096465,41.808273,-25.07361,-52.333088,S1-918640389,S3-728878084
TN,-47.28411,-21.414076,-17.102757,-45.911526,S1-263042224,S3-628123218
TN,13.33753,-45.885525,42.757988,10.563982,S1-940629472,S3-849391060
TP,59.339947,20.7745,18.54683,35.063656,S1-379343526,S3-735127043
TN,-0.49282184,-48.005764,50.18931,-7.27525,S1-371711013,S2-369784092
TP,67.36569,27.673502,9.173421,51.622406,S1-446383007,S2-855443872
TN,14.364303,22.824558,-4.955664,2.3745415,S1-512405550,S3-900838542
TN,-20.846426,-1.8094847,-27.97035,-38.910915,S1-601043244,S2-114695999
TN,-8.569764,28.131027,-44.82445,19.854757,S1-959306161,S3-597411690
TN,-62.793896,8.376868,-37.46059,45.65954,S1-944761944,S2-490772318
TN,1.5893258,-43.11914,49.173027,-9.254209,S1-367455075,S2-712761570
TN,29.456932,-39.53945,75.75547,13.786529,S1-944651022,S3-432807268
TN,17.390877,-6.5701823,19.612911,-20.027353,S1-437469860,S3-111993032
TN,25.789358,-57.80128,59.0556,31.520065,S1-644148689,S3-423195776
TP,58.84068,22.445564,16.23464,41.12552,S1-344076372,S3-443997670
TN,32.098682,15.410703,18.09511,26.699286,S1-187984815,S3-806361880
TN,-5.436613,7.1038847,-10.178639,10.598233,S1-186522768,S2-247590622
TN,18.678673,2.8786294,18.50547,-71.35303,S1-495912189,S3-861092605
TN,-13.973481,11.342698,-32.93366,17.536835,S1-64055317,S2-836031900
TN,26.4445,-2.0442924,25.786076,-17.376257,S1-154327031,S3-967067156
TP,52.86851,43.642597,5.2771,65.83209,S1-56641365,S2-433146853
TN,-17.856995,29.952568,-11.951429,3.4575925,S1-117786755,S2-669175128
TN,14.590332,-39.90715,24.494514,-37.406696,S1-360158947,S3-120123089
TN,17.419718,-50.062847,39.057007,-2.4104612,S1-33326246,S2-263424240
TN,-15.9532585,-57.310986,35.568554,-34.475426,S1-752578889,S3-195019794
TN,-8.894419,20.15424,-46.470707,11.289989,S1-170398200,S3-976737107
TN,7.3896832,-47.510418,57.75539,1.8133105,S1-89581050,S2-194709041
TP,50.483906,28.754845,7.310877,23.008612,S1-126673726,S2-587012726
TN,47.422695,-11.393593,36.04208,-70.15527,S1-214652347,S3-510852659
TP,48.225574,23.41328,10.509624,27.475748,S1-942141809,S2-437057013
TN,44.380833,4.750528,37.100063,-59.62197,S1-491338649,S2-917879227
TP,67.18543,31.024067,7.419227,45.82661,S1-428866951,S2-855357260
TP,55.128716,30.368744,6.669915,49.103687,S1-123009315,S2-239482690
TN,-58.034466,31.836145,-21.092812,54.138092,S1-8140203,S2-796222276
TN,28.494425,17.848894,11.2082815,29.19864,S1-625146206,S3-27649938
TN,-39.055576,-34.70688,-36.603245,-6.1864996,S1-670860479,S2-814223729
TP,43.51614,38.0124,-0.6952948,26.79778,S1-192360102,S2-408717135
TP,58.528454,37.601738,18.324247,49.228504,S1-156391783,S3-109766677
TN,2.6010592,-41.759834,46.726234,-12.116299,S1-793240681,S2-753937375
TN,0.14591004,-42.34688,50.822582,-12.224119,S1-347072612,S2-218647890
TN,-65.02534,20.88561,-42.509388,52.99569,S1-326568614,S2-378502555
TN,-29.438105,-12.745118,-52.32288,35.309444,S1-364245970,S3-279014633
TP,45.888584,29.596104,7.563738,29.175299,S1-31302488,S3-976278692
TN,-19.760677,20.345385,-9.8132715,6.778625,S1-867599323,S2-205003802
TN,44.169846,-14.592325,19.384264,34.115673,S1-154425488,S3-162828528
TN,-34.38079,40.62185,-39.098644,15.197576,S1-338800273,S2-174594264
TN,50.550632,-28.012743,44.598564,12.696377,S1-455976428,S2-362955344
TN,-13.948063,16.42515,-36.653255,11.1266575,S1-198145280,S2-338572735
TN,24.522911,-5.519193,27.404802,-20.426731,S1-517362116,S2-268461494
TN,60.91193,-18.281084,73.50986,-24.40604,S1-391041226,S2-709047121
TN,-12.179146,13.666144,-14.19487,-4.5699553,S1-837785744,S2-865443340
TN,4.709765,-5.8364215,4.7737637,-17.37233,S1-58475342,S2-942294218
TN,-53.512863,-3.2294629,-70.67777,-12.884002,S1-389493755,S3-56724064
TN,-13.257248,16.518377,-23.040548,-21.165226,S1-517961215,S3-301023628
TN,56.51883,18.94455,15.991223,39.95218,S1-588943723,S3-155196608
TN,24.139378,-51.235268,66.84092,30.513205,S1-930948993,S2-30080617
TN,10.016495,-29.921219,22.422918,-36.065334,S1-252589537,S2-35678780
TN,58.956318,-19.178387,68.37161,-19.307903,S1-515269779,S3-994621095
TP,43.929123,37.734425,-1.5264003,29.313387,S1-504478435,S2-773979123
TN,-24.149841,5.063608,-16.905283,-39.7481,S1-173589834,S2-957342504
TN,32.666332,15.493209,10.536535,25.578323,S1-370570613,S2-787882625
TN,2.7274504,-10.11184,5.3093147,-20.992481,S1-984390513,S3-505906136
TN,-61.916092,8.124258,-33.417976,52.84996,S1-597779021,S2-860244708
TN,39.028976,-34.29921,36.415607,31.757046,S1-771062422,S3-259285500
TN,-67.13214,26.285208,-35.794346,52.98765,S1-492925801,S3-923507581
TN,-18.461615,31.411028,-35.980568,-7.511865,S1-938429916,S2-472079614
TN,-34.08116,44.853985,-34.103798,9.6855135,S1-956632248,S2-569660839
TN,-18.254211,39.421055,-3.0444624,4.9589257,S1-773811264,S2-179423933
TN,-29.019045,-16.372604,-55.91982,34.152313,S1-344594689,S3-917031272
TN,-14.244366,-32.141197,21.705645,-37.2308,S1-264535924,S2-648601689
TN,-17.057337,9.611408,-33.624218,13.500696,S1-81449604,S2-222990377
TN,-18.468134,33.7945,-11.819648,-1.7418948,S1-2281857,S2-115295177
TN,21.008839,-66.319565,70.01646,29.970213,S1-440359620,S2-659192674
TN,61.1584,-24.127005,71.16304,-16.649786,S1-445316473,S3-301416961
TN,-14.86109,45.734833,-5.7468634,6.597348,S1-360855469,S3-969915878
TN,-20.771984,-0.0744884,-22.818613,-38.3055,S1-917844004,S3-763702369
TN,1.3030721,49.930317,-55.30039,-11.921555,S1-972623508,S2-220591210
TN,2.8280883,44.296413,-70.14811,-7.5582027,S1-423563394,S3-62193411
TP,52.356735,31.037676,5.222239,41.099117,S1-127551613,S3-335934142
TN,16.680164,-17.344612,24.228796,-4.095429,S1-820300519,S3-201000434
TN,-70.41871,27.869364,-34.079636,57.215633,S1-379267480,S2-257116195
TN,6.5898294,-4.668577,29.578577,1.6543825,S1-530335878,S2-301594965
TN,20.224648,-50.35279,38.878765,2.6406333,S1-255473074,S2-467214797
TN,-22.78421,6.248387,-32.862537,-42.937954,S1-123199032,S3-881140851
TN,-5.838968,-27.756084,8.958256,-44.773746,S1-99951433,S3-57755140
TN,0.105087616,-10.020807,21.905424,-74.52949,S1-576034129,S2-131719757
TN,-41.774097,-24.829466,-31.19197,-41.3698,S1-963047037,S2-569772123
TN,-8.29682,14.737399,-19.318197,-33.290264,S1-922904436,S2-394091916
TN,4.089923,-32.907825,22.041094,-46.35227,S1-192165724,S3-411140113
TN,-16.811653,9.130004,-36.525654,13.348991,S1-309229472,S2-495688865
TN,-32.48893,21.428188,-16.733204,25.35417,S1-797318608,S3-659007661
TN,49.636967,-19.322012,41.975582,22.957722,S1-122620035,S2-755517494
TN,5.1480036,-49.61418,60.974907,0.66428626,S1-492925801,S3-684744283
TN,-15.86394,-57.546944,35.450676,-34.209785,S1-511063480,S3-97254465
TN,5.2220874,46.75727,-57.20089,-5.989985,S1-100097858,S3-569679124
TN,-10.451567,14.360643,17.512373,-73.6053,S1-314194128,S2-617269807
TN,-78.04652,21.434383,-48.87176,44.220085,S1-106642102,S2-712723614
TN,-71.51283,7.008156,-42.421646,56.035896,S1-248949138,S3-124442975
TN,33.90892,11.192416,17.013235,28.455034,S1-399738422,S2-946839090
TN,-26.401634,8.245858,-13.3992195,-37.82371,S1-798614243,S3-475282290
TN,34.463062,8.903909,17.773361,32.39182,S1-848500080,S3-871723640
TP,68.70573,29.991306,9.317347,46.32588,S1-810179436,S3-223937702
TN,48.82638,-23.749537,62.35592,-5.0553813,S1-463228645,S3-591091512
TN,30.55445,-52.91064,57.379017,33.892044,S1-2460624,S3-814274632
TN,23.984047,-2.4505675,21.188393,-18.205946,S1-233284489,S2-114946720
TN,-2.6942,32.59289,-50.04843,-2.439356,S1-806786299,S2-191766729
TN,7.2975006,-46.36914,54.038147,-10.886516,S1-675686898,S2-758014495
TN,61.173584,-18.665594,73.73587,-23.775335,S1-366818700,S2-958155297
TN,-29.980854,15.826535,-18.709055,21.474087,S1-701019374,S3-45243268
TN,-22.617567,28.031101,-13.892341,-35.68166,S1-176485281,S2-592542061
TN,-9.592837,16.109947,-45.36485,9.184844,S1-73692917,S3-304115736
TN,-13.961766,30.64566,-12.590456,2.5391557,S1-313866009,S2-320935135
TN,-25.920366,15.16924,-29.392366,9.35912,S1-176152847,S2-627768754
TN,-40.436314,-37.196564,-49.027924,-35.560192,S1-912697255,S2-327955523
TN,-59.039253,25.18822,-25.256346,41.866726,S1-726508314,S3-286853222
TN,18.949482,-45.663948,46.86657,21.513048,S1-109190552,S3-719973136
TN,26.404503,-72.23313,87.50091,3.3081946,S1-338037145,S2-473627458
TP,38.792263,32.67282,2.4815915,31.735155,S1-81360897,S2-244363131
TN,-40.090057,-32.738457,-35.805443,23.166668,S1-989696199,S2-549945658
TN,20.774424,-31.673864,65.42593,13.802507,S1-879571498,S2-835756156
TN,-13.487208,-30.007832,9.639969,-49.487602,S1-81287463,S2-13119345
TN,25.145174,-67.5989,71.728905,28.77266,S1-799598705,S2-210237217
TN,-53.63294,-31.322578,-20.7641,24.935293,S1-576347843,S2-927821313
TN,27.698292,-49.542107,50.25746,27.718021,S1-464134245,S3-614037409
TN,-24.053371,-13.39769,-18.140951,-27.019894,S1-543110777,S2-712618145
TN,34.055614,-25.4592,36.515984,21.085922,S1-602511870,S2-300133575
TN,1.618789,5.4943585,-30.59499,-0.7517887,S1-897375144,S3-83115209
TP,45.94562,37.836414,-2.8152084,27.138987,S1-539788804,S2-891172454
TN,-8.302873,1.46805,-25.368408,-33.176247,S1-957045850,S2-775785179
TN,-64.434685,34.55309,-22.346281,54.89705,S1-895843492,S2-906907426
TN,12.135357,39.211742,-67.87997,-5.9085894,S1-984395232,S3-179200574
TN,26.675743,-71.92535,77.644356,0.95926017,S1-273434983,S2-681071102
TN,25.865849,-56.81849,79.23838,-5.3842134,S1-486142601,S3-313364014
TN,-32.69693,-11.472017,-52.98981,29.728369,S1-751377870,S3-936551001
TN,-31.488964,-10.057192,-53.391605,28.134855,S1-664787069,S2-741080964
TN,-35.14695,-32.918148,-29.366598,-35.891518,S1-987229143,S3-915119747
TN,-45.454605,20.48766,-13.750994,33.20977,S1-766326326,S2-915499302
TN,22.941727,-54.610085,40.989285,-3.8753836,S1-76491637,S3-183250452
TN,-41.744915,-40.69758,-21.670307,-31.427809,S1-66961443,S3-300116769
TN,9.28459,42.175224,-64.06207,-2.1950333,S1-901504002,S2-722039076
TN,-63.781628,14.613841,-30.582947,50.833645,S1-733621739,S2-368981509
TN,33.588284,8.902802,17.550503,36.14415,S1-817014497,S2-559015673
TN,-12.367345,10.249995,-34.9372,15.689681,S1-858011294,S2-845336283
TN,-64.58975,18.27861,-24.171713,51.09728,S1-432206769,S2-125137897
TN,-40.75686,-23.058468,-32.613075,-39.274765,S1-214097234,S3-814635903
TN,14.453826,5.1406956,21.55782,-16.189005,S1-73125181,S3-166041223
TN,-45.84918,-32.128857,-32.564644,15.649849,S1-875752438,S2-765355094
TN,12.717459,48.552856,-49.006897,-13.532735,S1-268524953,S3-78264012
TN,-36.141487,-29.727428,-44.486145,-2.525558,S1-295621425,S3-124171761
TN,-34.52897,37.849068,-39.126907,19.421837,S1-71142664,S2-710676094
TN,22.17613,40.87365,-20.828804,-47.584,S1-228434391,S2-856514609
TN,-45.884754,-40.385303,-53.366364,15.510507,S1-634808533,S3-383533587
TN,-52.48395,-1.1553617,-17.072636,20.924074,S1-545489689,S3-416754302
TN,63.486935,-19.27581,70.42246,-20.284521,S1-567383063,S3-261332348
TN,53.809685,-22.97966,44.591576,22.67297,S1-244961428,S3-376569041
TP,58.118305,27.505793,10.532373,38.697598,S1-496094429,S3-518895454
TN,26.005852,-63.815094,80.24318,1.2907684,S1-187690902,S2-83132374
TN,32.912334,-40.464912,76.55098,12.705294,S1-158628551,S3-496913904
TN,8.200862,-53.65785,63.673214,1.6529828,S1-847560618,S2-889986232
TN,-4.7002077,31.863327,-53.545105,18.709064,S1-344795513,S2-46984809
TN,-6.1605854,-19.570206,13.075938,-38.79465,S1-259504822,S2-125709545
TN,51.96676,-24.910975,44.39558,22.446138,S1-927869220,S3-783750298
TN,3.017581,-52.737823,62.085552,3.1452606,S1-496094429,S2-369084891
TN,-54.10391,-2.5651958,-59.038914,-21.012968,S1-260047101,S2-159097984
TN,-25.93534,8.277327,-12.704573,-44.14581,S1-603211282,S2-403018605
TN,-39.263447,-39.754845,-19.599094,-34.665405,S1-512704961,S2-403538757
TN,25.044834,-50.543983,67.00815,34.062862,S1-72246705,S2-78766848
TN,-47.600525,-30.403362,-22.181576,-14.288588,S1-494752143,S2-332485341
TN,-8.30012,41.193653,-2.8842113,-3.0084975,S1-838764650,S2-206816447
TP,41.37954,27.809088,12.372713,24.295403,S1-323313111,S3-108450598
TN,46.381817,1.7406623,39.902615,-58.16588,S1-500551783,S3-14879698
TN,7.7351584,34.746094,-19.287107,-6.3526626,S1-982289025,S2-909883832
TN,-43.682674,-39.612595,-49.293358,15.637265,S1-747957825,S3-730271467
TN,-61.577877,24.30659,-25.684069,47.59673,S1-483989494,S3-240698679
TN,11.376559,28.117373,-53.00482,-34.032547,S1-181390423,S3-459287197
TN,-24.22505,2.1718152,-21.119173,-40.517365,S1-476753027,S3-15519163
TP,55.139317,31.86813,5.323648,49.794437,S1-572443577,S3-825975214
TN,-39.461014,42.430126,-18.493217,-45.479595,S1-919125021,S3-60698093
TN,3.567647,-3.2300751,15.119493,1.8548384,S1-844479708,S2-41468194
TN,49.27106,0.70736694,35.766422,-72.56944,S1-850197313,S2-133906831
TN,52.269634,-29.47053,58.68202,-4.6962614,S1-904383738,S3-800413466
TN,-25.103773,38.50784,-37.4198,-9.056515,S1-12561146,S2-210504490
TN,-18.899994,43.05475,-12.696983,-46.96882,S1-113399780,S3-827501078
TN,-4.2326384,56.03014,-64.47249,2.3348334,S1-415503363,S2-177530358
TN,51.661636,-17.00612,38.323395,28.799622,S1-546990286,S2-320405658
TN,-47.517204,-29.728542,-28.026836,-17.891119,S1-576918349,S3-126284117
TN,4.646359,37.72076,-61.90268,-5.9429812,S1-488661355,S2-673355024
TN,-16.944553,44.492332,-3.7611065,25.229282,S1-145690074,S3-992594012
TN,-39.722553,42.06291,-24.90613,-37.532196,S1-863569258,S3-80908355
TN,31.438402,-62.837395,90.543,-1.1818781,S1-151702054,S3-505770334
TN,15.579487,14.487672,33.476826,62.375988,S1-161744389,S3-367551198
TN,-64.984474,23.90471,-27.525623,47.340393,S1-35902832,S3-995215036
TP,53.22179,34.77677,3.846836,38.60069,S1-19253447,S3-85542072
TN,-2.4501948,23.862297,-45.543552,-1.5974433,S1-581469183,S3-782465737
TN,-19.301903,32.920063,-36.94027,-4.670385,S1-514972636,S2-739634681
TN,-14.643185,20.004623,-15.719256,-5.8810897,S1-464692398,S3-953320069
TN,-53.164936,-4.9908643,-59.25726,-22.485003,S1-851463503,S3-636185489
TN,22.08073,47.239952,-21.23145,-50.17522,S1-708110072,S3-638771638
TN,37.31038,-19.555954,26.207136,13.622897,S1-683125900,S2-318342459
TN,14.408898,43.70208,-25.732786,-7.2284756,S1-790341030,S3-437238249
TN,-0.77332497,-66.2772,47.5429,-30.787657,S1-536467148,S3-322141690
TP,44.56755,34.931385,4.9985785,27.821133,S1-696986129,S3-94987782
TN,-8.269025,25.74541,-46.130764,7.930872,S1-52629150,S3-158847064
TP,46.80949,26.81744,10.480447,23.791924,S1-668815629,S3-68009843
TN,7.981846,-20.105896,23.042225,-3.738806,S1-368144519,S3-463662328
TN,-11.192139,-35.171967,19.618614,-38.19559,S1-99401043,S3-609729416
TP,59.324455,32.951622,10.198644,53.85462,S1-349166098,S3-258689079
TN,-21.361313,-20.663326,11.618168,-34.12003,S1-598599721,S2-436673215
TN,31.64971,-11.735234,18.07156,-48.86159,S1-333971262,S2-343628855
TN,-47.981968,17.072659,-17.788107,32.831173,S1-781415137,S3-12498047
TN,-19.070763,35.674896,-40.555805,-10.242615,S1-177424708,S2-696510071
TN,4.87336,-49.917286,61.165615,0.7685033,S1-898201871,S3-162271834
TN,8.132155,-13.086986,7.1072445,-21.199703,S1-35148611,S3-104006066
TN,-3.212869,24.1748,-46.43186,0.8729565,S1-132437481,S3-985846124
TN,24.7353,-46.673264,34.154804,59.424656,S1-369256327,S3-218391570
TN,13.393185,41.8639,-66.77595,-17.26223,S1-123543191,S3-413742777
TN,9.674413,-10.592347,12.164431,-5.9240465,S1-440054631,S2-638598937
TN,35.900387,-31.524162,39.031292,36.644566,S1-986809492,S2-500404361
TN,-79.51161,20.69644,-49.91554,41.672264,S1-880201086,S2-376877024
TP,51.769753,29.40083,3.4725757,39.317116,S1-671906568,S3-656331583
TP,66.70636,27.204498,9.542041,46.07657,S1-922566877,S2-263733803
TN,-18.273457,19.607683,-12.00668,6.465598,S1-684402434,S2-838331548
TN,25.901232,-63.61438,80.2855,1.4141012,S1-954234236,S2-326921094
TN,-23.379566,3.5990095,-22.76423,-43.181156,S1-215675089,S2-52425381
TP,57.888233,19.312819,18.598934,32.828278,S1-477843090,S3-126230908
TN,-5.956676,-22.55492,7.2344637,-50.972076,S1-867068138,S2-709922823
TN,-30.665422,-10.17839,-53.259296,28.10261,S1-640097494,S2-572459745
TN,5.057159,37.715446,-69.39045,-1.1686664,S1-850860853,S2-770916469
TN,-40.306286,-30.589548,-29.538616,-19.998339,S1-652258822,S3-5251625
TN,-23.05659,-41.649315,40.627335,-3.229409,S1-159719244,S3-530233447
TP,62.171318,25.36383,13.117055,54.03207,S1-202273407,S2-288197377
TN,27.686764,-27.933699,31.998901,26.279066,S1-704178544,S2-622752425
TP,61.63143,22.4063,15.085542,50.506947,S1-444529845,S2-57982584
TN,-28.639294,4.8747554,-18.982733,-42.15965,S1-561706900,S3-112453095
TN,0.4993176,-44.920002,52.31322,-8.706279,S1-296888186,S2-54995907
TN,-8.624867,44.792984,-37.429127,5.943049,S1-547536364,S2-629300241
TN,43.550274,-15.079778,20.149323,34.147896,S1-584702967,S2-941332409
TN,-6.038737,20.57313,-43.289192,16.633526,S1-686674637,S3-331398998
TN,-1.7912381,34.13857,-1.3921152,2.679332,S1-841198866,S2-736977347
TN,-1.0616814,20.651716,-15.808344,5.7014356,S1-340668453,S3-687424198
TN,-66.26874,28.766428,-32.449898,55.138157,S1-506134025,S3-817047015
TN,24.282463,-30.144463,65.62431,12.54263,S1-315260427,S3-23891424
TN,-46.476936,-43.226906,-38.465103,12.2898445,S1-768224402,S3-924584154
TN,-30.383526,11.650006,-30.65093,-17.149872,S1-2556159,S2-299060286
TN,-68.42753,22.044512,-35.459557,42.829224,S1-933746533,S2-131126332
TN,29.653067,-39.41954,75.43072,13.680662,S1-66852924,S3-139476317
TN,-24.469654,-17.464289,11.867232,-25.143242,S1-139579523,S3-242014146
TN,12.42768,-4.7827578,11.688807,-12.417938,S1-905353980,S3-985060632
TN,17.850275,-48.938408,38.59973,2.2233548,S1-121552547,S2-595406913
TN,-53.43949,-33.525204,-21.379257,-12.422301,S1-670383285,S2-26589167
TN,-4.1309333,29.294949,-49.275185,-1.2164742,S1-457655687,S2-714914538
TN,18.155361,-31.009932,17.535307,-41.858604,S1-617553959,S3-281677207
TP,-37.73992,49.070007,-15.221312,31.315956,S1-999897200,S3-980663756
TN,28.33978,-63.092243,91.01955,-0.20244819,S1-297983753,S3-119536591
TN,-26.787169,41.08897,-39.855457,-20.759935,S1-774898732,S3-94841284
TP,43.694252,39.19531,-4.475591,10.423335,S1-530810925,S2-828074049
TN,11.131858,-9.346868,10.65758,-8.584346,S1-159093567,S3-144135769
TN,-21.066412,-38.513424,11.514624,-9.064954,S1-819181789,S3-514855977
TN,7.115197,-9.237282,15.787448,-5.4205947,S1-356898231,S2-505548641
TN,-18.927113,-40.11339,15.613579,-0.8655498,S1-44198068,S2-798282875
TP,52.44535,39.972015,4.2975554,67.03571,S1-452505524,S3-357395624
TN,3.3112912,26.655994,-4.658868,6.3074894,S1-598729000,S3-194790067
TN,29.237846,-72.30993,92.69849,-0.22322775,S1-517384456,S3-275054891
TP,50.789364,27.32102,18.711626,36.673996,S1-946711964,S3-381787734
TN,-17.664558,38.809246,-2.9796534,4.872838,S1-981843139,S2-210751470
TN,6.7667522,-13.14683,5.682408,-20.13661,S1-729192297,S3-19528752
TN,28.797602,-52.24255,62.34832,33.081573,S1-889455397,S3-607832926
TN,-39.59059,-32.322685,-33.80892,4.117718,S1-157506716,S2-585779976
TN,-52.09517,21.18395,-35.860004,51.164272,S1-167810325,S3-853689639
TN,46.689037,-23.907879,67.95775,11.906651,S1-378006629,S3-867030647
TN,1.4391783,-42.10373,48.594837,-10.093665,S1-272560539,S2-353719757
TN,-0.96056515,16.97601,-19.242489,2.7456264,S1-564299884,S3-694239527
TN,-2.3038378,48.093292,-57.66928,-18.495657,S1-136672095,S2-164984187
TN,-26.76792,19.82552,-21.501724,18.726793,S1-927085678,S3-404832349
TN,14.488437,-15.099146,25.364376,-2.2268977,S1-976644384,S2-707253946
TN,-30.350143,-9.778575,-25.03267,-0.16813104,S1-998262774,S2-35823334
TN,9.213063,42.261288,-63.972126,-2.1762211,S1-835434389,S2-396221727
TN,-2.6107452,12.124125,-47.330296,-41.895996,S1-439657152,S3-699222036
TN,-43.35917,-41.15369,-51.220867,17.988787,S1-747957825,S3-693137353
TN,25.353582,-4.5540905,27.63178,-19.378939,S1-430560295,S2-630022264
TN,2.7201245,52.30576,-52.37282,-11.824767,S1-276415360,S2-32819851
TN,46.892914,3.3138335,35.21348,-55.22889,S1-449864538,S2-939874100
TN,-5.774732,-20.403074,12.939995,-38.757458,S1-84100108,S2-895744708
TN,6.7944555,-13.042791,5.96194,-20.850897,S1-234146370,S3-423159236
TN,21.374407,-48.795635,47.388165,20.062092,S1-694852941,S3-126470686
TN,-23.816744,2.4408884,-21.607363,-42.69022,S1-104537565,S3-216936283
TN,2.2453923,-12.815979,13.373651,-2.3878357,S1-333490830,S2-933727810
TN,-16.866682,19.501131,-21.067036,-17.231104,S1-305674727,S3-910836545
TN,59.237823,-23.66849,70.1039,-19.257942,S1-282373008,S3-739553386
TN,-73.18845,11.16042,-36.449074,46.940662,S1-575819306,S3-456546637
TN,-0.8459083,14.746754,-30.636261,-0.7494402,S1-624381117,S3-236923659
TN,26.663208,-66.85977,90.34705,4.2756267,S1-154666488,S2-863527732
TN,1.8413757,-63.393303,51.169292,-30.597458,S1-8851021,S2-170606457
TN,-13.66381,-33.3313,12.86805,-47.94325,S1-228273471,S2-176681382
TN,32.951344,-58.950394,66.89247,27.10796,S1-324396614,S3-275395806
TN,45.83117,-0.14967868,39.15921,-60.691353,S1-112379136,S3-448532720
TN,26.885923,-58.62973,57.68111,32.847866,S1-128977771,S3-174426286
TN,-46.831818,-41.92078,-44.764877,10.058168,S1-991504740,S3-593549812
TN,7.1927185,43.31774,-65.73299,-3.1443202,S1-397714574,S2-410664778
TN,52.05752,-9.436487,45.864796,-61.310543,S1-378006629,S3-892746872
TP,68.266235,23.622952,13.24895,45.064125,S1-820370026,S3-843197042
TP,-36.656815,50.72026,-22.43051,-12.050912,S1-364709771,S2-305967743
TN,-10.086862,1.0127841,-40.523464,9.427538,S1-422430138,S3-293118117
TN,-22.455175,-37.953957,10.513199,-10.075778,S1-576918349,S3-679714641
TN,-31.497,34.285553,-56.33635,8.826543,S1-700104332,S2-339661385
TN,5.8604817,43.8223,-27.413275,13.349368,S1-376647232,S3-99580190
TN,3.74707,-8.096867,16.058802,-7.9588118,S1-295469731,S2-912313236
TN,-45.337807,-38.74023,-41.349125,8.6621065,S1-70999054,S3-885872360
TN,31.264128,-59.240917,58.655506,33.22076,S1-11527061,S3-456686900
TN,-58.785446,28.800552,-32.758324,45.62779,S1-53558693,S3-516697643
TN,-20.927809,15.882144,-17.177723,-8.92901,S1-785728003,S2-114461865
TN,11.937545,37.71914,-67.672844,4.8128114,S1-70466117,S3-58893847
TN,-54.148502,-35.464474,-25.396658,22.132853,S1-157391883,S2-707361398
TN,-57.358337,17.456593,-17.310604,50.248352,S1-465881038,S2-32754968
TN,47.693996,-0.08848499,35.126343,-55.366028,S1-169200517,S2-817457959
TN,-21.923374,15.69678,-13.000571,-8.779874,S1-690848219,S3-569392984
TN,-45.12728,-23.20034,-23.964931,-43.21068,S1-303534471,S2-256868445
TN,-8.809556,7.8249583,-14.458454,0.8895407,S1-17312244,S2-549378694
TN,-18.711855,2.8127155,-26.93288,-40.85074,S1-381827211,S3-521025240
TP,52.17767,26.52583,8.51358,36.042004,S1-993101240,S2-785323485
TN,-9.65183,25.655123,-44.459087,16.928406,S1-351843850,S3-419200685
TN,13.141985,36.395348,-70.01034,-4.2649364,S1-331214937,S3-362480637
TN,-37.055904,-36.615276,-41.17661,-11.058427,S1-577589900,S2-426242186
TN,-4.163573,45.39766,-55.477016,-8.792144,S1-948224273,S2-86987635
TP,52.632935,31.873035,10.161637,52.638195,S1-406843993,S2-888412437
TN,-50.748722,-2.7365458,-33.330154,-38.341812,S1-625216813,S2-565326967
TN,-11.015053,22.46082,-24.177067,-17.662714,S1-316234564,S3-63846104
TN,26.354275,-39.738567,70.0393,30.82281,S1-539407030,S2-6836305
TN,42.435863,3.9958413,21.690212,-70.04661,S1-281734670,S3-393726831
TN,-28.319643,-14.031789,-53.23479,36.82935,S1-425229325,S2-209281025
TN,-33.4272,-11.507321,-25.032322,-0.18179925,S1-425601674,S2-605929183
TN,-24.075983,-13.810456,-43.418797,-44.14946,S1-811347513,S3-843029439
TN,-4.685005,37.367973,-4.7667956,3.7101533,S1-101693857,S3-322917974
TP,65.8468,28.30372,8.156868,45.025,S1-265247431,S3-25865865
TN,53.782722,-21.64405,44.438305,22.891018,S1-835643465,S3-187097466
TN,0.64819974,-66.5444,48.845116,-30.347572,S1-405447240,S3-327420660
TN,-20.562029,-37.36558,14.119072,-11.660563,S1-755759661,S3-60582564
TN,18.309156,2.662172,19.548883,-70.79274,S1-869097096,S3-510491628
TN,-1.2722089,21.790377,-50.98446,20.247099,S1-938020836,S3-283653209
TN,-70.04085,30.333351,-33.406986,58.626087,S1-860313748,S2-617538430
TP,64.67477,23.584059,16.793056,40.03098,S1-511034058,S3-583603113
TN,25.065739,-2.4282308,19.937302,-17.729458,S1-677564631,S2-187234673
TN,56.481747,-20.53103,68.91099,-18.560616,S1-653301456,S3-53928538
TN,-12.473017,41.49146,-0.8837446,4.901838,S1-546965039,S2-547662863
TN,12.566539,47.87824,-58.3499,-1.0361663,S1-96471275,S3-861154411
TN,-36.936462,-33.8845,-38.17919,-8.252306,S1-295621425,S2-652160350
TN,28.840546,-68.43307,90.86272,-0.97736883,S1-992242122,S3-23174657
TP,46.866554,26.78409,10.38119,23.82958,S1-821051433,S3-244233445
TN,-11.645501,9.472681,-32.762413,18.903173,S1-981359303,S2-154342338
TN,4.291379,-12.804747,14.071561,-0.9571426,S1-132107040,S2-302419065
TN,30.164288,-52.831226,58.591953,30.380342,S1-652315195,S3-554155086
TN,19.445839,-46.778828,48.3226,24.31986,S1-587914382,S3-34128422
TN,-38.87036,-32.724625,-34.629784,-19.922966,S1-630462502,S2-67676505
TN,-11.689092,11.423761,-35.24335,16.256271,S1-367285367,S2-446900531
TN,13.315509,-11.763167,14.5099535,-0.23907614,S1-701673942,S2-313923033
TN,34.917866,10.235362,20.110216,-36.72907,S1-851930708,S2-270609984
TN,-60.338284,36.641945,-19.8371,42.326046,S1-805390459,S3-627737114
TN,-16.298233,-7.86949,-46.73817,-43.30235,S1-718459063,S3-894320167
TN,24.309223,-5.566447,28.354805,-18.176254,S1-900816812,S2-981876684
TN,5.488989,-26.376366,14.028716,-51.033215,S1-454616573,S2-302246404
TP,55.389843,26.572838,13.262655,49.122322,S1-826106329,S2-877887716
TN,8.133191,-1.9164753,18.951115,-73.51249,S1-242662167,S3-876407353
TN,-30.590425,42.956112,-43.4926,-4.901222,S1-959318967,S3-526772588
TN,-26.059427,64.61437,1.1276178,71.8078,S1-657100130,S3-573266778
TN,7.8415766,26.456959,-17.11577,-5.4759216,S1-76675542,S3-979915401
TN,14.615886,46.209087,-67.28703,-18.981117,S1-45591746,S2-523104652
TN,-12.020663,16.62401,-16.105877,-4.5946064,S1-344325459,S3-37929476
TN,-22.461512,-1.0348027,-22.684986,-40.04688,S1-715490689,S3-717151000
TN,3.9392102,-32.306343,22.385427,-44.531036,S1-345248278,S3-837777452
TN,-18.516685,-30.010572,5.3210506,-47.27418,S1-510605062,S3-8085929
TN,-69.04914,30.620033,-33.267376,59.05382,S1-209052657,S2-724556454
TN,-64.534935,30.176136,-34.866985,56.21524,S1-220436471,S2-266468718
TN,15.342351,50.622894,-69.03713,-4.7259474,S1-584742890,S3-977495889
TN,34.001476,-33.714546,40.583916,36.07988,S1-967384221,S2-31142166
TN,30.747028,11.134697,11.979415,22.756857,S1-69895735,S2-694116598
TN,-50.353985,-22.617588,-15.762678,-46.881874,S1-771608614,S3-895623400
TN,-49.156853,-27.479927,-13.9849825,-45.346703,S1-235988487,S3-312034141
TN,24.164526,-68.239555,88.157,4.4962993,S1-107355305,S2-170858761
TN,10.81848,-7.666407,6.1466627,-20.448418,S1-839990581,S3-728356807
TN,58.968647,-16.959726,74.755844,-23.220417,S1-934930255,S2-552823244
TN,7.5708995,-9.778982,11.658969,-10.382094,S1-112409974,S3-313937034
TN,-2.8372664,39.04182,-59.29663,-6.973225,S1-513129963,S3-52386292
TN,34.156326,-55.016483,82.849335,-6.8329225,S1-26364690,S3-340327536
TP,51.874546,30.932625,4.765583,42.167797,S1-708926042,S3-807456573
TN,62.075153,-19.729633,73.44888,-23.701118,S1-981843139,S2-437434276
TN,48.264103,-11.209051,36.679863,-69.24692,S1-412357546,S3-881073309
TN,27.963234,-67.03179,91.06762,0.7447169,S1-619516930,S3-487187380
TN,-14.474954,28.75352,-11.0155325,-4.1551824,S1-197554078,S2-424546067
TN,-35.89346,46.368763,-19.107319,20.903574,S1-358969792,S3-171145029
TN,6.3168535,-28.717932,21.168947,-44.642643,S1-782339014,S3-885729819
TN,-25.20329,12.548359,-15.140662,-8.5745125,S1-291549635,S3-681771986
TN,-47.056023,-31.331482,-30.38648,-12.170904,S1-860326152,S3-665813600
TN,7.3241334,-15.098238,4.516186,-19.063793,S1-762811091,S2-715631096
TN,-35.208153,43.103664,-31.671381,-12.470016,S1-983762533,S3-240832643
TN,-61.31207,17.079832,-23.495703,49.70444,S1-335589319,S2-544987134
TN,-37.709473,-32.148247,-49.173798,7.085445,S1-248788737,S3-957249273
TN,1.6047759,-44.47354,49.219982,-10.990335,S1-356944998,S3-832573989
TP,58.3574,37.88967,5.3110433,32.46582,S1-631070312,S2-892505599
TN,12.21225,-13.799115,8.091178,-18.24696,S1-439679989,S3-195750068
TN,-10.779878,10.236479,-14.217445,1.0949944,S1-102449973,S2-844392466
TN,55.598503,-24.300379,74.13697,-19.692493,S1-527816045,S2-324552035
TN,8.050593,-46.569733,60.811214,-0.6266268,S1-613966895,S3-511935146
TN,29.93639,-0.8881523,20.94991,-71.515755,S1-620777258,S3-327259763
TN,10.509707,48.02224,-61.301025,-3.6334703,S1-346607042,S2-278634022
TN,-7.986972,-31.28809,4.298743,-35.825848,S1-808905510,S2-361077329
TN,56.542454,-20.19026,69.36143,-16.566992,S1-594825252,S3-374533760
TN,-7.1341715,15.430405,-48.020893,16.329348,S1-884613165,S3-231754746
TN,58.90723,-20.714884,69.34309,-19.385534,S1-334489749,S3-933149993
TN,-33.01046,-7.5809007,-49.67505,33.871803,S1-447760315,S2-733498797
TN,52.140118,4.338721,34.857098,-72.92382,S1-363295469,S3-706319823
TN,-13.918566,11.309844,-33.11508,17.577198,S1-64055317,S2-524364527
TN,-46.331547,19.17282,-15.97131,33.382088,S1-613059652,S3-215627284
TN,50.341095,-7.9041214,44.829723,-60.068504,S1-865781108,S2-516284026
TP,51.759617,31.438633,6.026421,41.432228,S1-54637533,S3-252475187
TN,-31.69998,-16.635036,-52.538902,35.092773,S1-51011363,S3-226254059
TN,29.979706,-27.568817,30.444448,26.139898,S1-619938399,S2-439585940
TN,-9.152485,17.116951,-46.236603,8.614292,S1-76091819,S3-114872302
TN,20.736723,-1.1391253,27.516676,-6.3387246,S1-649952800,S2-875163014
TN,-20.799616,-40.311363,15.562919,-10.608373,S1-505052469,S3-238520193
TN,-24.53711,17.41581,-19.217712,-41.83943,S1-607676930,S3-215650564
TN,14.963378,-57.64216,41.027893,-4.649087,S1-696103339,S3-166969268
TN,-52.045364,-35.771152,-31.786371,-4.976047,S1-536390214,S2-392191145
TN,23.904474,-48.257854,47.105762,19.309353,S1-551060384,S2-867510505
TN,1.868253,-39.005905,47.4338,-13.188694,S1-704965255,S3-871770037
TN,-32.779842,-8.161569,-58.412758,35.703156,S1-503404526,S3-523719913
TN,10.20362,-32.65464,20.54445,-35.938316,S1-462080478,S2-32839819
TN,42.96023,9.756923,21.646603,-73.50465,S1-707032653,S3-600949401
TN,25.286304,2.6886356,19.869967,-17.127535,S1-830725233,S3-322622385
TN,-25.865763,8.963124,-27.170935,9.945901,S1-268786186,S3-130151516
TN,-24.938398,2.5165875,-19.283442,-40.118496,S1-112782579,S2-375962241
TN,-11.999011,44.249874,-5.179043,-3.4943407,S1-504478435,S3-230057713
TN,-23.307116,-36.02931,16.295544,-15.9666,S1-864950455,S3-128970838
TN,58.260784,-15.248063,68.560875,-21.481455,S1-817807103,S3-924302232
TP,66.90277,22.078932,12.852774,43.593372,S1-771112083,S3-654132079
TN,-20.46123,25.615524,-29.697735,6.9025645,S1-626435490,S2-642331875
TN,32.48265,-54.95503,81.78269,-4.7087946,S1-340177946,S3-984529696
TN,-4.7081213,-19.816202,22.944456,-36.9423,S1-591910604,S2-728517049
TN,-3.130211,-1.6932954,25.981424,-0.19856901,S1-277710659,S3-635854585
TN,-64.51809,35.050064,-21.157682,54.168545,S1-353970050,S2-577631558
TN,2.454837,21.358082,-14.559231,5.1619334,S1-81312588,S3-251428512
TN,-29.870668,-10.87452,-54.25933,30.309698,S1-187690902,S3-599020744
TN,4.519933,16.69996,-49.438354,-29.855259,S1-246178097,S2-476521192
TN,25.005308,-65.79173,89.60576,3.823402,S1-188005390,S2-392494787
TN,13.152682,-42.300217,42.143616,12.787897,S1-189548752,S2-425559621
TN,-32.766426,-18.159071,-52.058414,37.112625,S1-641680597,S2-92990149
TN,1.8983798,23.107136,-7.541516,1.8290439,S1-243044283,S3-799992486
TN,11.159214,-46.557182,44.672916,9.761884,S1-437650869,S3-453739038
TN,-71.637505,8.98172,-21.890085,47.76419,S1-646963375,S2-662501518
TN,-22.584335,44.33304,0.55929357,3.7954745,S1-380152872,S2-590901612
TN,-15.979278,24.907032,-10.574818,-4.1453366,S1-467387867,S3-351675114
TP,60.50835,20.469683,16.540045,53.21588,S1-254956029,S2-973755123
TN,-20.282211,36.097275,-39.305496,-3.451105,S1-403094946,S2-843397937
TN,-47.65248,-2.4314523,-31.308035,8.350878,S1-375534828,S2-930631907
TN,2.9484692,23.34695,-70.19156,-8.61639,S1-80905851,S3-595504869
TN,-28.833372,-13.138493,-21.701893,-1.7795814,S1-171490912,S3-125019944
TN,23.32718,-50.925747,76.406,-1.6599013,S1-718100117,S3-848875922
TN,-13.19629,36.83203,-3.8156214,0.9875987,S1-993253304,S3-823872845
TN,26.626947,-8.676685,38.375465,-7.4190335,S1-528613034,S2-957706432
TN,55.4853,-24.307066,44.011513,21.073854,S1-909856420,S2-489293205
TN,31.619019,-39.337017,75.56478,15.00368,S1-634437578,S2-883457585
TN,9.269909,36.726048,-67.126915,-5.9239354,S1-711086204,S3-174161669
TP,66.298485,23.135336,12.330631,49.381084,S1-743677477,S2-655918021
TN,-69.54169,25.957956,-34.780594,58.59997,S1-121879693,S2-794246287
TN,-25.811022,43.43648,-39.31912,-10.478788,S1-193916677,S3-594435617
TN,-3.6585827,42.228992,-57.703693,-10.195946,S1-15003131,S3-437395208
TN,22.441582,42.54122,-29.923595,-46.620975,S1-962272266,S2-219532508
TN,15.796531,41.27891,-67.08177,-20.641155,S1-54415565,S2-756423815
TN,1.0204427,-1.4988203,15.372643,1.3283752,S1-578839908,S2-883495725
TN,25.638178,-58.523987,80.13377,-4.206408,S1-659251187,S3-693890083
TN,-20.563904,-17.120272,16.191847,-25.745804,S1-133543945,S3-463975851
TN,-5.822755,-28.957523,10.547648,-48.349052,S1-326568614,S2-57721304
TN,26.676085,-69.24239,79.819855,1.421382,S1-723738491,S2-463404109
TN,-70.529305,8.32112,-21.805536,48.725338,S1-402156297,S2-233428566
TN,54.824116,-20.446167,71.00596,-19.71683,S1-494573151,S3-375192113
TN,-0.022819715,-42.66295,51.121555,-8.927684,S1-952844615,S3-728407978
TN,50.622524,-7.5098267,44.405987,-60.35288,S1-2813428,S2-666807306
TN,-16.30182,-56.56724,35.492893,-34.653778,S1-231989877,S3-369062084
TN,24.609169,-53.011272,89.2831,-2.5069182,S1-243183601,S3-317647907
TN,1.3252375,15.665967,-55.38519,13.66803,S1-137954335,S3-556965228
TN,10.905135,35.402958,-69.65469,-3.1500282,S1-178808694,S3-767232349
TN,-33.173344,38.38909,-38.575233,13.899716,S1-513529451,S2-154503024
TN,25.646793,-30.019114,29.170555,25.346478,S1-191441825,S3-675863059
TN,-51.720356,-3.7641351,-45.178158,9.090236,S1-780797838,S3-470525289
TN,-47.18851,-34.48906,-50.850876,13.701646,S1-474554775,S3-534155071
TN,-13.828981,12.47721,-34.057888,22.19551,S1-980886574,S2-883167860
TN,-40.568493,-22.8548,-37.261055,-17.024776,S1-141389619,S2-59608751
TP,48.503136,29.465002,7.5058913,29.321348,S1-814203425,S3-323224382
TN,-13.9616,30.941238,-12.361955,2.26028,S1-318731893,S2-986624440
TN,10.399001,32.32208,-53.220158,-34.366356,S1-29153904,S3-323557567
TN,23.924282,-4.216569,24.23242,-18.182617,S1-440156591,S3-568140258
TN,-5.6466203,42.642174,-5.2120047,-3.589096,S1-28175968,S3-891254025
TN,-44.725147,-39.242855,-42.70269,9.844985,S1-285726011,S3-486192663
TN,-8.201029,-26.505745,9.524676,-48.996483,S1-906233815,S2-83221448
TN,60.74816,-18.244003,74.534676,-23.931559,S1-296914588,S2-536574931
TP,48.051136,31.160414,4.2803545,39.163834,S1-680600050,S3-35417755
TN,49.693996,-27.566532,29.34759,29.280823,S1-813367354,S2-955440522
TN,-34.17399,37.11288,-39.114788,19.152536,S1-660135307,S2-197055627
TN,17.105785,-4.125887,24.656738,-19.270525,S1-41693022,S3-197400822
TN,-4.0550685,37.48719,-4.794938,4.339824,S1-43530857,S3-208498224
TP,62.256405,25.385292,11.843577,53.53996,S1-56345662,S2-874544918
TN,-39.19366,-39.820606,-36.946194,18.24617,S1-609416045,S2-189511770
TN,7.1037602,18.470446,-30.593294,-34.011993,S1-113388986,S3-543706359
TN,49.318474,-18.586296,37.76616,28.875381,S1-778319581,S2-137851775
TN,-11.833477,17.199411,-16.880833,-3.879016,S1-627224010,S3-331638225
TN,-44.30383,-36.710625,-27.149729,-20.896683,S1-76546969,S3-137805034
TN,-19.004292,-0.9169148,-25.14602,-39.04474,S1-312398324,S2-568190224
TN,-7.2655606,39.90917,-3.798942,1.4958962,S1-514881169,S3-541939499
TN,-11.007313,28.3878,-12.980013,8.85883,S1-328786046,S3-39364592
TN,-48.298424,-22.826761,-17.419668,-42.135067,S1-426894238,S3-791209854
TN,30.866413,-53.976242,80.1932,-5.1683254,S1-831573824,S3-357545074
TN,-45.430088,17.808897,-17.69675,34.3902,S1-639257375,S3-67510138
TN,-55.85614,-2.7418482,-57.64531,-20.172308,S1-169200517,S2-208298605
TN,-10.026616,38.639725,-2.3205366,0.5136283,S1-747244315,S2-911201404
TN,26.432005,15.299371,11.22899,-21.173542,S1-405051655,S3-630252364
TN,-2.2353542,21.044155,-47.209114,10.0677595,S1-792395507,S3-79863231
TN,48.699223,-25.046127,45.87817,13.778792,S1-146084088,S3-970566031
TN,11.318411,-12.8682375,10.64009,-10.646689,S1-931787622,S3-672326424
TN,18.90554,-46.005814,46.99534,21.943321,S1-786184049,S3-473575461
TN,9.980471,40.105057,-68.74879,-5.702605,S1-862181144,S3-988299995
TN,-28.39964,21.269535,-21.363655,22.556087,S1-600643206,S2-687242075
TN,49.758495,-31.139168,59.47929,-5.2379217,S1-738804192,S3-372601747
TN,-27.7486,4.1373167,-17.172258,-41.750713,S1-40226986,S3-76227741
TN,-19.788147,-35.622787,18.827059,-72.89299,S1-945988257,S2-631403033
TN,-17.440987,33.326706,-41.44024,-16.541595,S1-738811034,S3-669842415
TN,-19.834814,38.044373,-39.34366,-4.349557,S1-956999342,S2-910257540
TN,-32.185246,13.496526,-27.99983,18.48736,S1-603089821,S2-531416041
TN,-61.463676,24.053488,-16.92204,51.478073,S1-786249203,S3-949846950
TP,50.022816,13.444637,31.704472,-71.724365,S1-236103241,S3-531308664
TN,23.979193,-58.353096,58.90997,35.992714,S1-633330169,S3-359649174
TN,-42.832478,-41.226925,-50.400883,17.740265,S1-172115217,S3-225018449
TN,8.606166,-16.165014,1.8168874,-20.114527,S1-508988263,S2-124969614
TN,-25.131495,2.6514013,-18.45093,-41.92898,S1-37832651,S3-59737074
TP,61.756474,21.601952,19.182577,41.028748,S1-442832958,S3-250304726
TN,-41.383915,-25.387009,-30.542877,-40.62809,S1-199720344,S2-787712056
TN,-33.126476,-6.334783,34.415737,62.43266,S1-858026404,S3-924195109
TN,-45.477615,-38.738976,-42.10076,10.067833,S1-319820979,S3-993650266
TP,52.059204,30.437815,9.001853,46.760864,S1-144192602,S2-895555443
TN,-2.8843038,34.35522,-1.4558256,2.792258,S1-910981892,S2-727203732
TN,-3.5221794,-24.504955,5.3784866,-44.941116,S1-446713153,S3-722096855
TN,4.8143554,-7.127183,1.7478092,-15.9885645,S1-407774665,S2-752027208
TN,-12.777693,-30.967627,8.663826,-44.05857,S1-920261331,S3-817649600
TN,-30.699003,37.3149,-39.341354,9.956998,S1-711782705,S3-749481964
TN,3.8512504,23.780714,-69.44641,-4.4678936,S1-584281202,S3-179679303
TN,-50.44274,-2.720147,-40.563686,-6.0641747,S1-511622246,S2-546741050
TP,49.025536,34.922108,6.0835605,36.396114,S1-176911431,S3-261804021
TN,-18.344858,3.1203837,-26.94643,-41.10424,S1-834313073,S3-293570214
TN,-32.502693,40.58666,-45.934296,17.459217,S1-1547171,S3-617946992
TN,28.140041,-53.963326,60.131413,33.307793,S1-651036926,S3-228215322
TN,18.11794,-18.546398,27.322573,-2.022003,S1-878024926,S2-719614189
TN,27.258793,-12.784548,18.869905,-48.74798,S1-293117193,S2-771523662
TN,29.249493,-38.012295,76.75961,12.787629,S1-944761944,S3-375539033
TN,42.045696,-9.705687,24.870869,-5.1187167,S1-470914476,S2-477086264
TN,-13.361498,29.06187,-49.17155,-34.16083,S1-550657667,S2-863783007
TN,-31.547447,43.133415,-38.048542,-9.3161955,S1-12105836,S2-162506959
TN,-70.66399,31.970388,-40.314465,56.500717,S1-455198439,S2-165210744
TN,-6.1878896,34.173542,-45.567726,-1.7692157,S1-614005332,S3-942740153
TN,31.29,-65.45347,89.551384,1.1767278,S1-246167870,S3-145736302
TN,6.3217993,-45.487843,59.015533,1.6604053,S1-962644832,S2-703475846
TN,-35.98062,-31.667776,-35.195602,23.201773,S1-508504345,S2-84394287
TN,-47.94981,-37.060326,-50.55834,13.205161,S1-120496469,S3-344439980
TN,13.886408,37.7464,-70.26032,-6.175688,S1-951289015,S3-689616730
TN,-23.78751,-0.8144761,-11.734585,-32.348442,S1-252681088,S3-443380146
TN,45.98223,-23.682436,68.91671,11.180337,S1-201085490,S3-585848278
TN,15.013638,-58.02766,37.719025,-2.9831793,S1-50491670,S3-924783562
TN,-17.467316,16.927975,-13.894743,-5.0987186,S1-589143052,S2-107130986
TN,-67.4444,19.43614,-36.870594,45.4829,S1-176365523,S2-691312089
TN,3.236956,35.510635,-70.691826,-12.920435,S1-168143660,S2-158344443
TN,16.350855,42.778034,-65.44742,-22.25058,S1-146200487,S2-231209448
TN,-58.375824,28.862953,-31.108866,46.331947,S1-8802014,S3-370234367
TN,54.949726,-29.27441,61.583744,-5.4670863,S1-426779861,S3-875371289
TN,3.5271266,-42.017773,45.58592,-12.968962,S1-147464909,S2-198941500
TN,-18.151367,38.447876,-39.685337,-3.2412329,S1-433279293,S2-643885751
TN,-5.7178273,-33.476254,17.09922,-36.63081,S1-124957959,S3-275562750
TN,-8.673482,18.166872,-14.97175,8.846763,S1-963752732,S3-921752443
TN,6.902441,-45.73485,56.776707,0.6276947,S1-959796488,S2-513632140
TN,-57.842052,20.83026,-22.922775,44.38331,S1-27252964,S3-500441226
TN,4.2559295,12.421365,-32.00337,-23.25462,S1-268742694,S2-32179136
TN,-12.540874,38.512993,-4.08472,-5.8447185,S1-90327838,S2-737137290
TN,-35.21166,20.567007,-10.312775,25.97199,S1-159220371,S2-5230963
TN,-27.837765,34.54197,-47.99412,7.642452,S1-26438986,S3-864766985
TN,19.58259,-30.963743,16.860067,-41.786385,S1-751571152,S2-34503542
TN,0.623812,-45.509647,52.29609,-7.5629444,S1-920827382,S2-82901426
TN,-60.36104,7.4554167,-1.2431827,8.849075,S1-840562646,S3-216059562
TN,-37.117504,-36.63873,-40.734337,-4.3888087,S1-775642417,S2-776249507
TN,-12.466635,19.265476,-10.072128,-5.4126654,S1-133762047,S3-434362037
TN,-2.1582725,-65.41106,52.267273,-33.088486,S1-36484245,S2-99423992
TN,35.01336,13.293685,18.376114,30.871054,S1-147754328,S2-755603437
TN,27.237247,-2.6314468,20.746778,-71.57645,S1-168522324,S2-180552621
TN,-70.26034,30.390057,-33.89361,58.564484,S1-655179448,S2-242301625
TN,-62.194454,16.854475,-43.583973,54.09959,S1-495957115,S2-278768446
TN,44.55113,1.2360173,37.74283,-60.645473,S1-54599622,S2-964959569
TN,-45.406376,22.87021,1.8510906,36.324783,S1-550788293,S3-793616616
TN,5.716055,18.977642,-46.720646,-31.247025,S1-632132575,S3-614813531
TN,30.023987,-53.501,60.337597,33.61833,S1-205148110,S3-806717669
TN,5.628212,41.91055,-60.361645,-6.686867,S1-515401919,S2-221699369
TN,-11.167609,14.302001,-34.143192,-17.16088,S1-74260499,S2-811050394
TP,51.103218,27.204609,18.300898,41.311653,S1-887592417,S3-103965524
TN,-47.28309,-39.215305,-41.76009,10.002103,S1-953365008,S3-500842075
TP,60.74164,26.269222,12.51203,53.913254,S1-772445465,S3-67598908
TN,-61.937252,24.251043,-21.598318,52.257015,S1-120367339,S3-940221046
TN,-37.263443,-37.31475,-36.065247,25.489843,S1-3903020,S2-668692557
TN,48.956627,-10.838342,43.52052,-61.422718,S1-361049960,S2-201898931
TN,-46.0642,-31.929758,-28.93688,-23.795448,S1-557023019,S2-576439565
TN,-25.289782,-13.554935,-53.074284,-36.907803,S1-27036976,S3-759139476
TN,15.167547,48.550903,-67.03736,-19.10977,S1-224916107,S2-103218196
TP,49.226913,34.591717,5.169214,35.6526,S1-328904749,S3-242015754
TN,4.194231,-47.92302,59.755688,0.32162052,S1-981843139,S3-189957725
TN,31.140774,-38.751747,75.60523,14.244877,S1-973384487,S3-259684306
TN,-25.969658,36.010605,-14.936748,10.394424,S1-654105540,S3-134632411
TN,11.929103,38.62934,-69.66615,-4.1361933,S1-936739343,S3-411437697
TP,43.35774,38.122505,-0.4643136,25.875803,S1-802820832,S3-201565728
TN,-12.199106,-7.1609583,-42.668602,-40.929028,S1-191773650,S3-737190500
TN,-41.388103,-35.42836,-32.148083,18.985907,S1-534068007,S2-743248329
TN,-14.781393,45.843746,-6.0009604,5.1630583,S1-686050065,S3-496942481
TN,50.07353,-17.359581,38.007336,28.749046,S1-905909174,S2-199555933
TN,48.996006,4.322044,36.747,-54.113422,S1-194349062,S3-207107668
TN,-6.997829,-28.075533,7.5008316,-44.37967,S1-488618528,S3-136313404
TN,4.13681,-47.96264,54.804737,7.204375,S1-539711415,S3-20202192
TN,-8.245048,33.646618,-5.258502,-3.4977965,S1-627158236,S3-357356631
TN,32.841446,11.865092,17.4743,28.354515,S1-728044696,S3-746098532
TN,32.336903,0.80225235,22.4721,-70.740295,S1-822795663,S2-238398111
TN,4.2303185,-48.143845,54.486687,7.3310785,S1-640813441,S3-951100173
TP,58.736324,37.614124,18.258406,49.25576,S1-633263017,S2-136840677
TN,1.9733666,-67.0829,50.399048,-30.880224,S1-925028399,S3-82954843
TN,-29.01444,35.907276,-21.739038,-31.4771,S1-62580850,S3-990638592
TN,16.910109,-0.6242752,32.588665,-14.847375,S1-441971524,S2-281442093
TN,-27.984959,-10.339768,-50.01273,29.776041,S1-923944687,S2-364337716
TN,-26.370241,41.107635,-39.617558,-19.583323,S1-767511616,S2-620673104
TP,47.283722,31.538786,1.5586237,36.732723,S1-796188314,S3-552211697
TN,-24.73733,38.39949,-57.19358,15.234719,S1-958407812,S2-315228345
TN,-44.692596,-45.065063,-51.180977,-36.86886,S1-422798580,S2-465040638
TN,-59.545074,24.844608,-44.620224,57.16038,S1-574535436,S3-420461534
TN,-55.558834,-0.59099835,-57.68454,-18.507275,S1-12189731,S2-158582372
TN,5.687823,17.91485,-49.157215,-30.024717,S1-238330419,S2-47967756
TN,-65.39602,23.249031,-28.943659,52.57791,S1-731231611,S3-501496659
TN,5.5779614,33.054,-51.66704,-32.724094,S1-934858685,S3-863021164
TN,-43.221474,-41.26476,-47.64018,9.652092,S1-352934218,S3-425980448
TN,-2.6161342,49.333416,-59.43056,-11.545268,S1-460950089,S3-427914678
TN,30.017363,16.942081,14.625335,27.992033,S1-74037404,S3-304927508
TN,1.2746259,30.812222,-4.8258476,4.284591,S1-709977600,S3-420254638
TP,42.571262,35.135574,6.4755316,27.249231,S1-202865380,S2-977785931
TN,1.5411792,-7.016482,15.716012,-11.037639,S1-879823133,S3-434083695
TN,-72.4373,11.119425,-32.187992,46.770332,S1-327819491,S3-391205132
TN,22.269005,41.411945,-23.832724,-48.746166,S1-717875738,S3-874860640
TN,-21.189266,5.3731604,-16.205202,-47.250298,S1-117963738,S3-618920775
TN,-1.6528506,-29.681412,14.841888,-45.65315,S1-129385776,S2-485201123
TN,-21.721153,15.839952,-13.433031,-8.266408,S1-201785315,S2-646158602
TN,29.155704,-47.47214,48.765446,25.984951,S1-599292361,S3-510001537
TN,-6.2851086,-28.608913,12.210792,-47.234493,S1-330102400,S2-672084291
TP,68.79176,26.07842,11.186485,53.694485,S1-530376253,S3-223802788
TN,2.205731,25.218586,-23.00116,2.9839692,S1-311926571,S3-778174975
TN,60.295227,-22.540457,69.745766,-16.351551,S1-172700825,S3-380111587
TN,17.897003,-33.31255,22.163301,-7.6526046,S1-26231632,S2-7839622
TN,26.345806,-69.7951,89.15271,5.4443555,S1-215449172,S2-112500153
TN,-66.76505,30.996805,-30.921303,57.535477,S1-421207804,S3-501281510
TN,-20.579971,-29.283142,13.319349,-38.5724,S1-166171020,S2-454106082
TN,3.9822526,18.716854,-39.463127,-21.197054,S1-316365780,S3-830809894
TN,-34.765694,-35.63194,-48.962997,-3.3769827,S1-731124218,S2-322839824
TN,8.063782,30.939041,-52.865543,-31.821941,S1-128284984,S3-982339655
TN,4.560205,-2.3470867,18.94663,-12.932265,S1-269997978,S2-983007524
TN,-19.69383,19.96815,-13.09324,2.5042584,S1-135792954,S2-173796783
TN,15.684006,-5.9818482,28.86861,-5.3496947,S1-67160827,S2-211185299
TN,-1.4760423,44.77748,-57.21504,-20.01421,S1-56894451,S2-971298426
TN,-4.496172,-23.760015,7.899785,-47.88996,S1-794649862,S2-699992270
TN,18.278908,-49.543076,39.30634,1.481052,S1-35785674,S2-197020846
TN,-36.256252,45.272602,-27.963861,15.131502,S1-498121570,S2-805959131
TN,-5.410606,-28.078014,8.64131,-49.104065,S1-627975149,S2-395390149
TN,-58.103348,18.9064,-21.40976,37.14109,S1-329917349,S3-503220486
TN,2.187908,-45.410625,48.07383,-10.694417,S1-620847509,S2-961188935
TN,30.39547,-36.347523,68.167915,15.70732,S1-934729163,S3-330209817
TN,-40.5048,-27.011152,-46.76914,-4.5649185,S1-112161582,S3-985100598
TN,-20.135355,33.35634,-5.1229587,-5.411483,S1-137275933,S3-480217091
TN,-7.4789605,45.31527,-1.6987498,-3.03924,S1-457655687,S2-425807480
TP,48.253082,20.684788,16.443893,23.076872,S1-577913745,S3-743034458
TN,-27.071133,43.705296,-39.14769,-10.092768,S1-427749123,S2-336640177
TN,-33.43449,-11.703496,-53.932003,32.50868,S1-663709308,S3-714298072
TN,0.05869334,25.197914,-21.18021,-32.88733,S1-41889066,S3-438225483
TN,-15.217922,40.122166,-2.8313067,8.102131,S1-870620634,S3-585987670
TN,-39.86734,-30.807299,-29.59835,-19.476706,S1-243505368,S3-807862610
TN,-39.373722,-40.630215,-37.46526,12.793085,S1-501902170,S2-521320047
TN,30.608074,-27.642942,30.125826,28.364466,S1-898201871,S2-502914861
TN,58.679157,-22.142286,70.54032,-18.211618,S1-72605227,S3-420271736
TN,5.5744147,1.0349078,1.4501983,-15.312905,S1-331346341,S3-539235104
TN,14.947474,-4.9139314,30.554295,-13.147899,S1-919746546,S3-447535217
TN,-3.8814242,-26.088127,9.730072,-44.606018,S1-40535072,S3-794563228
TN,-58.612988,29.28457,-14.518422,48.119835,S1-805374955,S3-291904469
TN,-57.610043,23.54814,-24.792421,41.665,S1-603664100,S3-732662788
TN,-5.2096577,-22.885792,10.403094,-49.398956,S1-938708130,S2-748024311
TN,-39.63486,40.688725,-23.185469,-37.163403,S1-651869543,S3-689796962
TN,-20.4083,39.638584,-2.2015913,4.031484,S1-45769725,S2-981690000
TN,-1.3093488,-21.537838,22.093523,-39.456947,S1-812313857,S2-976422910
TN,1.8862144,-67.18167,49.266693,-30.290867,S1-44456314,S3-10895221
TP,39.37865,32.607357,1.60649,32.617912,S1-903183556,S3-629899857
TN,14.338758,32.778404,-23.79445,-46.896484,S1-776587913,S3-122658053
TN,28.670046,-39.35469,77.6204,14.075868,S1-38355779,S3-36171145
TN,-62.323734,22.17784,-16.275984,49.218002,S1-270271189,S2-169483285
TN,15.43195,33.535717,-67.485886,2.038818,S1-905062447,S2-623470803
TN,34.24174,13.186911,15.39629,29.311707,S1-561015697,S2-715517114
TN,2.2907836,18.89233,-18.233707,-6.2849774,S1-575883221,S3-349684893
TP,45.73685,31.021023,1.6133817,36.662388,S1-111940160,S3-862792130
TN,9.444917,49.306843,-60.07959,-0.5134969,S1-110828887,S2-207559096
TN,47.11488,5.889278,37.240364,-60.37092,S1-54853558,S2-158708659
TN,-54.994644,-1.2646228,-64.65678,2.0493865,S1-615248650,S2-226017354
TN,2.1191401,24.195217,-18.159637,3.5371327,S1-252668663,S3-178887676
TN,17.751957,36.542686,-63.002636,-22.330421,S1-337689417,S3-953421677
TN,33.49458,8.780449,28.328157,26.88218,S1-4810447,S2-797472277
TN,0.9425842,17.92243,-15.695312,-4.6514935,S1-147674217,S3-450947071
TP,64.62998,25.594606,20.05401,44.56686,S1-106555562,S2-449045513
TN,13.77458,54.15605,-71.54292,-1.7271161,S1-408872959,S3-938635734
TN,13.401905,38.914787,-70.20986,2.7758923,S1-871284075,S3-400512790
TN,-58.928837,24.661346,-24.71221,42.64654,S1-937470065,S3-65767721
TN,-46.502617,-35.703148,-42.462456,7.8691044,S1-885095675,S3-556912037
TN,1.1308533,19.346228,-51.34078,9.836893,S1-533127129,S3-87838382
TN,-4.148277,-25.809767,10.589836,-44.75256,S1-473836503,S3-886411654
TN,49.000034,-10.935543,43.85784,-62.279945,S1-470251290,S3-997339639
TN,13.770165,-60.3288,40.45589,-0.48952925,S1-951435339,S2-311107652
TN,-51.895565,20.982443,-34.29207,53.575687,S1-897285538,S2-950140523
TN,-9.020862,29.88888,-45.232574,-3.458725,S1-535182265,S3-338902015
TN,54.99174,-29.12691,61.522087,-5.4881043,S1-837572991,S3-764507205
TN,-27.239107,4.775997,-11.917289,-36.54485,S1-214652347,S3-247439980
TN,-25.603842,65.77839,0.25302646,71.04072,S1-972770509,S3-466686517
TN,-14.271403,34.616055,-37.242325,-15.047927,S1-187059794,S2-411049365
TN,-71.40156,8.451567,-22.113817,48.23412,S1-215434093,S2-550754434
TN,13.15118,-11.667332,17.488089,-11.285435,S1-210729694,S3-437573176
TP,49.72934,31.59981,4.9857683,39.758522,S1-5764839,S3-803931961
TN,51.748436,-22.726822,44.010506,21.143059,S1-613598204,S2-100407497
TN,46.34994,3.6223974,39.724857,-58.218452,S1-120713220,S3-25119909
TN,51.9397,-9.923412,45.523468,-60.795406,S1-601303947,S3-386066991
TN,25.481602,12.693897,8.658986,27.428326,S1-815640653,S2-272158306
TN,9.130319,52.113472,-65.23472,0.0774153,S1-186399671,S2-981389633
TN,-32.192657,-9.105372,-50.58491,-19.942493,S1-972981769,S2-675721553
TN,-69.75267,11.472845,-25.587446,41.524643,S1-463875624,S2-129089216
TP,59.8587,19.653006,17.586681,38.466324,S1-911913945,S3-977992744
TN,-12.370651,44.266987,-3.2137578,7.4814067,S1-916320237,S3-251187725
TN,23.796986,-67.13608,87.81882,4.7788897,S1-15258542,S2-421023289
TN,-21.228449,-0.65568364,-30.591682,-33.98382,S1-949652298,S2-605595003
TN,5.211213,-19.017784,16.169285,-15.106265,S1-526820156,S2-6164508
TN,-22.286518,25.166069,-17.64423,-36.26612,S1-120094947,S2-960069748
TN,-40.752007,25.201656,2.0340102,69.78397,S1-64080414,S3-685260029
TN,-26.848974,21.21839,-11.106464,10.042836,S1-823400425,S3-54390778
TN,-48.042095,-31.565178,-26.656294,-18.907999,S1-691254386,S3-465862587
TN,29.629164,-3.8658335,28.129913,-16.786968,S1-627764816,S2-67597099
TN,16.869778,44.199432,-25.468943,-7.63505,S1-152213520,S2-789900843
TN,-65.20755,18.39176,-25.1542,50.7676,S1-992584026,S2-42881789
TP,37.363407,-19.217344,25.498032,14.2957115,S1-182661139,S3-289434241
TN,-14.896534,18.896278,-18.402111,-6.547659,S1-720255358,S3-938459212
TN,32.871975,-33.451416,40.875072,35.656815,S1-81378033,S2-787017208
TN,-19.036957,9.508009,-30.549639,-14.1242895,S1-648769853,S3-327729473
TN,-18.658667,17.102978,-34.398674,14.955474,S1-851664862,S2-721624255
TN,-15.08126,-34.30142,16.49727,-44.71104,S1-890192634,S2-623973548
TN,26.832531,8.890656,12.901367,13.194293,S1-540704343,S2-963795623
TN,-36.890335,45.81049,-27.741434,14.994006,S1-318854367,S2-857247170
TN,-41.994434,19.303192,-10.903028,31.633894,S1-323856070,S3-962544326
TN,51.77197,4.4504714,34.859753,-73.087105,S1-778643394,S3-575134357
TN,35.32196,13.775616,20.212332,30.949135,S1-289396394,S3-678781497
TN,37.96258,-33.513763,39.450188,38.835114,S1-574100403,S3-287791197
TN,-20.373167,29.938166,-34.455715,7.818862,S1-871405055,S2-227033439
TN,-45.383144,-42.743313,-52.852444,7.308673,S1-224507393,S3-92143136
TN,-40.84231,16.081425,-10.190534,32.489697,S1-15502788,S2-138205856
TN,46.595474,6.8866854,37.585735,-54.21296,S1-663292052,S3-163684336
TP,50.35437,21.210638,11.814519,26.114521,S1-194876316,S2-859567934
FN,-35.72109,50.742287,-12.931952,26.14945,S1-332928369,S3-26194721
TN,8.898138,-6.304851,10.861255,-10.372435,S1-578896610,S3-447771154
TN,-8.675533,9.640166,-39.115234,21.49043,S1-546219899,S2-362918693
TN,-15.039399,-31.270298,9.528601,-49.9524,S1-120496469,S2-722799523
TN,-29.293503,17.392876,-30.417519,7.3731275,S1-670168143,S2-500904068
TN,-66.26606,28.036678,-19.094679,36.385696,S1-969210647,S2-480214635
TN,33.900208,-64.741455,80.63253,-6.2842293,S1-946178003,S3-965352588
TN,-5.509566,-32.0894,2.6430602,-39.96149,S1-931390519,S2-199120018
TN,35.052643,-62.282635,68.26038,27.888758,S1-416503038,S3-680644498
TN,-19.194168,-39.42078,15.225398,-7.368145,S1-2556159,S2-911970962
TN,25.108843,-5.9126844,25.709566,-16.353876,S1-814203425,S3-718664577
TN,-4.604804,24.639936,-16.931698,5.486511,S1-657110461,S3-190056733
TN,2.7783508,-12.594424,2.547274,-21.619017,S1-24002161,S3-942989909
TP,57.339874,30.262796,7.5692086,52.62268,S1-305437670,S2-505770606
TP,39.775208,33.283497,-0.34632355,33.94702,S1-120354324,S3-382486932
TN,28.650507,10.046695,14.526871,23.879713,S1-446713153,S2-965572964
TN,-51.323563,-5.6833215,-33.875553,-37.92632,S1-302815161,S2-118040372
TN,-12.522697,45.85299,-46.881027,-3.3194315,S1-426779861,S3-140924234
TN,-67.04551,22.486977,-36.536804,43.83989,S1-420360846,S2-80197582
TN,1.4032634,24.209204,-49.780186,18.905478,S1-811502375,S3-115926322
TN,17.847084,-4.360636,27.546528,-20.764914,S1-255275589,S2-290788821
TN,-24.257877,11.845476,-51.148636,12.673765,S1-667010221,S3-689855787
TN,-18.05812,15.523525,-13.274012,-5.499518,S1-929002514,S2-807417580
TN,9.103768,-13.124797,7.9049096,-21.075575,S1-833282830,S3-688673123
TN,2.5155818,13.720445,-13.574058,-3.357273,S1-532464599,S2-977132342
TN,-50.958908,-4.843416,-41.748936,-20.997154,S1-689440797,S3-490275906
TN,8.537513,51.303574,-60.70034,-3.2241967,S1-499192060,S2-109821601
TN,19.788157,-49.856274,48.47133,17.843023,S1-987174057,S2-183040208
TN,-67.20766,20.61416,-34.69631,42.86738,S1-101487245,S2-891614401
TN,-7.9766045,34.138523,-45.122505,-5.339014,S1-521565700,S3-196707266
TN,-24.314837,-13.647863,-46.294937,-41.148746,S1-696617611,S3-317939262
TP,58.99352,37.42576,10.134256,49.061924,S1-378532251,S3-130873488
TN,57.4326,23.145424,17.648928,43.126644,S1-3190646,S2-430019845
TN,-25.6859,35.93639,-43.052677,-2.9242787,S1-432373271,S3-354484219
TN,49.092896,6.4725547,35.122,-68.213684,S1-326924168,S3-478886228
TN,44.355427,-14.52767,20.30289,35.68215,S1-547535276,S2-601768467
TN,6.374248,-5.5228395,4.252447,-18.88984,S1-500095327,S2-355754047
TN,30.902021,15.781646,11.64766,28.590994,S1-198507360,S2-748382954
TN,-6.109549,15.8952675,-18.301338,4.9887,S1-827443194,S3-877301983
TN,10.294957,-5.1185937,17.72869,-17.14846,S1-963379376,S2-422457423
TN,-32.263634,38.832603,-36.405716,15.887493,S1-310796592,S2-432307280
TN,7.2594886,-46.27997,57.50802,1.7211552,S1-146246475,S2-809155426
TN,10.454222,44.077015,-64.432945,-6.660751,S1-717217038,S3-713882274
TN,60.250324,-22.51353,70.36266,-18.176813,S1-657870049,S3-66183170
TN,33.730618,-35.098392,39.678627,32.04348,S1-253393593,S2-144684326
TN,10.697545,-47.685802,55.26657,-0.759999,S1-873048600,S2-829844928
TN,-20.031897,12.763124,-18.058306,-39.019276,S1-207224070,S2-26621945
TN,-44.83968,-24.123566,-22.436037,-40.524773,S1-851488076,S3-203123872
TN,-46.061623,-25.087011,-32.58911,-44.638992,S1-442624221,S2-963989010
TN,8.607753,2.6724923,11.542165,-19.845062,S1-526140342,S3-567068053
TN,9.047358,24.576233,-34.01841,14.008718,S1-421459221,S2-536829025
TN,1.6345251,21.772367,-22.932709,3.0397258,S1-785728003,S3-921465752
TN,-49.821003,-31.848022,-32.908287,14.774175,S1-910768806,S2-583413183
TN,-2.572552,-41.133736,49.404087,-8.539059,S1-162234805,S2-596432366
TN,-22.395485,0.48025241,-14.860862,-33.184643,S1-756763080,S3-891550313
TN,40.548397,-12.892463,15.701878,21.26991,S1-347551646,S2-920409559
TN,-32.784267,-17.179373,-54.749416,37.855404,S1-589517142,S2-558218956
TN,38.44042,-33.604546,32.787506,32.828907,S1-939213576,S3-662488487
TN,-0.62339664,-45.756744,53.853043,-9.688793,S1-318161723,S3-815256972
TN,56.972218,-25.822298,73.24055,-18.362452,S1-379781236,S3-351138352
TN,27.2284,-51.588665,59.072754,31.815252,S1-163740316,S3-216724538
TN,5.070221,-66.57917,41.08947,-3.0278609,S1-634682940,S3-147220896
TN,-59.32211,30.455763,-21.611868,52.928677,S1-708647928,S2-23239508
TN,-4.7328243,19.228287,-43.857296,14.228688,S1-980435152,S3-354473935
TN,57.30728,-16.927374,73.895546,11.086985,S1-167810325,S3-360641436
TN,-43.492393,18.507416,-14.031614,33.637848,S1-243409781,S2-895818873
TN,7.526002,17.655012,-28.924685,-36.093597,S1-53730037,S3-803832671
TP,60.4555,18.740961,17.546778,44.048714,S1-485162960,S2-663014212
TN,-78.99948,21.84849,-48.90103,44.308193,S1-816814891,S3-13197528
TN,47.907295,-11.74203,36.732063,-68.87614,S1-384050331,S3-134869034
TN,8.813777,49.555614,-59.986034,-0.48533377,S1-93697193,S2-382163723
TN,27.4512,-53.645035,78.30319,-5.268228,S1-939545301,S3-413132419
TN,-69.74118,28.963108,-35.643158,54.036617,S1-66634686,S2-227825914
TN,-2.0399473,48.455315,-59.097847,-12.800377,S1-940900771,S3-285299686
TN,-70.078255,28.869925,-35.744423,53.845493,S1-993249659,S2-76259874
TN,59.212967,-23.635235,69.93389,-16.794655,S1-140958472,S3-458525458
TN,-20.255812,0.26710376,-23.647532,-38.565308,S1-957024995,S2-66652135
TN,6.1047373,-12.866869,12.512542,-7.1544204,S1-485512334,S2-386243407
TN,-0.027116988,-13.545219,12.360201,-9.221395,S1-502227005,S3-896704139
TN,-16.51432,-7.037112,-46.81107,-42.672638,S1-618801002,S2-821329966
TN,-41.36663,-32.476982,-43.82677,18.498718,S1-664779268,S3-222428448
TN,-65.04913,20.036783,-22.80605,51.938988,S1-710664441,S2-901491385
TN,-2.2825716,-50.412823,50.187103,-6.797561,S1-987174057,S2-804041274
TN,-15.784279,-56.372288,36.038013,-34.464794,S1-973025529,S3-807593269
TN,-24.929155,-38.000042,13.059171,-3.2833009,S1-743009131,S2-41172979
TN,13.222909,-17.592817,26.03433,-2.0262234,S1-962435133,S2-897338199
TN,17.649296,-48.84518,48.506046,20.73231,S1-235459413,S2-63687521
TN,-26.559607,41.97974,-50.13534,7.484214,S1-785335787,S3-284396705
TN,-46.17677,-40.350117,-53.95811,15.795667,S1-380324654,S3-717173626
TN,29.131903,-34.91317,74.016685,14.517359,S1-717805499,S3-67924577
TN,13.10526,42.180897,-63.00054,-15.244911,S1-402644710,S3-322457033
TN,49.939674,-18.85043,41.702602,23.32305,S1-733014910,S2-730703379
TN,0.18638362,-64.23294,49.18308,-32.624542,S1-721629612,S2-199150383
TN,34.992126,13.690397,17.890121,31.042263,S1-283244831,S3-457974751
TN,-52.985275,-0.027207395,-6.7624784,1.020686,S1-337035781,S3-157077943
TN,52.209377,4.522712,34.91509,-72.93865,S1-694706661,S3-464759282
TN,-61.36907,14.305311,15.048712,5.1539183,S1-946260019,S3-230443053
TN,-28.242874,2.7539117,-13.248009,-36.112816,S1-160748617,S2-844737198
TN,10.149718,-50.20282,41.84388,13.458077,S1-822695757,S2-462404930
TN,-3.0546095,22.090622,-50.74973,15.720091,S1-150408020,S3-850340090
TN,-12.091367,7.647886,-33.021976,18.601463,S1-623482240,S2-909329656
TN,2.2567399,-44.473125,48.254494,-8.59519,S1-201738602,S2-403595085
TN,-28.05284,6.557467,-16.245903,-40.455734,S1-927153794,S2-692557073
TN,6.3858547,48.845543,-55.147755,-8.0277195,S1-778695476,S2-395955064
TN,-57.8811,17.40095,-20.32667,46.83051,S1-553753323,S2-651612819
TN,47.296608,6.607293,36.699005,-54.18843,S1-306316658,S3-926124236
TN,-78.02785,21.356901,-47.4817,41.87698,S1-774294806,S2-401413145
TN,-14.673392,41.155796,-2.7377987,6.704018,S1-243951849,S3-715424884
TN,-17.922535,16.379892,-13.601374,-6.7299795,S1-953239075,S2-989729584
TN,29.485361,-13.855484,19.418402,-46.20398,S1-825764758,S2-738249782
TN,26.922182,-4.4658203,28.37386,-17.645725,S1-185115475,S2-241757682
TN,-21.96787,1.3390946,-23.179346,-36.679523,S1-466590749,S3-93206181
TN,44.627533,11.274926,23.13122,-73.27181,S1-360256673,S3-861817781
TN,5.841057,-28.096472,20.311829,-43.832157,S1-117209434,S3-256627058
TN,-17.620798,-39.037785,14.231893,-8.168501,S1-449581454,S2-657344423
TN,10.431191,-49.96266,41.170776,12.983588,S1-603832355,S3-30731708
TN,10.269869,-55.541084,42.516136,-3.153057,S1-869591706,S3-310431533
TN,-22.39643,6.3504558,-33.15673,-43.853382,S1-988841876,S3-147298452
TN,7.305089,47.609623,-56.24859,-11.591011,S1-494573151,S2-269293377
TN,-48.05864,17.017353,-17.45847,32.86373,S1-20627574,S3-45206670
TN,26.383743,-2.3664277,20.841312,-52.341896,S1-117786755,S3-238156550
TN,1.2333786,1.5346749,24.818356,-71.686554,S1-401478320,S3-54769432
TN,45.935734,10.281695,23.882753,-71.51267,S1-359179375,S2-857128131
TN,5.9728746,-45.160603,56.96969,1.5442263,S1-929995703,S2-184513469
TN,-13.18721,24.428316,-31.099796,-13.394571,S1-556530188,S3-283606396
TN,20.688784,-55.265255,86.79841,-0.49177182,S1-391155524,S2-334118800
TN,7.147413,46.89808,-22.413687,-47.247234,S1-994738318,S2-529322611
TP,52.64987,41.00136,3.808971,67.50592,S1-633343186,S3-178371780
TN,23.181417,-62.422604,68.97139,37.102123,S1-956938042,S2-398382060
TN,-8.011034,-25.661919,7.1963544,-45.81593,S1-388725369,S3-200979225
TN,-19.926239,-2.9167774,-31.951628,-39.692593,S1-830264848,S2-395293111
TN,-79.682076,21.296328,-49.449837,42.44521,S1-264224527,S3-448915913
TN,15.592587,-11.2204895,11.031349,-3.604205,S1-70466117,S3-52212207
TP,48.233234,25.479595,14.078652,37.857796,S1-729782615,S2-849188170
TN,15.415581,-16.16169,24.493233,2.42333,S1-578039402,S2-554025722
TN,-45.02772,-41.214283,-41.378613,10.862503,S1-656161777,S3-41640463
TN,8.376015,32.46347,-47.41293,-39.90175,S1-505964867,S3-175112694
TN,-10.672218,16.588829,-30.279484,-11.124845,S1-981674396,S3-768045400
TN,-15.989862,-40.66704,16.552502,-15.662347,S1-946820361,S2-666820589
TN,-47.404003,20.62601,-16.378513,35.812744,S1-22883825,S2-124918906
TN,60.738987,-20.507187,69.11848,-19.640396,S1-101516525,S3-854598506
TN,-43.86613,-39.332638,-48.481045,11.903942,S1-874455711,S3-997232679
TN,-12.611871,-5.9501,-42.940567,-40.990383,S1-555245725,S3-524241822
TN,50.447273,-7.4191113,44.246353,-60.516994,S1-689866764,S2-594584989
TN,-44.24385,-39.24455,-47.33003,5.4288993,S1-936607509,S3-834823425
TN,-54.098476,-29.680805,-23.366732,18.719746,S1-437638083,S3-520643638
TP,63.754826,23.608679,16.660046,45.429665,S1-23054683,S2-700328920
TN,-20.18498,-38.971275,17.074675,-11.618781,S1-96696310,S3-692746049
TN,-48.95867,1.44087,-16.772886,23.095274,S1-863374772,S3-345648644
TN,6.0789285,30.831827,-50.040886,-31.508314,S1-501077211,S2-596999151
TN,55.222683,-25.283493,74.13019,-19.664612,S1-883711051,S2-953633521
TN,-70.45503,8.059215,-21.86262,45.679108,S1-677107701,S3-620001985
TP,57.979027,19.279322,19.896038,33.037266,S1-383130316,S2-591812638
TP,69.049255,26.924442,9.846727,46.513065,S1-905566447,S2-125372483
TN,-29.074596,42.16421,-42.952076,8.531886,S1-306725675,S3-52063804
TN,18.335043,-3.8833609,25.020477,-12.470554,S1-691722969,S2-882493145
TP,56.87217,19.534012,18.690437,34.88725,S1-172420244,S3-580659397
TN,-17.14775,26.66773,-34.292248,8.292074,S1-850019522,S2-390350850
TN,-8.011212,27.849365,-15.819201,4.5960875,S1-641599969,S3-718579043
TN,33.180885,-29.987917,36.183784,32.828674,S1-905793054,S2-348396402
TN,-45.145596,-27.432497,-52.425667,11.048083,S1-961558207,S3-911991887
TN,50.14089,-28.481619,44.822636,12.30081,S1-366926393,S2-591003148
TN,6.954539,-10.445434,5.7273393,-20.794958,S1-335830286,S3-952299067
TN,5.6826653,32.14575,-51.73485,-32.866726,S1-830044415,S3-323274276
TN,-25.942257,13.251654,-22.756666,-14.79135,S1-997265084,S2-985298293
TN,-68.87017,20.691809,-4.7083354,8.175907,S1-11120410,S2-751520767
TN,-35.201927,-16.58537,-9.489756,-40.425064,S1-8140203,S3-470293076
TN,21.721277,-7.1357512,21.9183,-20.002691,S1-785728003,S2-810372074
TN,63.980762,-23.66955,48.274136,-26.34401,S1-83158823,S3-901949827
TN,-47.444675,-20.913765,-13.55428,-47.548782,S1-503807327,S3-683258912
TN,21.670547,-59.330605,80.564476,0.5054491,S1-13953282,S2-114778416
TN,8.378553,-13.926284,15.322107,-1.0168374,S1-877311832,S2-998480328
TN,-44.721073,-40.213135,-42.954094,-2.4541638,S1-909285849,S3-283084323
TN,-49.675117,-28.904722,-31.753103,14.837422,S1-639849761,S2-712276857
TN,-6.873877,10.382585,-46.250957,-35.274998,S1-585368914,S2-636883093
TN,-0.3895617,-47.762234,49.869877,-8.884177,S1-67870526,S2-70886523
TN,4.1028223,-41.876175,46.22786,-12.885828,S1-143762578,S2-693657085
TN,-50.654984,-0.9125055,-21.317745,-13.956701,S1-236189378,S2-31816341
TN,-31.030237,11.002941,-35.856197,-10.938874,S1-733014910,S2-996920410
TN,-29.762852,-14.100397,-54.530167,36.740295,S1-356946355,S2-331591974
TN,11.4435,52.354992,-63.934853,-15.530682,S1-631889533,S3-817284715
TN,-61.376865,14.7852545,15.375973,5.1676507,S1-582789547,S3-851631221
TN,-24.707722,25.89247,-9.001923,5.284914,S1-222978805,S2-178648387
TN,2.5156808,-62.84727,51.648594,-30.256601,S1-264774276,S2-949825642
TN,-36.976143,-29.648783,-42.935402,-1.0156543,S1-574188393,S3-482276351
TN,-11.615124,-14.6374445,-47.240143,-40.181786,S1-668844844,S2-439939310
TN,-38.849194,-28.726152,-42.920616,-18.936388,S1-189067705,S3-848064281
TN,2.732306,23.478413,-46.189484,-35.15801,S1-145135078,S3-752458286
TN,13.427524,-22.43427,11.927362,-19.938326,S1-188624563,S3-366868379
TN,29.65429,11.087845,15.044655,19.289492,S1-600007092,S2-317924367
TP,49.088696,34.04954,6.080359,38.861504,S1-573787364,S3-652303051
TN,10.972711,-32.00287,21.66391,-34.34758,S1-528255352,S2-437495635
TN,-49.425648,-33.56335,-20.825724,19.434725,S1-439846483,S3-372037205
TN,-18.12024,37.815403,-3.6665585,5.0736537,S1-413727695,S2-106523063
TN,-28.413584,5.4108505,-32.254406,-43.54673,S1-556631465,S2-477786199
TN,-28.185236,27.245268,-11.329086,1.4649521,S1-890851234,S2-583237116
TN,9.7174425,-10.469818,5.2073197,-16.306545,S1-606978213,S2-742800741
TN,6.944573,30.81735,-52.216297,-32.346138,S1-853144940,S3-378489737
TN,-23.479292,1.1538204,-14.413454,-34.19493,S1-505802462,S3-883004584
TN,-23.599224,-1.9602634,-12.2321,-31.061958,S1-2932790,S3-827731232
TN,8.236861,40.08615,-65.239624,-7.490766,S1-418941759,S3-561705079
TN,14.050862,-6.1541696,1.6773627,-16.6071,S1-40946206,S2-87925601
TN,-13.336114,-33.700665,13.258963,-47.791866,S1-525824873,S2-803211676
TN,-47.72025,-22.984407,-17.70782,-40.07183,S1-682579396,S2-153677109
TN,-67.494995,30.562971,-31.778227,57.669228,S1-759579472,S3-495037409
TN,0.47356474,35.96716,-53.345528,-10.737573,S1-300047326,S2-884314642
TN,21.916216,40.620983,-23.663462,-48.791523,S1-815298587,S3-251582445
TN,3.4818528,-11.841122,13.939201,-7.9305573,S1-971546154,S2-108558990
TN,-7.8014417,7.4132013,-37.865143,22.504747,S1-400682327,S2-118772074
TP,49.947365,12.567615,31.072199,-71.13736,S1-145168730,S2-342176892
TN,1.4276919,-43.391685,49.868053,-9.436268,S1-932708768,S2-331489899
TN,23.511879,-30.250256,65.34367,11.943798,S1-516680392,S3-72472577
TN,28.792744,-59.056656,57.559734,35.45756,S1-139975779,S3-708339634
TN,20.77163,-7.847807,22.257696,-17.615181,S1-242978409,S2-281584910
TN,25.924828,-38.502613,74.89319,15.704504,S1-85816400,S2-804755165
TN,-6.1354427,-22.668222,3.3278303,-41.030903,S1-317074413,S2-376931476
TN,-22.407299,-0.8230539,-14.139029,-35.606136,S1-681662713,S2-351713339
TN,-8.899963,12.42809,-34.851913,16.840765,S1-742027221,S2-585028242
TP,56.747025,30.341228,7.917604,52.29481,S1-625866021,S2-870188276
TN,59.335724,-22.665476,70.8681,-17.474878,S1-709460300,S3-708650801
TN,9.145223,-52.993057,49.455387,-7.4600034,S1-169414581,S2-925903996
TN,-17.554745,29.79208,-37.25815,-4.6009307,S1-755984093,S2-204436785
TN,-50.72885,-31.453213,-21.103582,21.441547,S1-337637369,S2-698721645
TN,-7.0585575,20.789219,-33.233295,13.297756,S1-883252031,S2-967087477
TN,17.295704,29.05503,-54.02586,-33.975597,S1-432133490,S3-217249030
TN,-19.549244,-39.442154,16.33848,-7.567635,S1-28485931,S2-633077879
TN,27.598698,-52.97257,68.40933,35.47715,S1-651036926,S2-786011337
TP,66.661766,24.982866,12.760295,51.47613,S1-672623623,S2-170141561
TN,-59.020134,30.374012,-32.849827,45.188774,S1-558185086,S2-384827506
TN,2.3691556,16.842094,-49.022266,-37.35526,S1-607450945,S2-693019560
TN,-1.4073924,28.339249,-15.810883,3.431207,S1-380862831,S3-839511831
TN,6.8466434,30.725212,-52.02241,-32.375015,S1-568612041,S3-249634803
TN,-65.01972,17.197086,-27.130339,51.552135,S1-582009797,S2-550878401
TN,9.026535,36.517128,-65.66358,-7.4097676,S1-524084751,S3-211515645
TN,14.229789,38.14803,-69.372086,-6.920754,S1-938294080,S3-280995997
TN,49.713074,-18.63795,37.75428,28.902754,S1-349390513,S2-11888164
TN,23.528597,45.754066,-20.45171,-49.851513,S1-448383234,S3-624102366
TN,-59.1487,27.668959,-25.524807,45.751366,S1-313658060,S3-897859131
TN,-24.515371,3.6275878,-12.215925,-34.357147,S1-53266804,S2-875822933
TN,-30.67948,6.589902,-14.592234,-41.081924,S1-946260019,S2-937476624
TP,47.797127,23.277056,9.093527,35.176727,S1-546670140,S2-30864407
TN,-30.133106,-13.211194,-53.902866,35.601597,S1-683847537,S3-777552802
TN,24.147015,-66.039604,90.13928,3.3757071,S1-666800614,S2-131583322
TN,-5.8319235,-23.622814,5.757734,-39.94435,S1-811904389,S3-648904726
TN,-36.06642,-4.096236,-11.1856165,34.544518,S1-71095649,S3-464863325
TN,10.094897,-32.44945,21.414347,-35.74471,S1-584274622,S3-754000189
TN,23.192541,-57.897152,58.824486,36.701508,S1-6366150,S3-466219104
TN,-18.232346,15.193944,-12.815771,-8.2185955,S1-748637529,S2-520499137
TN,-11.736236,12.950454,-31.290157,-24.058178,S1-512119413,S2-655474367
TN,13.753359,-61.878075,40.525303,-0.55692375,S1-340782969,S2-511785507
TN,-11.18035,51.55442,-53.922153,-6.7283545,S1-245067969,S2-547747692
TN,-2.7164795,33.08561,-40.18299,-7.309925,S1-825752099,S2-573473879
TN,-25.204369,65.16612,0.4180501,70.84683,S1-912695103,S2-705605295
TN,-30.938421,35.603283,-15.027245,17.845566,S1-720503063,S3-153781603
TP,61.83872,27.121445,12.155048,53.479797,S1-826368200,S3-9669906
TN,10.545519,53.208233,-64.64857,-15.955508,S1-696898680,S3-724667400
TN,-27.680521,17.499727,-39.130424,1.0501199,S1-723410637,S2-649463767
TN,-50.578465,-26.64625,-29.624317,13.231835,S1-352148838,S3-813286401
TN,-28.069838,18.431593,-31.746483,22.204332,S1-444605365,S2-81061253
TN,-43.817074,-31.12863,-29.373405,-15.553878,S1-744144340,S3-259959080
TN,48.783836,-25.218424,45.480927,13.42886,S1-532934978,S3-462242816
TN,-62.20226,24.24804,-21.639084,54.3679,S1-121177756,S3-9917166
TN,-7.0462074,-21.88214,5.565948,-40.06359,S1-908034346,S3-700708402
TN,29.816822,15.189919,9.861631,22.511042,S1-2813428,S3-502674581
TP,57.99305,19.400398,18.444555,31.863844,S1-14856560,S2-364970821
TN,-0.31110483,-8.8893585,15.282031,1.5014081,S1-584702967,S2-764450330
TN,6.033975,-29.869183,21.893679,-44.26299,S1-156946646,S3-406990753
TN,-40.84186,-36.767715,-29.417997,-24.778814,S1-658104950,S2-505337864
TN,-30.200891,40.56513,-42.841583,14.321681,S1-304681721,S3-7391718
TN,-5.845285,27.84075,-1.1288855,-4.3172374,S1-738811034,S2-821463787
TN,28.141386,-0.8726314,21.501167,-16.15366,S1-101616070,S3-808178952
TN,24.903135,-46.36923,34.155533,59.418297,S1-661091544,S3-484004526
TN,23.749258,-37.90375,24.79375,-11.280935,S1-303819070,S2-219798219
TN,-12.813164,20.740152,-26.225441,-19.622526,S1-517432082,S3-169482995
TN,7.465334,40.617573,-65.342804,-8.911302,S1-463773692,S3-293484518
TN,-4.5393786,-25.654922,6.7787833,-45.076687,S1-28664960,S3-369953365
TN,-0.11530836,-47.48338,51.80506,-10.10581,S1-879464361,S3-397824278
TN,31.860569,16.627289,11.777902,30.77726,S1-756111861,S3-72540801
TN,-19.19967,45.916046,-21.254477,24.300768,S1-616998201,S2-512722677
TN,-51.554386,25.848274,-43.517162,52.50509,S1-564949375,S2-617857239
TN,-22.657263,2.833523,-14.688908,-33.28993,S1-633263017,S3-199956758
TN,-12.608182,10.252616,-37.405205,9.6971445,S1-522370658,S2-798975522
TN,10.966204,-12.196779,17.582186,-11.243776,S1-883699857,S3-146017043
TN,-35.246857,-9.119356,-7.805984,-39.97249,S1-990066415,S2-644860921
TN,23.277807,-30.937998,64.95228,13.448823,S1-108456867,S2-618112612
TN,-62.58005,30.072716,-40.366695,57.892612,S1-646433157,S3-790283025
TN,-22.292395,-1.3831327,-23.356712,-40.13353,S1-946260019,S3-249319737
TN,-0.60652494,-61.85685,46.944386,-35.179234,S1-345527275,S2-811111442
TN,29.361393,-68.17101,71.89411,27.819574,S1-448953893,S3-559334336
TN,19.903648,-51.97893,40.041603,2.0752997,S1-485801353,S3-173543380
TN,56.44721,-16.460917,67.97257,-18.31473,S1-563214495,S3-755118507
TP,56.517353,30.610275,7.765623,52.336655,S1-765202568,S2-342577466
TN,36.674107,-31.29512,37.073193,31.961723,S1-892663716,S3-211234252
TN,-1.1049778,-12.506291,15.202235,-10.69054,S1-244133915,S3-377873070
TN,-4.8393893,-28.791395,10.229348,-44.570442,S1-861812172,S3-936283115
TN,-25.95551,63.668583,1.0084755,71.69497,S1-813367354,S3-777660221
TP,59.409073,19.242908,17.702969,44.345074,S1-445777861,S3-581816512
TN,-49.095993,-30.673218,-32.500134,16.39194,S1-717780741,S2-796274523
TN,-63.784115,19.92266,-41.5874,53.156967,S1-76670019,S2-458838649
TN,8.84415,-14.837431,18.516653,-10.539343,S1-961404088,S2-263059524
TN,2.2568328,18.917746,-51.162373,14.606748,S1-388518252,S3-374886547
TN,-3.4518425,31.748867,-39.331932,-8.672933,S1-626333151,S2-344281994
TN,1.912041,-39.141205,47.747364,-14.037205,S1-793580530,S3-820213026
TN,2.0306144,-65.0271,49.211525,-27.855501,S1-660188899,S3-16052127
TN,-65.11637,22.199736,-27.31827,46.846233,S1-16967074,S3-550097129
TN,57.329605,-18.625885,73.18081,12.031546,S1-675430100,S3-505668875
TN,-5.424291,-28.916462,10.399722,-44.41934,S1-176749853,S3-674804397
TN,18.826097,48.335957,-22.530937,-44.425266,S1-632217740,S2-8638092
TN,-25.258125,21.020767,-21.517641,18.42686,S1-8397778,S3-992025206
TN,-24.609154,64.50293,0.27621955,71.34986,S1-725477840,S3-693827544
TN,2.8911307,-0.5354855,15.280136,-5.8413,S1-988778251,S2-984076606
TN,5.1833005,-51.214073,61.12724,2.8586338,S1-372854551,S2-259715792
TN,-36.510384,-35.489864,-49.089733,-35.540306,S1-241888200,S2-11864505
TN,51.50576,4.86802,34.665386,-69.74385,S1-469908605,S3-869462711
TN,-23.344152,-18.042818,12.830876,-24.890133,S1-72039349,S3-669732055
TN,0.7807437,24.012936,-48.37682,-36.58041,S1-900572426,S3-73979520
TN,53.10451,-29.579592,59.484188,-5.0715632,S1-320314102,S3-889186318
TN,19.55411,-8.50235,19.121193,-18.36816,S1-672563163,S3-493182564
TN,32.94352,-57.412216,81.20576,-6.293128,S1-716207046,S3-842368714
TN,30.251797,-55.566227,61.468334,36.972694,S1-730507268,S3-991531862
TN,1.8843032,-24.010494,20.101324,-50.79639,S1-198175644,S3-214175216
TN,-67.51241,31.159357,-32.081642,58.5672,S1-454758497,S3-288709903
TN,30.76957,-56.080112,80.32335,-6.8826637,S1-729782615,S3-184073607
TN,19.702911,-19.665487,26.866253,3.3283544,S1-773687577,S2-569062996
TN,38.850216,-32.931637,35.760925,32.88827,S1-861214297,S2-29544081
TN,14.387723,-47.641464,45.28022,6.542649,S1-234397245,S3-842364683
TN,-28.681923,-16.197731,-55.422855,35.212543,S1-316329017,S3-588832393
TN,4.125683,-5.8758593,6.577528,-21.09241,S1-875205164,S3-872443
TN,-15.927499,-56.78754,35.979435,-34.758167,S1-65315123,S2-112548937
TN,-0.12222067,-64.95119,49.87396,-30.722591,S1-669827441,S3-198187810
TP,-36.891354,51.497017,-8.175423,29.39592,S1-538963915,S2-648741840
TN,-54.77413,-29.678194,-11.504474,29.865126,S1-912710497,S2-992682133
TN,-15.802463,-6.479057,-45.88423,-42.216103,S1-598681273,S3-968316013
TN,-32.60945,38.983692,-25.782282,-33.99874,S1-748614229,S2-35023953
TN,19.856236,-62.848637,79.43293,0.71413195,S1-942221228,S2-565251405
TN,9.831203,48.099888,-62.67806,-3.607312,S1-986946821,S2-984411854
TN,-0.66549504,-51.622044,51.93599,-10.470705,S1-271420231,S3-669077424
TN,26.236319,-64.91183,81.085526,1.7846293,S1-392042901,S2-357025177
TN,16.72007,34.918972,-67.08764,2.8606389,S1-364987845,S2-748596861
TN,26.946009,-8.213856,26.736252,-13.933129,S1-615706303,S2-844330143
TN,-1.383599,13.567857,-46.72225,-34.38591,S1-30754008,S3-890875782
TN,-14.491453,26.313837,-52.879536,7.1683464,S1-893949591,S3-906825858
TN,33.121258,-33.160023,37.9862,33.58217,S1-524214815,S2-602236786
TN,26.636118,-28.087387,31.603266,26.334608,S1-516680392,S2-844922632
TN,4.287232,-30.094814,20.324732,-39.38217,S1-29728733,S2-771274660
TN,-4.428329,23.21376,-51.695724,14.60703,S1-316666247,S3-817666907
TN,13.832962,-22.636576,18.03307,-14.745332,S1-429584774,S3-888669861
TN,29.123398,-27.121962,31.271357,27.887262,S1-144732418,S2-647107683
TN,25.75962,-29.361452,65.64636,12.656151,S1-868827958,S3-500697554
TN,-20.626724,20.48301,-10.303735,8.114826,S1-453745775,S2-77992218
TN,-21.236942,-39.744125,11.808248,-9.12279,S1-873555896,S3-125376214
TN,-37.94395,47.96859,-16.174831,31.613907,S1-657744760,S3-423913923
TN,-7.1684875,-17.95328,12.16116,-39.263607,S1-597849048,S3-825995968
TN,-18.760838,9.454852,-27.960537,-11.185673,S1-250809693,S2-643417193
TN,3.6772137,-3.366305,15.150251,1.2003385,S1-177359158,S2-388534502
TN,-50.669384,-28.398535,-28.361116,13.321033,S1-930067931,S3-437224380
TN,-21.24302,-42.121777,25.027447,-2.4800355,S1-239138138,S3-11308019
TN,-7.38694,10.814055,-14.510554,1.895668,S1-485100425,S2-839676121
TN,-33.33622,40.0986,-20.561537,-18.464493,S1-465208246,S2-788804588
TN,-0.02769075,29.406527,-44.761936,-2.9667165,S1-440500665,S3-772690097
TN,10.813051,1.0098705,23.549433,-0.18179321,S1-687638547,S2-933111765
TN,0.78820413,21.226742,-53.341713,15.83602,S1-214611632,S3-387947302
TN,-28.484793,41.097427,-39.73689,17.588385,S1-97806724,S2-950016629
TN,-29.561787,19.781939,-13.611527,11.023253,S1-821155365,S2-479642378
TN,22.006945,44.071915,-20.50927,-48.910107,S1-909154891,S2-800237271
TN,14.568706,39.627495,-55.134075,-33.004955,S1-473201842,S2-817438474
TN,-3.423038,-29.357542,14.73838,-45.799763,S1-739683238,S2-92227775
TN,-17.770529,14.455389,-12.194671,-5.2041054,S1-155113413,S2-597859899
TN,58.208195,-24.56494,77.08421,-19.716778,S1-553240513,S2-725061318
TN,-63.603275,17.99844,-24.17088,49.70049,S1-340526164,S2-756113846
TN,1.26299,-31.936152,15.475929,-46.851376,S1-338088883,S3-360778673
TN,-5.6263723,7.467102,-19.828218,-30.212957,S1-719923275,S2-338923753
TN,14.182691,47.098988,-71.50372,-2.0365229,S1-970114264,S2-115273590
TN,-3.1125586,26.288404,-42.77715,7.083243,S1-624789766,S3-381890159
TN,1.037142,-46.50725,51.52724,-10.684055,S1-810689588,S3-227817965
TN,-16.947495,-30.618383,7.2580676,-50.54614,S1-175562486,S2-495391497
TN,-31.947977,2.94345,-32.996906,-42.066437,S1-794121834,S2-134919073
TN,11.227978,-44.542088,44.713764,9.688622,S1-89825399,S3-873130675
TN,37.3523,-35.29988,36.382282,31.87975,S1-427670877,S3-701808860
TN,-11.620678,34.674095,-41.130875,-19.750593,S1-539543169,S3-724644572
TN,27.079449,-5.763688,27.773125,-17.798372,S1-386342225,S2-544649489
TN,-17.53493,22.95638,-28.320255,-13.547184,S1-34311472,S2-987297736
TN,-9.3868065,17.70293,-48.78124,13.247112,S1-592404064,S3-616856517
TN,31.21527,-53.482838,57.184708,32.261284,S1-13316407,S3-889717165
TN,-15.535786,25.472794,-29.055042,-30.775726,S1-202435923,S2-815374503
TN,-4.3405037,39.883083,-1.4868209,-3.7153587,S1-934729163,S2-697305292
TP,44.642998,34.62699,-0.6164078,32.28347,S1-463091693,S2-208698525
TN,28.334509,-72.76895,88.70674,5.6613574,S1-281901145,S2-61643624
TN,18.10116,-1.5135015,24.709158,-19.652945,S1-914716269,S3-806744516
TP,44.07702,37.69833,5.0397387,48.933865,S1-327722768,S2-493556920
TN,-20.79683,11.862193,-29.788877,12.322302,S1-396876945,S3-569869243
TN,-5.680749,50.652397,-12.11996,20.626036,S1-877395477,S2-237490317
TN,13.148453,51.642902,-62.79063,-15.931382,S1-787051995,S2-609729598
TN,1.4169382,-54.344048,58.6772,-0.19129528,S1-729057212,S3-936882810
TN,29.759403,-39.37131,75.44174,14.203352,S1-917332033,S3-224960023
TN,22.24606,-58.53753,78.32054,-3.207624,S1-486506630,S3-541332689
TN,60.943645,-17.532976,75.18787,-24.246162,S1-354382572,S2-852109395
TN,-4.5026054,28.602285,-49.514645,-1.120055,S1-177424708,S2-654231611
TN,-14.548296,18.164562,-18.242706,5.15771,S1-704030515,S3-379247721
TN,-40.91246,18.878828,-9.718167,32.223038,S1-308470369,S3-520934729
TN,-13.683996,37.663635,-3.2172914,-6.975601,S1-402356298,S2-815384568
TN,12.19478,52.19347,-26.485994,-5.584956,S1-809870058,S2-124183717
TN,0.09745985,14.607457,-46.09475,-34.75131,S1-634812851,S3-127654078
TN,47.621563,-28.738302,43.99098,20.532795,S1-138684503,S2-21379430
TN,46.64211,4.14907,40.645096,-57.236393,S1-258542911,S3-90839001
TN,-2.1164708,-29.637499,15.30441,-44.55074,S1-677991820,S2-471730404
TN,5.142017,-1.6881732,26.355453,3.144156,S1-408278067,S3-298711356
TN,-0.4580067,-43.08645,49.40317,-10.812436,S1-267175232,S3-278962078
TN,29.235565,-54.365585,59.826153,31.43334,S1-674850405,S3-52357259
TN,-8.499483,10.114547,-37.171413,22.732296,S1-266307786,S2-549072138
TN,14.844058,52.037163,-65.82623,-14.287387,S1-221883793,S3-210953566
TN,33.34645,-32.35975,40.094017,31.252033,S1-150780677,S2-841709561
TP,63.294598,28.910984,11.492509,53.221992,S1-609143856,S2-645623235
TN,-3.5783436,-21.898695,3.1274192,-38.87308,S1-656477580,S2-363633819
TN,24.947407,-28.88039,29.975323,25.432737,S1-652772672,S3-44969719
TN,17.577536,-8.078594,21.196991,-21.373709,S1-954865465,S3-455340809
TN,2.2591047,-68.28548,48.679596,-25.312777,S1-720823218,S3-340951101
TN,-72.74582,11.737294,-42.652374,54.301178,S1-259504822,S2-186806582
TN,-48.092514,-2.3150449,-34.42326,3.6231909,S1-742320966,S2-885317966
TN,-67.583145,19.224197,-36.731014,45.705627,S1-755984093,S2-666444718
TN,21.233011,-63.7442,68.21374,37.573006,S1-755336146,S2-949575642
TN,-21.849953,18.69402,-11.57103,8.408711,S1-300808168,S2-767005141
TN,-62.659523,8.302383,-34.05165,49.71562,S1-129543844,S2-92304582
TN,43.80338,-14.601277,20.391323,35.641624,S1-135216208,S2-42029581
TN,-8.269077,20.50835,20.798918,-74.41451,S1-337947245,S3-794733091
TP,47.077988,34.319805,-2.7408493,34.60132,S1-736962725,S3-785747322
TN,26.925188,-66.53994,87.64515,3.3979032,S1-933992023,S2-535891294
TN,20.868608,-2.9062908,24.456064,-21.1692,S1-725002290,S3-283105697
TN,10.985806,-14.861961,9.376458,-3.5654337,S1-262969102,S2-536140144
TN,-51.988426,21.235022,-35.502262,51.73396,S1-516119982,S3-611356977
TN,55.522636,-28.320353,61.522892,-5.4317317,S1-449248515,S3-489709844
TN,20.638695,46.074184,-21.34768,-48.65826,S1-184454657,S2-208115121
TN,3.5418055,-10.722146,14.579707,-10.944812,S1-439610085,S3-735777277
TN,-29.455687,-10.298233,-54.457867,30.181797,S1-675015744,S3-313148322
TN,-23.401556,1.6889899,-21.472116,-38.2038,S1-959915870,S3-138607033
TN,-12.05657,11.967418,-35.944347,17.33929,S1-78762091,S2-150162409
TN,-8.24889,28.000086,-47.09611,4.791864,S1-60016767,S3-623655919
TN,-43.82296,-39.895767,-49.262337,15.330989,S1-287268260,S3-809657939
TP,67.79815,29.46059,10.696486,50.84819,S1-161443720,S2-448388284
TN,-27.608908,19.968441,-20.475704,22.265812,S1-722260016,S2-559306062
TN,48.88869,-12.9617195,38.63286,-68.41956,S1-534730772,S2-367942665
TN,-33.583817,43.28775,-33.84001,-17.32288,S1-517367132,S2-421700149
TN,-47.43643,-22.8855,-19.694134,-39.158737,S1-511034058,S2-587527987
TN,29.536644,-6.350121,27.522743,-18.742493,S1-813424968,S2-515723390
TN,-2.0822172,-48.047737,48.346428,-9.979635,S1-450855772,S2-652043239
TN,28.568256,11.4499855,12.103632,23.138216,S1-401976638,S3-347060351
TN,6.033244,38.15995,-61.75895,2.558423,S1-707571611,S2-379783159
TN,-22.167131,4.713979,-13.02737,-34.24997,S1-428996548,S2-31937591
TN,-52.029545,-0.96332395,-7.5508075,-3.8360674,S1-77478241,S3-624830004
TN,51.97241,-9.298058,45.79963,-61.37765,S1-654158677,S3-594772461
TN,17.941479,-33.323856,21.918615,-7.9175,S1-513326081,S3-619341003
TN,62.979443,-20.73246,77.589424,-19.571354,S1-161245165,S2-401941880
TN,4.0690045,-5.118436,12.854285,-12.646602,S1-640520943,S3-380163701
TP,40.85972,32.322006,1.9314426,23.921984,S1-244558412,S2-345231362
TN,35.03876,15.343085,14.610657,31.364101,S1-591368031,S3-798228463
TN,10.815298,-8.774795,5.8545365,-20.725557,S1-406116233,S3-416852994
TN,23.799387,-52.6995,88.85962,-2.5295124,S1-880886244,S3-990628928
TN,-42.114567,44.748302,-15.892856,-47.874184,S1-744344631,S3-368809880
TN,-33.467182,-16.426153,-51.181927,35.188347,S1-155593762,S2-423208497
TN,47.928852,2.0299056,35.48791,-54.105267,S1-200788411,S3-757730581
TN,-16.326456,-6.88619,-45.969074,-42.497925,S1-230604168,S3-365373804
TN,1.9901824,-13.086191,14.147848,-2.5722938,S1-737321895,S2-508251174
TN,-68.77601,32.341187,15.657288,5.5225763,S1-601043244,S3-745117575
TN,26.880482,-59.656616,57.273945,35.57715,S1-406807163,S3-812068764
TN,-30.137167,-30.888363,-43.62165,-43.84422,S1-63367299,S2-103893706
TN,-40.33959,-32.842083,-35.24576,23.614536,S1-230122348,S2-387407547
TN,30.502455,15.717773,14.347493,26.195396,S1-64803718,S3-150253817
TN,-46.228783,-36.140728,-43.56131,8.644827,S1-476080464,S3-27712002
TN,-49.559143,-5.841645,-50.85928,-30.305906,S1-666718754,S3-619588116
TP,63.85832,20.600588,16.279408,42.55942,S1-435226557,S3-224339170
TN,44.828655,-13.566399,15.950096,39.18962,S1-344325459,S3-227453578
TN,24.087751,-38.53787,21.60443,-11.519386,S1-69965215,S2-894342818
TN,11.777564,33.20333,-66.10638,-19.008724,S1-934950749,S2-582976555
TN,26.648262,-28.683403,30.623434,26.029144,S1-866342760,S2-108778208
TN,-73.27246,10.559128,-37.355724,43.272873,S1-754832147,S3-187590395
TN,29.149181,-47.7768,49.572716,25.673452,S1-992403121,S3-550391578
TN,4.9786153,-52.08855,61.038185,-0.5324435,S1-484849977,S3-922291568
TN,19.042141,-31.08324,16.806513,-41.87985,S1-334448466,S3-496930580
TN,-46.539074,-38.009235,-41.726368,6.3992424,S1-478198227,S3-74385243
TN,-23.278086,29.704813,-18.693335,22.481237,S1-93758602,S2-394261618
TN,6.4614325,40.567757,-60.818413,-6.9207506,S1-314629767,S3-348871269
TN,20.493444,-10.037273,21.27922,-18.766739,S1-496291958,S2-95488614
TN,-16.814507,14.84366,-12.674711,-4.115344,S1-87827111,S2-843153301
TN,3.2317648,44.69381,-59.178917,-10.076909,S1-938103796,S3-996627870
TP,56.88304,29.45185,14.500607,36.662403,S1-879571498,S2-246471417
TN,26.490705,-67.8064,89.348656,3.7842145,S1-544958918,S2-710855969
TN,23.213217,-45.527878,49.55561,23.86941,S1-719461311,S2-272988975
TN,-36.975437,-3.2556832,-13.224083,26.169203,S1-83724655,S2-742567493
TN,19.417927,-47.014008,46.999443,21.80311,S1-824307483,S3-219536342
TP,51.07462,34.65755,12.188898,41.493523,S1-576417488,S2-599123262
TN,3.9780183,48.83762,-66.768364,-7.658101,S1-46710514,S3-969579449
TN,8.732919,-4.3617244,11.50446,-13.332282,S1-681788186,S3-454417655
TN,-26.01611,64.23584,1.05375,71.31673,S1-475586280,S3-708978739
TP,53.373688,28.14403,6.915636,41.953835,S1-706816162,S3-36647004
TN,-1.6415573,-21.55613,20.869974,-48.722404,S1-148091996,S3-688825082
TN,-12.355438,15.997993,-21.471428,16.263243,S1-912960373,S3-838636590
TN,2.7372832,13.149226,-46.916428,-35.529823,S1-368154531,S2-981021344
TN,36.043922,-33.517776,39.76501,37.43831,S1-783216628,S3-110755972
TN,53.690914,-21.473545,44.49345,22.760015,S1-754590982,S3-503327502
TN,-5.5519705,16.070948,-16.919333,4.122101,S1-538642476,S3-35954432
TN,27.372313,11.209243,-10.054445,-23.457945,S1-934821803,S2-234881483
TN,-50.193604,-22.529802,-17.396677,-47.188984,S1-543196974,S3-883419717
TN,-46.066257,-32.007164,-30.627916,-23.21908,S1-14900356,S2-811554924
TN,-38.844696,-30.95447,-46.920486,3.4583132,S1-661107499,S3-467255816
TN,0.20622727,-5.7333326,22.802809,-73.45762,S1-972070943,S3-283181418
TP,60.676723,30.766369,20.994131,46.452515,S1-373497169,S2-265975986
TN,4.464358,50.37694,-56.971157,-18.973598,S1-30515172,S2-339817323
TN,-52.527054,20.376228,-18.975018,35.452545,S1-328850226,S2-960165549
TN,10.550829,18.58608,-38.426044,-15.08748,S1-778735469,S2-30820935
TN,-30.481802,11.693867,-22.252583,-13.986589,S1-721018821,S2-851505403
TN,-22.487795,34.47302,-4.6188917,10.353023,S1-757495981,S2-40859772
TN,-70.734276,10.478114,-25.786337,45.571575,S1-493210808,S3-565018470
TN,-40.835205,21.52552,-4.4604273,28.372337,S1-752466919,S3-972354849
TN,-62.57813,18.15648,-23.65921,52.303272,S1-121177756,S2-447637104
TN,-28.119167,-30.558289,-45.828323,-42.18431,S1-493210808,S3-570202433
TN,21.141226,-2.8744574,28.476301,-20.491133,S1-725002290,S2-174923743
TN,-79.20131,21.89586,-48.69596,41.921772,S1-216717757,S3-885813416
TN,-15.167146,18.611032,-17.539852,-7.561418,S1-708315806,S3-895921544
TN,-27.41515,38.93323,-42.650585,-5.959405,S1-783040210,S3-533990436
TN,-27.50103,-10.148814,-55.130577,30.140772,S1-982312919,S3-473051755
TN,-0.2863635,-26.235939,7.416971,-37.676632,S1-96048859,S2-935588611
TN,14.068593,-42.074436,41.266808,13.070152,S1-52834397,S2-832852701
TN,33.57208,-64.71113,82.21641,-5.2418346,S1-253161445,S3-880426469
TN,23.770615,-48.68881,49.643974,23.70828,S1-56774565,S2-835138145
TN,-40.256905,15.439121,-12.302995,28.869286,S1-35323686,S2-979707233
TN,-32.491837,-12.16335,-50.818783,32.252327,S1-915501344,S2-75829037
TN,-54.425537,-0.79396343,-56.310112,-3.3088017,S1-4457467,S2-671546047
TN,10.094615,-5.9424458,-33.123955,-32.461063,S1-709137439,S2-446046680
TN,-65.99031,25.074,-17.226997,48.28869,S1-446547964,S3-552272282
TN,15.808768,14.284875,33.52866,62.418644,S1-662586763,S3-233193921
TN,-43.873577,-40.980057,-50.135597,18.203764,S1-516675664,S3-567494593
TN,28.699827,-38.469475,72.56723,19.092812,S1-151430036,S3-891940842
TN,-9.811349,2.3417742,-39.62735,11.264459,S1-979611232,S3-506001657
TN,32.330986,-43.798832,72.63157,19.385195,S1-988506674,S3-112078632
TN,16.100288,37.391785,-61.697758,-2.748951,S1-934245718,S2-849391832
TN,6.6476746,-13.221975,12.996632,0.7223928,S1-810921204,S3-189145850
TN,-50.365646,-3.3609653,-36.74173,-17.86777,S1-545402379,S2-81810616
TN,-5.2825913,33.429646,-6.2381163,2.1577406,S1-414386138,S3-388034022
TN,8.6121645,46.54952,-24.015247,-46.797222,S1-352713322,S2-934556359
TN,-1.3981783,38.974552,-52.77046,-28.108118,S1-615259007,S2-83297688
TN,-14.666432,11.202825,-12.556816,4.8068852,S1-896044672,S2-172580578
TN,-11.773366,35.217175,-41.038204,-18.50524,S1-730576100,S3-809344079
TN,35.725506,-27.67496,24.967644,-0.58000994,S1-600065453,S3-894797147
TN,24.483133,-49.401382,46.9592,18.556591,S1-577919170,S2-854035257
TP,39.139465,32.49937,1.9089211,31.7655,S1-767412265,S2-26562892
TN,14.470305,41.891777,-68.313126,-20.432276,S1-916272771,S2-253013999
TN,-13.457548,47.013485,-59.12034,-7.7485356,S1-423907754,S3-779179042
TN,15.412787,-10.939905,9.067943,-20.069218,S1-839213710,S3-18277355
TN,26.871313,-55.840843,59.377556,33.351593,S1-588595844,S3-34330500
TN,49.291683,-18.068071,36.79976,29.515465,S1-19312191,S2-976774056
TN,13.171421,43.54494,-65.924194,-0.3073649,S1-524464273,S2-339129913
TN,-73.306816,11.221909,-35.622036,46.89964,S1-370604541,S3-976854044
TN,14.3311,48.640762,-67.00771,-19.224699,S1-244808576,S2-838730695
TP,65.522575,22.332037,16.546543,44.794617,S1-460373266,S2-520540993
TN,-0.14292763,-9.264613,13.824735,1.8677562,S1-730490250,S3-766822341
TN,-14.111573,-5.4254904,-43.361477,-40.96781,S1-372854551,S2-356204542
TN,48.40145,-10.85652,43.894886,-62.39148,S1-942347488,S3-759466143
TN,5.777015,-11.795003,7.1938024,-19.42856,S1-669812772,S3-256075970
TP,54.838062,29.372677,10.604335,38.58393,S1-384200442,S3-648914229
TN,-66.82021,19.691217,-34.649464,44.337143,S1-230545735,S2-889960390
TN,-25.128027,-10.137328,-58.205246,36.504776,S1-956846777,S2-635021127
TN,-7.679971,-29.808584,8.628645,-42.80605,S1-205510310,S3-812937630
TN,51.201298,-10.638908,44.721924,-58.663948,S1-575969358,S2-163807226
TN,-70.93657,12.915859,-35.566948,45.286747,S1-972247010,S2-185284448
TN,-20.718203,-20.807123,11.000739,-33.701637,S1-929995703,S2-20588586
TN,-13.989632,39.654903,-13.087016,-7.4729424,S1-108170382,S2-229562138
TN,-17.722593,15.387544,-13.604558,-6.881103,S1-133514192,S2-360132913
TN,-11.0261545,8.573403,-33.538914,21.284111,S1-265297911,S2-396099058
TP,43.60911,34.572586,2.611626,28.334217,S1-470714960,S3-103467571
TN,8.271563,21.582432,-11.627067,-1.2396989,S1-364295458,S2-448154505
TN,10.809284,-56.46035,42.092762,-3.1515837,S1-993970451,S3-829036513
TN,10.8762665,49.34594,-66.576485,-18.737223,S1-446414482,S2-199710471
TN,0.24614277,-29.876566,50.136223,-13.163017,S1-490777458,S2-469934695
TN,23.333605,-60.232895,69.2944,35.955463,S1-895728771,S2-600234977
TN,49.49197,-18.508694,37.723267,28.915894,S1-751423759,S2-744496112
TN,30.773098,-39.61287,76.204124,14.242784,S1-166642097,S3-607667031
TN,23.820986,-5.093502,28.959429,-15.09156,S1-279718509,S3-136818052
TN,-28.635914,41.58995,-38.903793,-5.452447,S1-320245808,S2-251533843
TN,-61.10855,24.83478,-25.4001,53.939835,S1-376584707,S3-907640101
TP,60.457928,17.983967,16.599297,32.0436,S1-357284043,S3-930498142
TN,-5.994539,-28.297949,5.4584565,-37.39756,S1-406284173,S2-637939077
TP,39.99879,30.94763,2.9022548,23.037872,S1-642144862,S3-44116338
TN,-16.245068,-58.05357,36.031643,-34.620975,S1-70285791,S3-522595590
TN,3.8953767,37.869164,-63.093964,-3.6013808,S1-212284436,S2-721750007
TN,9.087981,45.17927,-68.974434,1.0692327,S1-290014863,S2-180348348
TN,-13.177243,46.84159,-58.88868,-8.077151,S1-342159522,S3-320963239
TN,29.486206,-59.640854,80.429924,-3.5923026,S1-808449838,S3-403613010
TN,-0.44270134,-67.46784,48.65969,-25.407436,S1-632315252,S3-289878342
TN,-26.574392,19.07606,-32.97159,3.5631938,S1-460075197,S2-125338631
TN,-12.887573,-32.784153,14.697807,-45.179146,S1-211146303,S2-63901706
TN,46.434402,-0.06057191,39.855247,-62.260757,S1-538890746,S3-129284963
TN,-14.7121315,34.130642,-33.800007,-19.347208,S1-155113413,S2-944274539
TN,23.946012,-60.12258,67.24,36.509415,S1-594216246,S2-427809926
TN,-6.4355187,37.93611,-0.16813451,3.7238708,S1-22202504,S2-900449752
TN,-12.790631,18.25324,-17.307055,-4.38416,S1-734537761,S3-442723599
TN,-2.3993704,8.64168,-38.668797,18.64582,S1-310546332,S2-854774550
TN,-27.274717,-12.839432,-53.67308,30.496069,S1-169406894,S3-341729945
TN,-57.827488,21.212933,-27.871103,44.819126,S1-578745095,S3-489989610
TN,30.913834,-63.54582,90.64533,-1.2848094,S1-68486878,S3-304709888
TN,25.296782,41.201687,-11.862103,-31.955261,S1-980262207,S2-700164859
TP,62.15346,27.094322,12.702555,52.901676,S1-522368472,S3-982587277
TN,-10.351675,7.0665164,-36.909348,21.164972,S1-238725002,S2-181444986
TN,-1.3805367,-50.263695,51.74175,-10.523224,S1-741003661,S3-29640813
TN,-12.707999,10.51537,-33.594456,15.595026,S1-47425483,S2-512547060
TN,2.2775753,15.216904,-28.39143,-21.222797,S1-327324046,S3-472876066
TN,8.774081,-46.327587,57.083294,0.48486212,S1-445251793,S2-914795752
TN,52.84632,4.4495573,33.59595,-68.68553,S1-599244719,S2-307916112
TN,34.601944,14.533737,19.96576,30.957989,S1-399033575,S3-911417601
TN,15.447666,-60.490383,40.35161,-1.6959685,S1-60351288,S2-634326082
TN,12.411549,50.541595,-66.09467,-4.6599584,S1-36683808,S3-921359743
TN,-1.5557749,50.643345,-55.967583,-12.999612,S1-522658035,S2-550552404
TP,56.50982,22.350021,14.763217,50.3561,S1-8296716,S2-954689632
TN,-41.042133,19.376701,-10.488562,29.715372,S1-912710497,S3-392807402
TN,7.8120794,-46.013325,58.26606,-0.41222924,S1-542256280,S3-719459236
TN,14.280644,-46.206375,50.633457,-10.049523,S1-127713012,S3-403288212
TN,-18.455227,29.994106,-38.190315,-6.3450465,S1-612331609,S2-547479743
TN,7.6352577,-0.57749075,23.617004,-73.59297,S1-769982641,S3-39653205
TP,48.814693,21.021719,15.872509,27.682652,S1-297927264,S2-215899998
TN,-54.441757,20.183668,-19.086855,35.80256,S1-850078329,S2-859549086
TN,4.371518,-30.005716,15.815343,-44.59049,S1-917345547,S2-722292535
TN,21.783909,-61.89275,68.2269,36.340183,S1-419136911,S2-896835877
TN,-40.799126,25.303993,2.146306,69.75593,S1-897926130,S2-377157922
TN,-31.362984,3.2532363,-10.770486,-30.735384,S1-980049374,S2-193276877
TN,22.083605,-60.5527,81.17469,1.1811701,S1-299973194,S2-362443440
TP,63.844387,29.42378,8.409759,45.37112,S1-197408671,S2-519443828
TN,-35.93518,-35.19369,-40.371586,-20.084305,S1-652275614,S3-206291962
TN,41.993336,4.0684047,26.53595,-0.12367737,S1-616998201,S2-646245892
TN,-68.13017,31.203068,-31.421211,57.30131,S1-222722783,S3-479317874
TN,-33.274418,-10.662706,-14.512191,-14.403626,S1-822159135,S2-943365008
TN,-66.94154,29.34,-31.341866,55.04753,S1-793240681,S3-738332279
TN,23.745316,-72.81485,25.756947,13.47467,S1-571369104,S2-786203474
TN,26.82624,-4.5280256,28.046421,-19.141024,S1-959169846,S2-848529664
TN,-17.799204,38.49192,-3.2940035,2.7350013,S1-32431611,S2-25797958
TN,-55.097965,-2.5303273,-61.501064,-8.977029,S1-134273559,S3-853773398
TN,-34.853302,42.583206,-32.356537,13.193403,S1-887472899,S2-653746961
TN,27.056059,-51.621853,80.66315,-7.08769,S1-243240654,S3-918253834
TN,10.461026,46.655895,-62.472874,-16.765835,S1-74183228,S2-399082693
TP,44.56992,29.592722,6.8544207,33.190914,S1-628885728,S2-858780293
TN,31.320946,-59.455643,59.611153,32.38364,S1-639430849,S3-833514126
TN,-66.577354,20.3764,-34.496227,44.376984,S1-776202198,S2-118047220
TN,15.310381,21.506136,-14.263772,-24.302887,S1-450208390,S2-573314073
TN,-48.4162,21.632761,-16.52773,36.29121,S1-721966162,S2-870778454
TN,23.546034,-51.005623,65.79816,30.631544,S1-980707895,S3-914583344
TP,59.536148,32.91203,8.541558,44.193142,S1-508132102,S3-937150611
TN,-68.57955,28.412405,-40.032764,55.61149,S1-822840444,S3-744395657
TN,-70.41741,10.243844,-24.464493,53.84538,S1-730529695,S3-688075067
TN,-38.147415,-30.324978,-44.87926,-2.956233,S1-88855031,S3-174952993
TN,48.62449,-23.541895,67.840706,11.308993,S1-539134741,S3-258439367
TN,18.11262,-43.350567,45.49822,18.266487,S1-77078013,S3-478851234
TP,65.55186,28.991508,10.810192,45.22137,S1-393500778,S3-862165771
TN,-33.649475,-7.2566767,-30.972921,-50.51121,S1-327135035,S2-561322095
TN,-13.62988,15.67646,-22.098719,-13.441335,S1-304259355,S2-809585385
TN,44.05663,0.5982489,35.8411,-62.160862,S1-114033061,S2-891460804
TN,-16.444857,-5.861255,-23.405066,-41.688816,S1-909261938,S3-703467139
TN,14.444679,49.75636,-66.65081,-17.57029,S1-303729417,S3-14803947
TN,-62.41878,16.531466,-24.621578,49.518887,S1-566030926,S2-2505189
TN,50.76317,-17.855019,41.76329,23.318214,S1-933358906,S2-91874983
TN,0.048631545,43.167885,-58.97854,-20.442904,S1-165152268,S2-807506251
TN,-66.27579,19.691902,-42.530922,54.128113,S1-265313283,S2-119372846
TN,11.752999,-16.41268,22.120106,-1.897696,S1-391872882,S3-634773432
TN,2.4042425,-50.205757,60.664658,4.8363805,S1-95147046,S3-474566764
TN,-8.40001,36.104507,-5.6735487,1.2755017,S1-302154523,S3-527676041
TN,-63.647816,15.687522,-26.386435,51.945415,S1-170182511,S2-406904920
TN,16.081322,49.73686,-70.30312,2.6222758,S1-51853022,S3-662541363
TN,31.28104,-12.988677,19.115149,-46.411106,S1-437725771,S2-938164231
TN,-1.0880834,21.334734,-17.656242,3.611988,S1-939318159,S3-757151588
TN,-9.193994,9.744007,-39.74559,24.41072,S1-273117527,S2-371801702
TP,62.11348,33.748978,25.302162,14.184819,S1-337294725,S3-218602581
TN,7.626085,-51.87985,63.43874,1.8679827,S1-281901145,S2-883757895
TN,-1.6081289,-33.46146,48.33904,-37.042957,S1-868539993,S2-906236177
TN,30.164017,12.648906,15.444191,29.110262,S1-922206099,S2-630744051
TN,-9.984495,9.091385,-35.131363,19.766695,S1-670490452,S2-185209164
TN,-59.357075,25.387379,-16.26071,51.293888,S1-701791124,S3-88948068
TN,52.839626,7.1091332,33.10671,-72.58729,S1-951825729,S2-10620572
TN,51.171158,-28.315456,44.54004,12.741155,S1-865116990,S2-783040688
TP,45.533394,31.898602,1.0557078,35.84121,S1-999947635,S3-420685466
TN,-44.56018,-30.238295,-32.845596,-20.180124,S1-120968340,S2-712960463
TN,13.253419,-42.58775,43.8536,10.843266,S1-113825619,S2-32543778
TN,30.5041,-63.833954,68.030075,28.048775,S1-236856957,S3-582791573
TP,43.90926,38.04687,-0.8215809,27.953876,S1-449173832,S2-790155298
TN,24.222235,-5.304625,25.995647,-16.507801,S1-49394711,S3-410182803
TN,-10.087604,30.463104,-47.53091,-5.9133396,S1-938429916,S3-289235006
TN,12.3271265,49.886692,-65.61499,-1.0296011,S1-811904389,S2-390172032
TN,-9.475238,9.349262,-36.95228,20.947994,S1-231104169,S2-997593424
TN,20.510939,39.338577,-23.889881,-45.809628,S1-592801341,S3-675444585
TN,-70.39713,12.071589,-23.377666,50.54337,S1-351553222,S2-973990531
TN,6.1829953,21.016388,-2.0446777,-4.655089,S1-354815260,S2-740444954
TN,5.254181,42.731052,-23.301561,26.933159,S1-939029881,S3-143707062
TN,-48.985687,-22.790667,-13.75613,-47.09833,S1-224067789,S3-647105482
TP,54.694733,26.162,10.702096,34.119366,S1-644322854,S2-648930174
TN,-46.95713,-33.48666,-36.266994,13.618924,S1-469819454,S2-453543811
TN,16.055243,-2.6954412,25.284456,-19.308826,S1-670222748,S3-773483111
TN,-22.422403,6.365901,-25.462278,-42.395447,S1-73382994,S3-852148835
TN,-20.272161,12.802537,-40.501396,12.460994,S1-308314900,S3-609363404
TN,-37.744267,-38.830563,-39.981018,19.090458,S1-448780124,S2-600214089
TN,-39.80223,51.14461,3.0536346,69.63657,S1-931466938,S2-201606502
TN,-15.022563,32.954308,-38.638824,-14.56897,S1-937290314,S2-550341159
TN,13.991083,42.40914,-64.33629,0.5276567,S1-708098152,S2-459274485
TN,-12.176197,18.274328,-16.26236,-5.272125,S1-65905665,S3-845251803
TN,16.001123,-64.14171,41.22575,-1.771502,S1-874604751,S2-144003286
TP,50.903786,40.3795,3.1511405,69.05408,S1-231417050,S2-745660877
TN,-60.46971,23.28502,-16.967129,50.98157,S1-980534677,S3-651491937
FN,45.898495,10.431928,23.947844,-73.642494,S1-318161723,S2-169485129
TP,63.501923,21.329985,16.471634,44.241375,S1-722084803,S2-120928761
TN,11.811471,-43.524742,55.955276,0.28558198,S1-760563878,S2-125723042
TN,-46.00967,-34.003387,-30.359081,-22.607122,S1-981860337,S2-881549403
TN,32.43855,-33.044598,39.799023,36.134457,S1-311517040,S2-667352883
TN,-39.06186,-30.136837,-44.312496,-9.704419,S1-529280685,S3-338922482
TP,52.72863,30.843937,9.312129,45.78922,S1-357284043,S2-455481510
TN,-1.0479693,-6.8030868,21.066319,-72.42636,S1-628578851,S2-319335911
TN,-54.87622,-0.121729426,-32.982704,-0.044748493,S1-674212046,S2-403616314
TN,-21.17543,-1.9160239,-28.424244,-38.75186,S1-225738132,S2-486184944
TP,48.275394,12.8752775,26.86737,-71.55311,S1-597371560,S3-667506570
TN,15.986046,43.01997,-64.889244,-21.846899,S1-78012493,S2-730071631
TN,22.845526,44.071377,-20.655857,-49.934757,S1-613869514,S3-684286925
TN,-15.756167,37.29973,-2.3404543,2.925519,S1-276708828,S2-391624561
TN,-7.543308,-21.006763,10.197908,-51.93068,S1-149191442,S2-538908500
TN,-34.26577,-17.224367,-54.267868,31.251677,S1-753830259,S3-880627955
TN,16.128376,39.44221,-63.075214,0.058334544,S1-404933215,S2-371014463
TN,46.096893,-13.403771,38.028255,27.62895,S1-194100008,S2-69062169
TN,-5.6530323,28.311752,-40.241486,-13.885943,S1-580172020,S2-160591607
TN,-24.542318,9.685954,-19.944675,7.5875688,S1-437476926,S3-736305460
TN,-48.658035,-32.075207,-19.65251,20.10395,S1-319445113,S3-762238783
TN,-43.48268,22.395119,-14.993563,35.402584,S1-532095980,S2-807683920
TN,65.5643,-20.440273,41.413616,-6.965637,S1-990331365,S2-309057704
TN,20.614836,-59.66939,67.78908,36.065647,S1-920506164,S2-640794033
TN,-4.0858936,-31.327885,21.611052,-34.394527,S1-981502041,S2-382046860
TN,1.5091887,38.06969,-59.694508,7.59606,S1-637428505,S3-570226167
TN,18.899096,-6.4785137,23.091932,-21.1735,S1-484578406,S3-397573896
TN,0.41962108,-64.44761,49.239143,-32.559284,S1-405955910,S2-335496938
TN,11.030887,52.935993,-23.574347,-9.257752,S1-832149661,S3-375034963
TN,-52.21038,-33.862682,-30.61985,19.200243,S1-491091737,S2-431397199
TP,45.991096,25.263641,8.302966,24.95067,S1-346720921,S3-380638799
TN,-49.381523,-32.360985,-34.861847,12.92924,S1-850235990,S2-220642324
TN,-45.96808,0.8747879,-42.508553,3.4577498,S1-539134187,S3-89556673
TP,45.99451,32.6202,1.3878459,35.90591,S1-373318254,S3-577645502
TN,23.300371,-30.813671,65.85754,12.593649,S1-166702277,S3-582075222
TN,2.834645,13.958644,-46.96278,-32.6597,S1-328948321,S2-274498469
TN,18.67322,-44.456165,46.20422,20.855524,S1-18679755,S2-329453229
TN,-64.27866,34.620335,-26.58181,40.172417,S1-631526453,S3-454102679
TN,13.045395,50.00609,-65.08488,-5.799715,S1-33380400,S3-138153076
TP,51.372013,30.906136,4.6093793,39.483395,S1-580575843,S2-698904553
TP,47.95583,12.589838,25.549955,-71.553474,S1-910402138,S2-599340286
TN,-44.69597,-32.37123,-33.249615,15.695831,S1-927085678,S2-710569231
TN,15.550368,-60.528454,39.95965,-2.3056867,S1-101453456,S2-528622305
TN,-10.981211,12.876923,-37.328278,7.268951,S1-587914382,S2-432578630
TN,13.297415,41.638943,-68.21627,-4.4313207,S1-368202604,S3-898310755
TN,23.477001,-50.765564,66.449875,30.275047,S1-652839613,S3-640808182
TN,-45.513004,-30.485249,-20.78326,23.152021,S1-967321497,S2-578632808
TN,17.940907,1.8740069,18.449524,-71.79387,S1-752266199,S2-836409289
TN,17.679592,2.2338023,18.452343,-71.14596,S1-750764882,S2-681463983
TN,31.185757,-67.36017,82.50162,-5.5606008,S1-306710210,S3-704164008
TN,-53.55631,-31.497488,-30.96167,9.675925,S1-981999970,S2-658452613
TN,12.1050625,48.03266,-65.068954,-5.92988,S1-86066723,S3-153083753
TP,53.72547,27.180567,9.786557,54.43257,S1-373609507,S3-956140911
TN,31.53824,-56.085835,58.838314,32.240788,S1-874211647,S3-55728148
TN,57.889904,-15.935145,68.42141,-21.769537,S1-357969078,S3-200300496
TP,46.904858,30.167288,7.4130306,37.23619,S1-268086452,S2-923853925
TN,-52.601,-30.583998,-30.051441,25.62799,S1-949819004,S3-838786374
TN,47.179928,30.443491,7.4268374,37.272842,S1-323664907,S3-456550208
TN,-5.8128934,17.054077,-23.404966,3.355813,S1-364541163,S3-778934726
FN,-35.429928,48.06977,-19.482273,21.507238,S1-282796809,S3-580439238
TN,23.217031,-63.019863,69.067856,35.814884,S1-153857952,S2-690196535
TN,1.6861403,36.23656,-53.380985,-31.317892,S1-824637787,S2-822732551
TN,-35.971752,-30.409784,-45.05035,-1.8301594,S1-916261678,S3-689007964
TN,-8.011808,18.209097,-48.904964,14.572646,S1-575460679,S3-182677809
TN,-42.704502,-29.615213,-44.067787,-7.0715814,S1-963047037,S3-158655290
TN,-78.4566,21.483706,-48.573494,39.985176,S1-664239554,S2-704588117
TN,-49.540585,-23.709976,-14.398011,-45.935795,S1-400221996,S3-884682556
TN,-33.536148,-16.05336,-51.36244,35.805817,S1-787628249,S2-477818774
TN,4.156145,15.889237,-46.55959,-31.654364,S1-243044283,S3-866747518
TN,-3.3643396,-28.234175,5.885451,-38.727478,S1-122901702,S3-619669683
TN,-9.846335,35.96862,-30.084728,-4.7288527,S1-900023816,S2-268541488
TN,48.54577,-29.026619,44.401302,12.760508,S1-442085905,S2-294439834
TN,-59.808628,18.293291,-17.83148,38.290897,S1-540362818,S2-893382016
TN,-1.165394,50.28937,-56.217503,-12.087095,S1-991931116,S2-572030046
TP,45.00095,31.038164,6.3857584,30.381298,S1-433483095,S3-739572404
TN,-36.980293,-33.598183,-39.507812,-8.721373,S1-923525395,S2-976923335
TN,25.424082,-63.48265,80.16882,0.79514235,S1-356834380,S2-745103194
TN,-67.95504,22.996021,-35.659485,47.483955,S1-65220474,S3-776507717
TN,-24.411188,65.01195,2.1850407,69.02911,S1-537465132,S2-768303959
TN,-41.010754,-33.304268,-44.360657,20.235172,S1-155564197,S3-945674590
TN,52.901207,-24.297743,42.083908,22.846977,S1-817562588,S2-948673492
TN,-2.4864156,20.612236,-17.884537,6.8945575,S1-419167227,S3-440221184
TN,-10.808049,-4.693792,-45.051632,-31.770193,S1-330944554,S2-106442409
TN,-28.763731,41.479767,-48.368618,8.096474,S1-491974916,S3-562510680
TN,28.860872,-55.46039,60.470974,35.874973,S1-299973194,S3-962938171
TN,-67.55241,30.931913,-31.876978,57.853832,S1-64652868,S3-653312001
TP,44.962833,31.855713,-0.48576465,35.92842,S1-212842434,S2-13258436
TN,-21.528614,-36.7391,17.691666,-5.1385107,S1-75375361,S3-260748290
TN,1.5711762,-22.72593,20.426071,-53.181763,S1-712578336,S3-214595885
TN,16.595432,14.697856,33.828712,62.644863,S1-761045308,S3-626031824
TN,11.297597,49.28213,-64.57453,-19.121418,S1-401262139,S2-941059333
TN,26.540394,-65.777016,89.05628,4.3421288,S1-522619738,S2-397996217
TN,-42.443684,-31.383415,-47.995335,-1.0102466,S1-407453636,S3-674222158
TN,-35.320717,-9.9006405,-30.731165,-52.136147,S1-453620387,S2-384443294
TN,-3.5104468,41.99747,-55.13444,-11.206985,S1-838752550,S2-105625138
TN,21.0323,43.16873,-27.801243,-45.812,S1-967541192,S3-948926013
TN,-34.945942,40.754745,-21.08406,16.294615,S1-699771048,S3-292719027
TN,12.789909,44.05533,-61.85356,-3.60367,S1-471688003,S2-276050576
TN,16.644594,-3.118259,18.450346,-19.681221,S1-664764493,S3-598936182
TN,-26.889435,5.0153937,-17.770325,-41.855522,S1-26141051,S3-998678371
TN,-18.76891,37.8674,-38.234108,-2.149689,S1-86363004,S2-414928638
TN,34.784264,-30.592861,38.666473,35.70809,S1-739922554,S2-741451521
TN,-14.192982,24.471533,-15.566739,7.320362,S1-56119939,S3-733416650
TP,55.898422,29.342552,5.776679,49.168392,S1-313007213,S3-527122073
TN,15.765031,50.6765,-70.89884,-2.7847786,S1-844242686,S3-45390976
TN,29.714617,-66.19388,90.94252,-0.80151546,S1-889364716,S3-977031549
TN,30.339148,-40.267082,75.74723,13.859241,S1-997560809,S3-817609400
TN,-24.241598,64.19137,0.39388248,70.949936,S1-151644015,S3-423610427
TN,44.40371,1.6958443,38.304783,-58.027836,S1-587335969,S2-14672638
TN,-13.292653,-34.989025,17.276913,-36.731552,S1-76694689,S2-738823417
TN,35.37358,-62.318966,66.8961,26.07849,S1-530298660,S3-957949097
TN,-41.28859,-28.864056,-42.817196,-19.27344,S1-785574607,S3-990381587
TN,-27.184872,5.272917,-19.299393,-41.512085,S1-817823545,S3-716251285
TN,3.610045,38.200356,-55.99902,-9.058917,S1-342307486,S2-573792684
TN,25.937595,-3.2709417,28.239216,-19.953163,S1-981559780,S2-142083218
TN,-24.467943,17.509506,-20.322166,-35.27956,S1-634218897,S3-36273770
TN,-28.859503,43.913395,-31.387451,-17.116215,S1-12085246,S3-567366828
TN,0.75791603,-43.449192,51.25707,-11.522374,S1-808679345,S3-378237214
TN,58.07827,-20.276337,67.77458,-18.495724,S1-384379160,S3-663731425
TN,12.071389,43.401352,-66.54346,-1.1805431,S1-943541409,S2-215208786
TN,11.089939,40.716003,-58.986057,-10.504143,S1-418252601,S3-443838359
TN,-5.0760875,-23.321615,8.39735,-48.039383,S1-78561706,S2-417281716
TN,-63.151093,18.257032,-22.435535,52.31311,S1-74553128,S2-820107041
TN,0.7081509,53.111942,-29.529596,-45.01745,S1-457443117,S3-431975662
TN,24.96743,-5.9575205,25.670517,-15.756809,S1-20178772,S3-65882643
TN,23.596615,-46.729134,46.780624,21.477962,S1-160382473,S3-512469350
TN,-38.147327,48.290928,-16.086693,32.04835,S1-167099396,S3-405570855
TN,-1.2110244,27.705853,-55.422432,14.211183,S1-642796482,S3-327899150
TN,0.79440737,-5.701259,12.537553,-3.3989196,S1-834945880,S2-378770779
TN,-22.733225,25.61157,-8.151349,12.044447,S1-970284589,S3-789916512
TN,11.903358,45.34626,-64.487915,0.74655837,S1-952551176,S2-837088082
TN,29.828197,-51.70073,57.558304,30.82352,S1-571374973,S3-998769725
TN,16.757454,-1.6668471,25.06635,-18.931313,S1-422068062,S3-561305663
TN,-6.5225835,-30.005032,11.920595,-46.91078,S1-830144342,S2-107794366
TN,23.633507,-27.528238,35.553,17.80706,S1-69292492,S3-805039404
TN,-26.947565,40.805565,-28.58155,-35.880245,S1-578839908,S3-465176131
TN,-24.965467,39.98807,-42.20531,-4.8138704,S1-315260427,S3-374338922
TN,-26.322903,14.929694,-20.445244,-20.484941,S1-668968206,S3-206371441
TN,22.032646,-7.945466,22.322075,-17.38354,S1-851394298,S2-387127862
TN,8.113237,-19.684055,22.117754,-4.115297,S1-462093363,S3-211234556
TN,-58.806564,25.270367,-25.077171,43.942673,S1-218985833,S3-552442838
TN,-25.742607,-11.476184,-52.17867,37.592278,S1-4337391,S2-531242320
TN,29.263233,18.964867,11.094939,29.262167,S1-560682650,S2-738649302
TN,43.12257,6.084493,25.061932,-11.083354,S1-695160517,S3-644991444
TN,-0.6913583,50.66786,-55.71262,-10.998835,S1-108250292,S2-109415152
TN,27.286898,-70.53128,90.33094,0.4332682,S1-584629201,S3-294908837
TN,57.199444,-23.029465,72.73055,-18.089054,S1-514244114,S3-666750960
TN,-33.99192,-12.89525,-9.147334,-45.547527,S1-244849056,S3-814533832
TN,-25.80189,14.581182,-22.936426,-16.391932,S1-54222091,S3-952755344
TN,22.135876,40.57891,-18.143059,-48.87994,S1-112452328,S3-225797173
TP,68.41793,27.992704,10.987419,52.004906,S1-752217878,S2-198817378
TP,55.088707,31.279564,1.396665,40.76523,S1-982312919,S2-634078490
TN,-37.825825,-38.869778,-40.03443,20.494793,S1-301300919,S2-772497277
TN,25.793781,-67.78708,71.7211,28.858082,S1-982312919,S2-199109493
TN,-7.8331647,-21.109629,12.938045,-39.91674,S1-808506455,S3-401618218
TN,-22.252842,-20.01609,11.2455845,-34.52578,S1-710704194,S3-556576986
TN,-1.1261357,-44.27696,50.231937,-11.778969,S1-262192586,S3-840677203
TN,-59.835567,21.641497,-15.931493,52.30059,S1-126606688,S3-111382249
TN,5.125919,-50.954105,61.270187,1.0891997,S1-289198411,S3-689500821
TN,5.733686,34.04307,-51.98021,-33.00039,S1-156829203,S3-631260123
TN,1.4327282,-6.586175,16.842016,-15.946831,S1-677564631,S2-250004022
TN,-0.24065226,-65.24278,49.226746,-30.907166,S1-923272423,S3-68902850
TN,2.80746,-40.161076,56.003155,-5.479903,S1-553848879,S2-763410579
TN,-1.6879038,-30.438375,15.30763,-44.789722,S1-936617385,S2-124564699
TP,52.115345,22.447699,3.75891,30.435911,S1-54853558,S3-927849162
TN,-6.0020633,17.786455,-15.30171,3.629691,S1-587038531,S3-622199443
TN,-7.768724,-23.844774,5.292551,-49.068356,S1-385121311,S3-532352159
TN,27.358084,-61.82694,79.946625,-4.3987885,S1-352105128,S3-489085446
TN,12.60015,-41.96173,42.111,13.181553,S1-584499457,S2-146821565
TP,50.17789,27.664682,16.555681,47.01097,S1-829487154,S3-882383448
TP,61.436344,23.016335,21.142805,40.93872,S1-24928287,S3-60924467
TN,-1.161613,26.118565,-52.59101,17.794142,S1-478580870,S3-399028031
TN,0.050836466,44.81958,-58.05409,-19.853527,S1-471946980,S2-651292525
TP,43.88998,33.910194,6.6633024,29.411644,S1-334681336,S2-3991617
TN,-24.503906,-2.0449095,-30.699783,-40.34337,S1-214097234,S3-85946767
TP,55.013165,30.647446,6.0915556,48.902466,S1-46737571,S3-255994761
TN,49.7043,-29.074957,44.997753,12.122816,S1-858490130,S2-688695139
TN,-1.5168126,16.56366,-21.615852,-30.367361,S1-348778777,S3-870972525
TN,-11.479675,28.543983,-9.326796,-6.5772676,S1-964796920,S3-798975383
TN,36.498882,-34.97956,37.449036,33.660473,S1-60430619,S2-419213642
TN,-5.9468875,18.207508,-15.028145,4.25134,S1-96241441,S3-44359251
TN,-9.221901,34.37103,-47.19082,-3.5041056,S1-320723980,S3-401838972
TN,-53.9475,-3.6622267,-24.931177,-46.819996,S1-819933991,S3-640535876
TN,-68.48777,30.469202,-32.071068,58.78006,S1-822886328,S3-843857966
TP,52.561512,29.333397,2.3372211,39.831467,S1-541280559,S3-831678598
TN,50.601624,-10.546371,44.77595,-61.289845,S1-736439000,S3-260799851
TN,7.4662914,42.17259,-66.60285,4.673879,S1-838523038,S2-945184637
TN,-8.995344,33.806705,-44.88125,-5.1397967,S1-234241077,S3-662774037
TN,26.85392,-40.188618,77.839096,14.232058,S1-776422063,S2-22553988
TN,-21.320904,19.996372,-9.547629,5.509835,S1-140473104,S2-118996026
FN,53.10935,7.878407,34.24659,-72.937004,S1-739713529,S3-374218441
TN,-45.63686,-20.404911,-24.47131,-42.807457,S1-915601394,S2-271288658
TP,66.72166,24.784666,14.011236,50.551735,S1-893711259,S2-266469524
TN,59.774963,-17.898447,75.15348,-23.929796,S1-555011852,S2-458942022
TN,-41.3604,-29.25183,-46.252014,-3.9304218,S1-178346381,S3-755712528
TN,-6.919029,10.113023,-37.290695,20.088835,S1-212551082,S2-213623363
TN,0.12522058,27.75855,-40.786926,8.185049,S1-132584808,S3-508834780
TN,5.58031,-8.754147,14.111198,-10.102943,S1-478198227,S3-98552001
TN,-28.532568,3.5869088,-21.734966,-39.574284,S1-191111247,S3-193419973
TN,11.343094,55.19813,-10.066221,24.282307,S1-528613034,S2-147225450
TN,6.5170326,-45.41261,58.6861,2.6246328,S1-194972886,S2-481170075
TN,32.539856,-58.658348,62.16543,36.793396,S1-437389989,S3-379279556
TN,-29.68686,-14.302428,-55.08044,36.844257,S1-804407317,S2-369870254
TN,54.266518,-14.3699465,68.22389,10.463593,S1-606129990,S3-408982484
TN,15.6191635,-45.306065,43.870872,9.729558,S1-534550777,S2-882338134
TN,-31.710289,-17.103449,-54.47561,37.764008,S1-510067107,S2-856115051
TN,-22.925224,-9.988219,-54.64809,35.29241,S1-551103775,S3-327858330
TN,-25.260664,20.926018,-20.096859,22.946789,S1-601871045,S2-986762814
TP,49.079544,26.635994,20.222937,40.184208,S1-677852323,S3-768553038
TN,-28.523745,-11.020459,-28.75806,-33.568157,S1-894022181,S2-408032980
TN,-46.145992,-31.546074,-32.639805,-20.11854,S1-157391883,S2-937967127
TN,-17.565247,23.119167,-34.276093,22.849504,S1-478402672,S2-449032252
TN,44.73013,-15.654217,22.151442,32.570156,S1-822067183,S3-170869706
TP,50.396053,33.67077,4.1239414,34.718994,S1-313008785,S3-658809083
TP,51.119762,27.47583,18.28929,41.006443,S1-108170382,S3-152664759
TN,-37.760708,19.882183,-8.260475,27.695364,S1-410980996,S2-382626419
TN,8.84094,-8.118474,11.872686,-6.2976437,S1-574137093,S2-312645075
TN,-15.8113165,34.315445,-38.95688,-6.4957137,S1-110099706,S2-345499780
TN,34.220028,-59.216286,60.68254,36.864212,S1-644533286,S3-387140581
TN,55.714016,-18.345463,24.009853,-11.215743,S1-384267251,S3-870397182
TN,55.352512,-22.537603,43.969437,24.692549,S1-345563503,S2-621015507
TP,56.25292,24.575945,9.938006,43.718727,S1-601888830,S3-802651395
TN,9.01213,-52.22832,56.07057,6.582184,S1-44503458,S2-880664512
TN,-0.18900792,47.782883,-57.755062,-11.930736,S1-759928323,S3-42651677
TN,27.238247,-56.01973,59.341927,33.251358,S1-99697439,S3-879515231
TN,-33.294704,25.183138,-14.39612,13.199015,S1-906168215,S3-249819493
TN,-23.885391,20.323591,-17.814142,-34.220856,S1-814670426,S2-749513450
TN,-30.488237,23.141998,-22.167135,20.754435,S1-795882856,S2-665533208
TN,-28.146034,24.722853,-30.432627,18.561283,S1-462080478,S2-395658711
TN,58.406395,-20.594847,69.71845,-17.087526,S1-202326077,S3-336559930
TN,12.14862,-43.270863,43.837196,10.476958,S1-148916347,S2-515389996
TN,8.921704,-15.220593,40.23056,-2.5532413,S1-938872748,S2-265182064
TN,-23.453259,-18.126547,12.828605,-26.15104,S1-571255622,S3-5493445
TN,26.647608,-54.572357,80.58894,-4.5914636,S1-151784825,S3-93872100
TN,11.11378,-15.016945,19.453978,-5.8369236,S1-229396758,S3-519777950
TN,-29.820534,4.334675,-32.124973,-43.127758,S1-508381077,S2-259901540
TN,30.400713,-35.45122,71.83202,17.851768,S1-642919929,S3-657086467
TN,-7.962044,37.7197,-1.6860956,1.483432,S1-960985965,S2-439417679
TN,20.784866,-1.1075581,27.166967,-6.2070713,S1-649952800,S3-635161933
TN,-18.556362,14.380587,-22.331419,-14.65733,S1-670602008,S2-814030747
TN,4.8163075,44.077164,-65.99186,-7.1991816,S1-110570905,S3-180780901
TN,10.414236,-57.393345,40.004757,-6.6660943,S1-500573211,S3-166862694
TN,-63.450672,34.52362,-13.79885,47.73887,S1-234088343,S3-114789881
TN,-66.21337,20.31688,-16.632906,48.17002,S1-439841381,S2-704768687
TN,12.086496,36.50341,-68.27755,4.4722867,S1-988402864,S3-841982360
TN,-25.418848,3.8578856,-15.017909,-46.768017,S1-189548752,S3-614151079
TN,40.755276,-12.850616,19.344694,-46.198883,S1-100683361,S2-996941435
TN,26.149693,-38.322598,74.70031,15.519496,S1-650435675,S2-397863930
TN,-11.190807,7.7967362,-14.002527,1.7686802,S1-318014159,S2-886563117
TN,-18.167366,47.657475,-6.454514,29.131905,S1-110099706,S3-107524584
TN,49.544254,-18.296333,37.815914,28.672115,S1-360945577,S2-201577054
TP,55.78309,28.261593,12.345339,48.250145,S1-389922887,S2-327386033
TN,29.766163,-39.280254,74.82935,14.163266,S1-121562726,S3-673622560
TN,-13.538754,16.30105,-27.38262,-19.8672,S1-69138608,S3-860218282
TN,-47.243538,-29.084288,-24.252832,-16.523039,S1-285218411,S3-591975238
TN,-10.1419,11.560724,-13.917144,2.3180077,S1-273919661,S2-755979017
TN,-14.613788,13.7737,-35.647568,22.070595,S1-639849761,S2-617672110
TN,-8.263174,20.67421,-45.915607,12.710466,S1-371286192,S3-934997172
TN,-67.37151,32.98835,-30.286526,60.30307,S1-301789488,S2-589451262
TN,-51.39171,24.878162,-40.327557,53.57827,S1-837225147,S3-793825656
TN,-65.522766,34.421814,-30.631832,59.612686,S1-695198037,S3-81676264
TN,16.888266,39.636097,-68.68826,-18.658955,S1-310319197,S2-320403123
TN,7.5817766,-49.729027,54.62843,8.155986,S1-436163362,S3-798751335
TN,0.71521825,-60.475765,48.003704,-35.75034,S1-781920249,S2-554638052
TN,8.91184,-44.724514,42.357933,12.64891,S1-70012103,S2-699196306
TN,-41.01042,-36.756565,-35.286232,21.133764,S1-346575610,S2-814394142
TN,10.672498,-8.699589,11.288578,-0.4597355,S1-810874928,S3-797835939
TN,31.027966,-53.07467,57.055347,31.774818,S1-635853804,S3-876436245
TN,-43.69805,-27.198364,-42.537857,13.937374,S1-773990932,S3-489968979
TP,44.3855,38.18081,-1.636125,27.573828,S1-379462319,S2-908210668
TN,-5.454958,40.96888,-3.8487885,1.7499417,S1-948407401,S3-88650611
TN,-30.767214,47.105637,-42.09376,-3.643231,S1-598140351,S3-958385103
TN,-4.1547585,-48.333584,48.981865,-6.1569977,S1-970458058,S3-306758377
TN,26.13508,-29.34747,30.704964,25.853867,S1-619938399,S2-298556453
TN,-45.48127,-22.010754,-21.873442,-37.728184,S1-289471503,S2-216783883
TN,-9.59231,39.4301,-3.0881908,-4.7050915,S1-400700273,S2-293691381
TP,39.85859,33.14814,0.13648851,33.49231,S1-860550759,S3-967408109
TN,17.287973,45.79452,-66.13216,-23.3993,S1-905333724,S3-870696222
TN,34.790646,-28.873434,38.168278,35.92922,S1-508305575,S2-205314656
TN,24.975288,-9.4657955,27.336412,-6.8892317,S1-780659170,S2-436877595
TN,-29.771193,-7.838744,-57.47274,32.496784,S1-726196888,S2-457579253
TN,-41.82904,-37.25624,-31.5902,19.310953,S1-652811609,S2-800297110
TN,22.870773,-51.55852,76.91193,-1.9946684,S1-925749550,S3-840218159
TN,0.18491635,-42.142956,49.255085,-11.300343,S1-707107142,S3-546205438
TN,-52.938168,-4.2899647,-15.90788,5.9621143,S1-148285364,S3-471113046
TN,11.300935,52.90517,-63.43612,-14.246193,S1-668008492,S2-231219835
TN,-59.551155,22.4103,-42.470406,55.90864,S1-909900969,S3-859657738
TN,-2.8995101,44.15199,-54.907623,-17.769901,S1-890158752,S3-737043890
TN,-57.901936,30.520813,-22.21016,50.46664,S1-38949254,S2-113440230
TN,-9.120301,1.5488372,-38.054497,8.126917,S1-216719835,S2-616909599
TN,-12.938341,-33.365246,19.701582,-38.15218,S1-123620336,S3-944238709
TN,-34.404636,8.054742,-34.84765,-1.2321492,S1-378006629,S2-554643849
TN,44.528698,4.496709,40.227367,-60.655193,S1-864365717,S3-55658234
TN,-62.407677,25.66276,-26.107788,55.972565,S1-613039447,S3-206808664
TN,-73.077255,9.67201,-36.553764,48.085133,S1-157072232,S3-8092485
TN,49.852654,7.5698905,35.087368,-68.153755,S1-781415137,S3-429902110
TN,-32.48559,20.414211,-5.937403,21.541525,S1-942773402,S3-771333625
TN,-15.84437,39.71921,-12.001653,-0.23004998,S1-486765189,S2-793274584
TN,-44.298264,-33.10706,-33.84341,-17.787348,S1-851976664,S2-431074082
TN,-12.2906065,-33.955025,12.773529,-47.76479,S1-561894542,S2-43141959
TN,-11.035148,18.121824,-26.596756,-20.37262,S1-279374132,S3-731123713
TN,28.219917,-64.240204,92.013824,-1.0694647,S1-794211794,S3-14278395
TN,50.868904,5.5999074,34.605244,-69.35606,S1-520142290,S3-783596349
TN,-42.253647,45.086456,-13.342063,31.26749,S1-817234607,S2-820863404
TN,51.45825,4.5842185,35.011425,-73.43119,S1-574498751,S3-374234288
TN,-32.74771,-16.103622,-54.25293,36.305664,S1-537358870,S2-298048900
TN,-27.923162,-30.580849,-45.876976,-42.518654,S1-263187241,S3-219061959
TN,-52.598854,-2.7454696,-60.58546,-9.079903,S1-408163697,S3-426063154
TN,45.6887,-22.79274,67.889725,12.259678,S1-124340088,S3-976771561
TN,-61.222523,18.099115,-43.51464,55.10593,S1-326530268,S2-271166031
TN,-8.049123,16.045853,-16.108458,6.4146957,S1-857071923,S3-86060347
TN,-26.90208,16.462124,-28.701912,19.376192,S1-280661722,S2-360930779
TN,-77.3898,21.059402,-46.59788,40.308582,S1-934363673,S2-947846526
TN,-70.88899,29.406954,-36.57832,53.642803,S1-486345026,S2-488480639
TN,48.242275,5.041656,39.484783,-60.06608,S1-917332033,S3-196967194
TN,5.824513,-11.143818,15.218153,-1.0523751,S1-584638397,S2-599220101
TN,1.2091529,41.27981,-56.22501,-17.807323,S1-278758603,S2-308936887
TN,-5.321441,34.611786,-5.1413755,3.5381072,S1-230545735,S3-931797346
TN,6.74534,41.433903,-65.926605,-6.58114,S1-879496640,S3-623623414
TN,-16.503754,-7.9624944,-47.430656,-43.235878,S1-154056612,S2-857375313
TN,-30.730305,-6.9299855,-25.267511,-52.457386,S1-67244899,S3-517037502
TN,-21.476044,1.4887972,-23.22784,-36.11278,S1-352506406,S3-202927101
TN,27.626095,-12.845766,20.17255,-49.119377,S1-678204633,S3-988378416
TN,58.654743,-15.240722,73.087814,-24.401196,S1-833505500,S2-146994189
TN,16.50331,-25.802534,37.818264,-7.4743543,S1-896771230,S2-979843002
TN,-3.0754933,34.27612,-39.358418,-17.374216,S1-55549540,S2-396239272
TN,24.006119,-14.252647,20.33743,-34.47299,S1-763186282,S2-705841181
TN,21.775343,-47.258698,48.342113,24.405224,S1-43213756,S3-787540621
TN,3.3586082,-47.43312,59.215477,0.153738,S1-485795708,S3-561665413
TN,-21.74357,-18.50527,13.436111,-24.665478,S1-202934482,S2-551730509
TN,-18.18031,-29.770224,13.771909,-39.050396,S1-74960234,S2-40481540
TN,17.059862,-53.264103,37.02025,-4.090342,S1-828246353,S3-487083031
TN,-32.45154,-6.788198,-67.159424,-24.774616,S1-473272914,S3-494622949
TN,23.393738,-30.603294,67.73241,15.307222,S1-830651783,S3-112792495
TN,1.0122643,-53.258263,62.08956,2.8777518,S1-689535975,S2-255773500
TN,53.054234,7.3978167,34.215954,-70.5985,S1-196478661,S3-10567076
TN,28.179459,-56.751575,80.36774,-6.6413565,S1-837181316,S3-748470375
TP,60.355663,18.563417,16.379826,53.195034,S1-201772382,S2-730288821
TN,-1.4046407,48.678925,-53.974598,-18.768,S1-354382572,S3-998636661
TN,-1.3511698,26.312529,-47.997257,5.8802733,S1-443716831,S3-643648962
TN,7.4122124,-52.867798,61.119297,-3.514193,S1-420360846,S3-547917242
TN,17.309196,-52.832184,38.520737,-3.2626216,S1-620038743,S3-716491523
TP,48.005386,12.514936,26.392673,-71.53119,S1-92559665,S3-82539469
TN,-26.903826,4.5991635,-15.710629,-40.50619,S1-192417319,S2-292787336
TN,20.997793,-66.28638,69.915306,30.059563,S1-323528295,S2-516231167
TN,11.402653,52.85758,-63.5005,-15.074954,S1-748637529,S3-332934320
TN,38.735893,-32.86361,39.4269,38.78534,S1-670499498,S3-298428659
TN,54.78838,-29.295103,61.690567,-5.5418406,S1-409382420,S3-544023943
TN,-14.507681,41.170757,-2.5065236,1.8410996,S1-921097744,S2-440262864
TN,17.593718,-58.228844,38.7662,-8.222723,S1-103378867,S2-622768157
TN,-46.466717,-22.546736,-22.982426,-36.727543,S1-627919278,S3-97999745
TP,51.51374,20.03811,11.020923,30.839214,S1-266386738,S3-888055276
TN,27.120817,-38.02579,72.69862,17.772972,S1-32431611,S3-273957078
TP,66.4023,27.114737,9.79762,45.522835,S1-779569340,S3-166196961
TN,51.60146,-17.263855,37.941303,29.743866,S1-67238404,S3-98754106
TN,-2.6933844,-22.63881,5.2245717,-45.890327,S1-993257766,S3-801223632
TN,0.83060527,12.893531,-50.589996,-34.63125,S1-756542264,S3-5369475
TP,64.533165,22.742886,12.730607,51.104027,S1-240241324,S2-837569772
TN,-69.86407,20.994305,-36.55428,48.88543,S1-215087780,S3-366414686
TN,57.355686,-21.69406,70.841,-17.516104,S1-578236188,S3-187220225
TN,-47.88982,21.549868,-18.67568,43.978706,S1-844891401,S3-813287158
TN,51.389156,-30.708584,59.540886,-5.01646,S1-280579322,S3-87908877
TN,1.1475767,9.962901,-50.39372,-35.410954,S1-590007733,S2-436103455
TN,0.15350565,-49.185585,51.40681,-8.946314,S1-205181888,S3-577692006
TN,-18.20734,46.775154,-3.4030826,27.113422,S1-915733129,S3-37517399
TN,-9.007454,23.48832,-46.308372,7.1755605,S1-245949619,S3-626943226
TP,64.854515,20.237877,16.151312,50.51202,S1-499518582,S2-590970289
TN,42.783314,9.710289,22.015478,-74.20294,S1-964440809,S2-685545194
TN,2.5817814,-46.203705,48.00335,-10.616212,S1-193783962,S2-430234079
TN,45.682182,4.7314878,35.94843,-55.4803,S1-676567311,S2-35384864
TN,-71.08686,9.50842,-25.525558,47.333878,S1-483569274,S3-336127757
TN,-50.009686,-2.535875,-34.936256,4.028266,S1-656760440,S2-613799168
TN,24.466171,-54.641647,89.65159,-1.8705432,S1-886847936,S3-48945287
TN,-6.0634475,21.98476,-48.724194,12.841834,S1-249965082,S3-652218626
TN,29.760195,-58.218636,60.760426,36.73466,S1-211802295,S3-399989131
TN,-39.65677,40.33533,-31.022673,-39.2471,S1-604607988,S2-297954950
TN,19.580257,-17.733387,27.099192,-3.1002321,S1-809870058,S3-499390904
TN,-29.16765,-16.2983,-54.847664,29.214396,S1-584925810,S2-324165666
TN,-77.50353,21.868341,-44.093353,43.52338,S1-300728264,S3-131126145
TN,-12.098343,17.915304,-16.25403,-3.8540974,S1-951928010,S3-825909233
TN,-8.617283,-24.133348,15.085141,-40.83863,S1-911488145,S2-869556929
TN,11.675595,-23.048244,37.54624,-4.3424654,S1-711564353,S2-84905797
TP,48.250168,29.903496,9.175148,35.184235,S1-802253495,S3-890094942
TN,53.551823,4.265156,35.188858,-72.3561,S1-762035701,S2-147122179
TN,-9.107695,21.966019,-46.086132,15.876068,S1-846783047,S3-583262816
TN,-39.833607,-32.26039,-35.860424,23.370687,S1-86322093,S2-879172722
TN,-24.441168,13.756497,-26.484694,-18.414438,S1-402115959,S3-301544788
TN,5.987425,-10.783668,11.593863,0.82325643,S1-169790293,S3-540282495
TN,-22.169483,13.486971,-42.62149,13.231232,S1-834025041,S3-661695618
TN,24.363876,43.17124,-26.66847,-46.637657,S1-917155003,S2-105789605
TN,-1.4719642,-6.8223467,21.634409,-73.05776,S1-669562813,S2-744046765
TN,36.776505,-31.667013,39.383392,37.465057,S1-365760757,S3-868183621
TN,-6.3439627,40.12344,-3.084774,-3.890832,S1-923189823,S2-635021793
TN,28.230713,-64.87425,67.020706,26.1606,S1-301555525,S3-116379237
TN,23.782139,-0.8005382,22.759304,-16.661327,S1-254889909,S3-908385645
TN,18.85964,-54.835327,39.42886,-1.3055273,S1-360422161,S3-453044915
TN,31.277391,-58.01737,58.42025,32.37924,S1-354719584,S3-907442852
TN,19.737074,1.1880356,24.32673,-14.053294,S1-709459848,S3-250936154
TP,45.956562,25.625587,8.0920925,24.971155,S1-785835763,S3-229471207
TN,61.53774,-14.195514,79.1361,-19.265324,S1-720834717,S2-395229189
TN,-34.89783,-15.6113825,-16.425053,-14.911865,S1-857553529,S2-884655805
TN,-10.170166,12.756213,-26.899485,-18.515942,S1-870805392,S3-825198384
TN,-42.496025,16.570284,-11.423646,31.798658,S1-690086474,S2-652515263
TN,47.59355,-0.1413186,37.807503,-61.72689,S1-727876835,S2-774523002
TN,27.832191,-55.97976,80.81942,-5.153211,S1-379747696,S3-31303912
TN,10.057303,43.542645,-61.7428,2.7539635,S1-294274659,S3-643662398
TN,-8.699286,2.477556,-10.1389065,10.733913,S1-834413124,S2-973466586
TN,-30.8357,34.538292,-49.63542,19.129133,S1-595699986,S3-916533428
TN,16.904346,-0.73766667,31.041983,-13.859186,S1-648246184,S3-3210690
TN,7.468555,-0.5992651,19.153954,-72.82924,S1-255473074,S2-308603724
TN,0.102416694,39.28853,-58.246,-9.508798,S1-706750451,S3-500346276
TN,-26.192453,63.987923,1.6126502,71.64996,S1-800087196,S3-22169602
TN,10.025972,-14.129804,19.220535,-7.2211986,S1-479845800,S3-999851163
TN,-51.6324,1.642392,-28.539028,-48.5389,S1-93249335,S2-829733132
TN,-8.672025,19.003086,-46.475227,10.073178,S1-270787905,S3-344824357
TP,39.8365,33.117355,-0.6721567,34.216007,S1-656058941,S3-458286180
TN,-56.21954,-1.198123,-57.921932,35.07605,S1-983256616,S3-51141330
TP,49.687225,13.334433,32.228146,-72.67618,S1-685121901,S3-870415248
TN,56.1316,-21.80257,69.49099,-16.647163,S1-972218842,S3-583158372
TN,13.070511,46.93503,-70.36393,-1.4932503,S1-205369134,S2-603811810
TN,-11.306931,33.689453,-47.960583,8.738729,S1-953562037,S3-41493942
TN,-19.26091,-0.938506,-25.77889,-39.025223,S1-936181279,S2-303737036
TN,-16.22817,41.50466,-6.058178,-6.041617,S1-878488490,S3-986375723
TN,31.463455,-58.443142,58.09298,34.2174,S1-670969025,S3-396418341
TN,-18.831396,21.257263,-33.69248,5.8421693,S1-303704393,S2-337146426
TN,11.732635,-8.02363,14.111961,-5.7968793,S1-980233503,S2-787523342
TN,33.943897,-26.273853,35.418377,17.772003,S1-60720291,S3-176825064
TN,9.633087,-10.59616,11.2117605,-9.768455,S1-189552620,S3-176034356
TN,-27.906456,38.530098,-56.7536,15.292514,S1-704221932,S3-979081705
TN,52.860996,7.850851,33.28859,-72.89334,S1-400483543,S3-591815022
TN,32.756054,-29.844099,36.083923,32.764397,S1-18351503,S2-571794271
TN,16.69221,14.757242,33.56223,62.682316,S1-584638397,S2-625740729
TN,2.5995398,33.539524,-58.7061,-9.515104,S1-277100167,S3-17432629
TN,-39.12742,45.257298,-12.276731,-44.312958,S1-96677018,S3-642530425
TN,21.975351,41.979855,-27.194004,-47.938168,S1-547174425,S2-401771506
TN,-37.227287,-32.97216,-34.903706,23.86559,S1-10431812,S2-834486069
TN,28.894543,-5.708179,25.108812,-20.60993,S1-456400907,S3-932324280
TN,-37.32246,-31.634077,-48.109795,-29.573391,S1-512582111,S3-503534372
TN,4.1330366,28.968807,-58.308342,-7.968702,S1-289722783,S3-298305260
TN,35.06581,13.848244,19.909431,31.04001,S1-818439358,S2-465891388
TN,-15.557097,-30.115648,13.607771,-45.167736,S1-361522537,S2-236177869
TN,-61.363644,17.521395,-42.070606,54.074932,S1-499727272,S2-377189018
TN,34.407864,-30.612759,35.43226,34.1623,S1-943701966,S2-693682544
TN,51.301952,7.771328,31.985712,-71.320274,S1-963700531,S2-768779754
TN,-25.62983,31.351597,-16.505331,20.645617,S1-865479177,S3-763788501
TN,26.385023,-28.774046,29.949501,25.518084,S1-765035107,S3-294698638
TN,18.018698,-3.835944,24.716547,-11.79149,S1-860298656,S2-812741021
TN,20.80403,-70.14407,25.738804,13.331925,S1-741941575,S3-170363026
TN,-72.784195,11.080004,-33.775017,47.38812,S1-767418940,S3-52846406
TN,9.679078,-39.758816,36.78574,17.142876,S1-563575318,S3-463572207
TN,15.819829,24.91039,-60.968742,-11.618401,S1-691722969,S3-63068337
TP,66.38154,24.503962,12.189557,50.119453,S1-685939015,S2-213292826
TN,-5.567434,35.037525,-29.747744,-4.5231233,S1-458773885,S3-923369378
TN,13.451182,-15.467427,25.326752,-2.7008557,S1-210491466,S3-451658483
TN,-30.57523,41.7198,-29.555761,-15.508881,S1-706139982,S3-808557400
TN,-8.1650715,-18.548485,13.291986,-38.909664,S1-789261796,S2-464823307
TN,-10.315457,39.436245,-2.6319468,-5.212771,S1-153857952,S2-96863462
TN,49.614906,2.9447749,36.02532,-54.946877,S1-194581146,S2-385781286
TN,-34.051533,-8.497707,-29.544622,-52.156315,S1-97004982,S2-923829287
TN,-18.008093,36.40247,-38.293716,-2.3582623,S1-675430100,S2-720059038
TN,-0.09012168,-65.491,49.998283,-31.87117,S1-719457681,S2-16214809
TN,1.8326973,23.625887,-18.040049,3.3658786,S1-251544080,S3-584202436
TN,-49.087852,-1.4254959,-45.98278,1.4842252,S1-992593746,S3-403246704
TN,-10.030441,20.204279,-25.656616,-20.87629,S1-449226490,S3-175156165
TN,5.8313375,-50.597946,54.713963,8.320837,S1-63237009,S3-449723602
FN,42.97944,30.485806,5.7216873,28.016716,S1-79644151,S2-304286909
TP,56.054115,28.858824,12.050728,48.778347,S1-472003601,S2-101548307
TN,1.7524893,-27.59744,20.33107,-48.790592,S1-322196322,S3-576881745
TN,-0.24751292,-64.85654,49.22445,-31.386583,S1-60699381,S3-344400636
TN,-48.02563,-28.290184,-43.46414,16.388725,S1-432206769,S3-878081535
TN,-19.24365,22.501087,-16.859959,-31.23587,S1-252308411,S2-269351212
TN,-35.983753,-35.94528,-36.775444,23.524061,S1-178110078,S2-122037445
TN,-13.512472,26.427948,-48.06096,6.8971086,S1-717274800,S3-77970873
TN,15.02466,36.801792,-63.37005,-4.745989,S1-506134025,S2-310390868
TN,29.814947,-4.412504,33.633884,-12.53079,S1-168194307,S2-330144272
TN,51.933205,-25.022009,43.62148,22.049908,S1-199140600,S2-368357570
TN,-16.696402,36.012524,-2.6378329,0.38631904,S1-979538641,S2-507402647
TP,-36.777702,50.744102,-15.689945,19.018353,S1-946405460,S2-166589111
TN,13.25043,44.790043,-66.37887,-0.28887394,S1-908995499,S2-686115712
TN,16.477497,42.306023,-65.392715,-22.555365,S1-108170382,S3-285359554
TN,52.365326,-8.865741,46.05071,-61.155666,S1-589455868,S3-894905889
TN,-17.154016,-0.42383,-20.731121,-41.110775,S1-806383262,S3-810692017
TN,19.093645,-48.701298,38.968903,2.4197721,S1-353970050,S3-715224686
TN,-6.867616,33.09778,-48.709885,-3.482957,S1-656903786,S3-716442450
TN,8.467207,-7.2720847,3.276138,-21.646109,S1-187979175,S3-725041225
TN,0.06811267,-51.728893,54.07566,6.8540373,S1-706750451,S3-600112119
TN,-1.0322182,20.633312,-21.40218,-30.567686,S1-217162263,S3-141112888
TN,12.617679,45.519325,-55.114902,-30.765375,S1-69138608,S2-256598004
TN,-4.2356596,31.1419,-33.645386,-36.24132,S1-787307370,S2-818204435
TN,-39.05115,-36.784176,-39.215824,5.6244583,S1-520702344,S2-887886905
TN,53.48028,4.570444,33.924614,-70.2958,S1-310650564,S2-883846907
TN,1.0347979,26.50592,-13.883385,7.414733,S1-861824516,S3-363551671
TN,8.604445,-2.467622,21.405869,-73.58747,S1-235976800,S2-40442319
TN,19.536308,3.7182631,21.923336,-71.12386,S1-614063520,S2-290906845
TN,52.016903,-9.469018,45.865433,-61.303608,S1-378006629,S3-112824139
TN,3.3850915,-4.9044995,12.912192,1.2023873,S1-859571092,S3-21491604
TN,5.244424,32.45189,-49.87661,-30.437769,S1-255386297,S2-478271359
TN,2.7105668,23.415936,-18.899298,2.4722805,S1-38275443,S3-505905284
TN,-0.08405273,-2.8214161,20.300032,-70.663925,S1-168194307,S2-566975925
TN,33.44964,-55.99589,67.68592,26.74889,S1-349088281,S3-102515975
TN,41.778152,-13.216773,14.83431,27.218636,S1-228109911,S3-441169826
TN,9.5795145,50.485634,-60.15043,-3.182614,S1-602602584,S2-922708706
TN,52.428173,-19.563246,44.11589,23.983139,S1-585402886,S3-621416345
TN,-2.9708467,50.437027,-53.817013,-20.31633,S1-736894207,S3-185249545
TP,51.380314,19.99998,18.31476,29.704525,S1-317978544,S2-701310446
TN,19.92499,40.6468,-24.803862,-52.041714,S1-110674762,S3-249198535
TN,-9.388454,42.006306,-4.2046733,2.886173,S1-877108919,S3-757098650
TP,45.818108,33.574196,6.4677887,33.53731,S1-800206627,S2-195294682
TN,-27.94002,7.6944714,-16.721891,-3.4086494,S1-939318159,S3-494744952
TN,-16.72692,9.472423,-21.202986,6.505004,S1-415057283,S2-444534203
TN,-47.561962,-27.182337,-48.781364,8.871828,S1-288868418,S3-238798603
TP,50.369354,21.707165,15.593781,35.82977,S1-400005701,S3-862648306
TN,-2.7403064,19.100893,-45.324196,6.5304337,S1-327894363,S3-13906345
TP,47.802094,35.059685,-1.8409729,29.384836,S1-132473487,S2-365128759
TP,62.79401,20.516977,16.192509,49.939247,S1-930749448,S3-274322537
TN,28.6133,-53.474617,80.09532,-4.9871454,S1-467338533,S3-52321899
TN,-65.97718,33.85952,-29.746237,58.48948,S1-876771133,S3-307473470
TP,48.34806,36.31162,-2.6624439,28.912104,S1-888613650,S2-178007131
TN,15.35315,41.300846,-59.1459,1.744886,S1-725289073,S3-922122576
TN,-45.522945,-22.096544,-23.188917,-37.888157,S1-646173058,S2-608578465
TN,28.90893,-7.1986246,27.171482,-18.024643,S1-994169,S2-150943713
TN,-19.71425,-40.68091,11.561082,-0.1016721,S1-796140248,S3-388871673
TN,27.430185,-70.20173,90.44124,0.18663643,S1-865651922,S3-600198843
TN,6.6347213,3.58278,12.710492,14.485709,S1-791702911,S3-975753952
TN,-3.4262493,-25.792328,5.9673038,-44.509468,S1-289885072,S3-476709752
TN,-41.012707,-37.807816,-35.35825,18.913132,S1-175348453,S2-674535237
TN,27.451748,-57.38288,59.53095,35.17856,S1-674850405,S3-792705185
TN,-31.002108,-13.424572,-51.142334,36.326946,S1-655116388,S2-315699982
TN,5.4373307,-9.321131,13.990157,-10.1441765,S1-498133580,S3-782329683
TN,-14.170046,6.7397137,17.485949,-73.900536,S1-394451959,S3-953689134
TN,57.075203,-21.335514,74.03726,-23.069828,S1-580365345,S2-448691951
TP,48.740646,29.858,1.0429276,38.37197,S1-782618959,S2-919513309
TN,11.833903,43.43015,-62.659077,-0.8705617,S1-170469445,S2-774480175
TN,-3.947693,14.933713,-46.504593,-34.43571,S1-757118639,S3-84530119
TP,67.52646,22.00981,13.983708,43.94117,S1-366823172,S3-784358185
TN,29.502407,-65.65326,91.40391,-1.0244391,S1-634312872,S3-109263649
TN,-8.596466,-18.581188,17.176313,-36.8014,S1-962085338,S2-553944930
TN,-33.99908,41.87546,-22.063633,-17.088911,S1-573787364,S3-631068742
TN,-9.891349,18.382513,-48.47659,12.939735,S1-109275081,S3-370047460
TN,-50.85987,-2.4185927,-33.16247,-38.570164,S1-644337573,S3-765089381
TN,-25.565857,41.26409,-39.161465,-19.027174,S1-497460285,S2-998420435
TN,39.10278,-35.07583,38.30831,38.39238,S1-195781195,S3-256083768
TN,-65.797615,18.397352,-42.51971,53.02247,S1-343735134,S2-546587989
TN,0.06547295,-41.75824,46.611324,-12.251968,S1-347221368,S2-206205170
TN,11.37459,50.437813,-61.44391,0.8114307,S1-645513574,S2-423342632
TN,-5.8740063,42.92634,-6.3295345,-4.428585,S1-420289020,S3-230798123
TN,29.590734,-59.229847,60.12811,34.972706,S1-808449838,S3-865472822
TN,-69.42143,25.723816,-25.418936,40.58596,S1-513660292,S2-637614784
TN,6.3030324,38.30228,-61.725086,2.6512327,S1-877866568,S2-361444334
TN,-47.959217,-4.9825315,-45.718067,-40.57575,S1-98950221,S3-961140736
TN,-3.173462,-24.045057,7.09271,-46.64743,S1-759103811,S3-471729819
TN,28.02394,-67.59269,93.09062,-0.16036546,S1-167280804,S3-385996575
TP,45.080997,32.32193,1.3387902,37.80532,S1-123048554,S2-139358383
TN,33.99484,-34.180374,38.791904,32.698456,S1-265482830,S2-690890469
TP,52.225098,30.5327,4.21786,39.58041,S1-68704730,S3-595492589
TN,-18.651524,11.287872,-21.051304,-38.28397,S1-318417696,S2-477520118
TN,28.625008,-5.7241383,30.202646,-16.331276,S1-492515652,S2-178813056
TN,-0.1608543,48.831673,-53.929836,-18.9887,S1-173187208,S3-935886167
TN,-60.261127,19.958103,-31.80538,44.325275,S1-82796517,S2-120699470
TN,-14.558807,-7.611414,-45.25739,-43.119152,S1-760515990,S3-741967841
TN,32.627,-10.848801,47.305058,-13.736011,S1-774906886,S3-334469447
TN,5.5982666,-49.388237,60.741512,-0.6931111,S1-505860315,S3-133590814
TN,-42.979034,20.661184,-8.955263,32.774136,S1-718032131,S3-102857032
TN,48.73044,6.069509,34.13852,-68.825066,S1-713865959,S2-387859266
TP,50.38826,21.612968,14.655397,36.593433,S1-206847727,S2-505823852
TN,35.92783,-31.722033,39.168667,36.606174,S1-261040168,S2-903097067
TP,46.935658,37.210743,-1.8048981,29.414507,S1-741931764,S2-378914160
TN,-12.125268,11.738032,-35.633263,17.50799,S1-279116322,S2-776813598
TN,-13.628763,37.570015,-3.323233,-6.6172595,S1-967976863,S2-437537033
TN,-54.577084,-0.23675695,-30.99472,-47.105087,S1-452299116,S2-126007365
TP,52.160873,33.42771,6.5668716,39.363987,S1-582023844,S2-296182132
TN,-36.234734,-35.063946,-33.215973,-22.104578,S1-971546154,S2-110245351
TP,56.82595,31.252333,11.137935,39.445404,S1-658557520,S3-550382372
TN,50.35358,-28.340727,44.845493,12.134585,S1-715933613,S2-816324740
TN,5.332096,52.803326,-56.155346,-17.039564,S1-876511543,S2-663616160
TN,45.953133,-0.8973186,37.446407,-60.31372,S1-194503939,S2-109887831
TN,22.537361,-7.7410197,34.448708,-11.443744,S1-848235324,S2-954410737
TN,17.950626,46.16897,-67.04677,-23.135336,S1-975375700,S2-144464935
TN,26.895464,-2.8707354,28.72792,-18.482237,S1-23167771,S2-299167482
TN,15.120949,-42.78273,44.20415,7.3843207,S1-838724443,S2-538095717
TN,27.89817,-69.63542,90.849945,0.7955073,S1-258609610,S3-244002356
TN,43.22907,-14.081001,19.351393,34.969074,S1-382105570,S3-789965871
TN,36.133045,-25.943836,31.717512,-69.09192,S1-459404829,S2-412631332
TN,48.301533,-18.980545,32.215057,25.221252,S1-783380495,S2-963566234
TN,28.221437,-70.221794,91.213394,0.51653033,S1-876041570,S3-156402753
TN,-28.280731,-13.057911,-21.71272,-1.7616185,S1-307866761,S3-59496800
TN,-65.97681,19.114025,-27.77443,51.368767,S1-568416970,S2-352041075
TN,-27.685108,-14.033336,-53.238964,36.605087,S1-776156422,S2-770849242
TN,56.055244,-29.886105,60.798332,-6.8887453,S1-935774561,S2-951477921
TN,-10.0334635,53.389877,-12.178995,28.555256,S1-47748466,S3-98165900
TN,10.344936,32.4572,-53.03021,-34.238102,S1-163661480,S3-299549724
TN,-51.646496,22.802416,-19.64537,42.890385,S1-568504750,S3-977294491
TN,-30.185375,6.657604,-13.710609,-47.08685,S1-108266828,S3-593921474
TP,46.012295,30.530756,1.745911,36.851192,S1-629287769,S3-522106813
TN,14.150216,-9.626703,8.517162,-19.934587,S1-671591675,S3-530485494
TN,-48.135155,25.35514,-14.597899,51.892845,S1-881189533,S3-837394135
TP,61.482452,25.180815,21.004725,45.383774,S1-117199752,S2-193735582
TN,-29.910643,-12.991616,-54.216774,35.357044,S1-708110072,S3-718137273
TN,41.818466,-11.254266,12.590965,18.255234,S1-399349073,S3-58248960
TN,-41.314457,-25.470884,-30.194162,-40.57639,S1-991381328,S3-173968072
TN,-53.497425,-4.6707234,-68.43731,4.4473634,S1-195842283,S3-382224355
TN,0.08905506,9.207572,-38.729065,17.68384,S1-751330031,S2-230947327
TN,21.433886,-58.637047,68.95379,35.638214,S1-23858725,S2-406370262
TN,10.034159,-11.478977,15.483285,-5.991591,S1-166615681,S2-654581167
TN,14.677156,-3.388586,29.855125,-13.3202095,S1-887592417,S3-676996190
TN,-48.454075,-32.80926,-44.032604,14.8484745,S1-831107546,S3-446012208
TN,9.205894,-9.97644,11.148714,0.4942334,S1-828622560,S3-371630758
TP,47.16918,22.180191,10.864114,21.207773,S1-420840718,S3-317165515
TN,-4.5624094,-22.653145,5.678322,-45.82593,S1-602586596,S3-724238092
TN,-1.8160601,34.591797,-1.7932098,3.391315,S1-855240,S2-992602361
TN,27.902845,-57.261684,58.033108,33.95978,S1-567376652,S3-39883226
TN,26.976437,-27.085625,32.350082,26.929419,S1-114463165,S2-492639951
TN,33.53148,8.6790495,14.598387,29.619404,S1-102560181,S3-410650795
TN,-15.637369,29.620369,-32.043396,-20.640768,S1-784043495,S2-515854640
TN,-66.83747,29.633608,-32.843758,57.465904,S1-818154251,S3-792004604
TN,31.498621,-62.933784,67.492455,28.040043,S1-531294171,S3-585949963
TN,-26.354881,1.6986974,-13.895154,-36.69208,S1-327664114,S2-939038759
TN,59.377804,-19.35226,68.74744,-20.581306,S1-449173832,S3-345884389
TN,28.499434,-68.14945,91.99962,0.6054821,S1-235363875,S3-660953244
TN,-70.6417,10.921996,-30.601143,50.285667,S1-174949352,S3-499510425
TN,10.450888,36.919575,-65.98284,-8.473319,S1-491559724,S3-664428985
TN,25.07741,-65.915504,87.67072,3.2427437,S1-206942898,S2-886400623
TN,-31.351948,43.934647,-37.31556,-16.477272,S1-937819418,S2-927788096
TN,2.6510303,-8.27942,19.24795,-11.936559,S1-26658140,S3-842846761
TN,-15.240098,-34.837887,14.798314,21.616684,S1-55147331,S3-355530269
TN,-12.309413,33.764427,-41.949417,-19.415865,S1-312896430,S3-79827316
TN,17.881947,-48.9474,38.50058,2.314301,S1-640558746,S2-63608766
TN,20.238356,-17.438793,27.039381,-9.088296,S1-804825725,S2-245864248
TN,-45.780014,-39.536312,-41.80292,9.562352,S1-414689744,S3-579221451
TN,2.7251868,32.382343,-50.742817,-30.450054,S1-524485125,S3-551040557
TN,14.43628,41.219814,-67.17194,-17.305685,S1-524834872,S3-565943697
TN,31.504759,-57.679543,57.348827,30.617098,S1-437322513,S3-92476122
TN,-57.161026,17.563082,-22.330408,48.725403,S1-694690718,S2-101149654
TN,-7.2621183,-17.71786,17.122732,-36.71681,S1-3903020,S3-966544124
FN,47.8049,20.207916,12.912073,13.327593,S1-389876587,S2-650703428
TN,33.201317,13.405794,17.037949,53.366337,S1-789559461,S2-522551376
TN,37.836845,-28.81894,38.629192,35.655235,S1-452673986,S2-501599975
TN,2.785048,-41.164528,46.04969,-12.45408,S1-576763463,S2-895747946
TN,-19.210964,16.857046,-11.314304,-3.984745,S1-631889533,S2-644083661
TN,51.53614,-7.3926744,45.38081,-59.60144,S1-281411922,S2-574821966
TN,30.724842,-27.323563,30.224007,26.525536,S1-763125643,S2-277349271
TN,0.9201757,-44.23636,53.887783,-11.430414,S1-639592147,S3-312100941
TN,-51.430546,0.6963742,-29.98131,-47.025677,S1-767943012,S2-890422420
TN,24.504234,-63.305172,80.50034,0.77304864,S1-366818700,S2-693663524
TN,16.035067,-54.355877,40.599342,-1.4537604,S1-40302701,S2-227371236
TN,-29.636862,-11.224129,-51.817436,31.02607,S1-421419429,S2-997086729
TN,10.231989,-44.728657,42.110836,13.99049,S1-513782340,S2-617649800
TN,8.029692,-10.655713,14.845293,-1.8802975,S1-44274367,S2-221859484
TN,0.15623309,-13.491982,1.8098896,-17.577364,S1-254488758,S2-996527080
TN,-30.978178,-11.105611,-56.467697,32.7089,S1-843405442,S3-738261876
TN,-36.734905,-34.495647,-33.34714,-22.25367,S1-386546370,S2-342777185
TN,2.904246,-49.90348,60.648888,4.8713894,S1-856951779,S3-327034318
TN,-57.534393,23.535826,-23.284496,47.788113,S1-19443416,S3-845144299
TN,9.896408,-13.179721,4.252674,-17.317167,S1-243461806,S2-260273323
TN,-11.304031,30.131601,-42.557457,-16.257519,S1-966582375,S3-447446492
TN,-23.687626,16.92788,-20.553453,7.3332148,S1-805360223,S2-927527748
TN,0.81224495,-65.097466,49.353397,-31.13513,S1-604989617,S3-948409789
TN,-66.7298,18.362274,-16.082989,49.493473,S1-570693881,S2-683027896
TN,-11.757443,34.043045,-41.73847,-19.489408,S1-934930255,S3-323308894
TN,30.1313,16.560034,14.450349,28.063148,S1-717611354,S3-143110300
TN,58.223885,-15.764105,68.81106,-21.793108,S1-856576358,S3-259426384
TN,-48.88939,-20.38677,-34.651123,-42.35137,S1-44841784,S3-33782649
TN,1.6972923,-12.2222595,13.292111,-2.2762766,S1-471594042,S2-767234036
TP,52.893326,43.141354,4.912216,65.92662,S1-847029762,S3-119465426
TN,5.1457763,37.97095,-63.8285,-3.224875,S1-618873567,S2-252140055
TN,9.107786,-52.826866,49.183395,-7.277455,S1-230517403,S2-616901570
TN,-13.021899,24.101831,-54.03385,9.139207,S1-333971262,S3-783719492
TP,64.04948,21.251741,15.263536,41.354008,S1-132040256,S3-660386976
TP,64.45174,21.590803,15.9745655,42.88551,S1-71814704,S2-506219790
TN,33.93154,-40.199886,20.430008,-9.255084,S1-75704776,S3-200525541
TN,-31.792353,-16.485506,-53.232143,35.61028,S1-448780124,S3-20271049
TP,60.360287,18.226042,16.568846,32.037464,S1-535206697,S3-275177078
TN,-60.07699,36.863388,-15.239958,-49.520363,S1-754590982,S3-501351167
TN,-5.879426,-22.976488,7.2522106,-45.390747,S1-414796394,S3-388531638
TN,29.081598,-57.542477,80.25368,-7.0323935,S1-164272740,S3-936075248
TN,-20.033207,14.842959,-20.777689,-14.222628,S1-953239075,S2-72017292
TN,4.3990827,-48.065308,54.70616,7.242811,S1-707490,S3-982468884
TN,28.258276,-64.805664,66.78954,26.444872,S1-921022737,S3-135234337
TN,-34.265377,-32.692368,-37.71925,-8.947547,S1-354189055,S2-633972871
TN,-13.022903,-8.220458,-44.200733,-42.741325,S1-391732173,S3-936136837
TN,-38.152706,-30.645174,-45.75377,-2.654273,S1-833501710,S3-80751274
TN,-37.506855,-29.773228,-46.89754,-2.1112652,S1-865651922,S3-974732390
TN,-28.041492,45.0651,-46.559097,-15.889962,S1-618647696,S3-223906281
TN,-9.84641,17.700777,-49.160027,13.861272,S1-714341756,S3-862473112
TN,25.766123,-58.82312,58.41524,34.626392,S1-539788804,S3-946527352
TN,-35.70614,-17.71132,-53.240555,29.421322,S1-463782051,S3-903991758
TN,31.072039,-11.26306,18.563831,-51.090664,S1-323696453,S2-935653966
TN,24.31784,-61.78585,78.23629,0.8362441,S1-819526694,S2-390241459
TN,-2.8616364,-23.273638,5.6865363,-39.026188,S1-479104401,S3-760936513
TN,5.8869805,17.76645,-33.903656,-23.060062,S1-914256118,S2-690164478
TP,62.117184,27.12123,12.091434,53.912518,S1-279761032,S3-971890878
TN,2.523175,13.565561,-50.613148,-35.383717,S1-593768070,S2-894256330
TP,50.90318,31.491646,4.7886586,39.502876,S1-856668917,S3-772220210
TN,0.45171613,17.187735,-58.769215,10.418095,S1-624798416,S3-297207804
TP,43.708366,36.89885,-0.6381734,32.230198,S1-731124218,S2-155550247
TN,-1.4944423,22.867647,-15.757378,4.524271,S1-275091223,S3-58955060
TN,13.73513,47.80682,-68.87743,-1.5561811,S1-75256317,S2-739784773
TN,-24.303062,18.027824,-20.223524,-35.55096,S1-178400094,S3-100710240
TN,28.422829,-66.338615,90.634895,-0.25723633,S1-118779790,S3-563969843
TN,4.450057,-5.117216,11.57727,1.0397351,S1-26277842,S3-34345878
TP,44.05299,38.152935,-1.293805,28.00816,S1-334207267,S3-175222001
TN,-18.054092,-32.848946,23.433975,-36.927505,S1-979709634,S2-13974816
TN,-0.45224205,41.87747,-57.72659,-12.833074,S1-525543681,S3-922371721
TN,60.947807,-17.79277,73.64266,-24.456444,S1-122424788,S2-295758760
TN,20.249884,43.45899,-25.811472,-47.842724,S1-847022556,S2-450439425
TN,26.561024,-7.0447154,26.407948,-5.279598,S1-265793008,S3-438498630
TN,-11.991972,-31.650345,16.095192,-44.21977,S1-764156854,S2-835134120
TN,20.246572,-46.770523,47.269566,20.135939,S1-176199537,S3-652605007
TN,48.265728,-19.01647,31.700645,24.258928,S1-214946696,S2-928579808
TN,9.803748,-7.9604936,5.1375494,-17.134212,S1-460373266,S2-895499479
TN,-31.054928,-14.073191,-51.2587,36.036686,S1-630216484,S2-297971041
TN,-25.967852,28.691833,-5.394738,10.370342,S1-35323686,S2-701137625
TN,-2.414088,-29.30787,13.357134,-43.377766,S1-521739981,S3-160903169
TN,11.349158,44.234497,-63.1344,-0.8306719,S1-167840250,S2-92303074
TN,-22.345884,8.981203,-14.346195,-34.76089,S1-713636271,S3-826621817
TN,-16.466442,-55.908997,34.699867,-35.13307,S1-156915148,S2-700948732
TN,5.950249,-52.097088,62.478764,2.4442534,S1-420253166,S2-817355144
TN,60.815464,-22.839756,69.74868,-16.971188,S1-939746056,S3-111255392
TN,-48.06483,-37.157936,-54.14345,8.957539,S1-157026683,S3-897616926
TN,-0.32697874,-3.9721348,18.653692,-72.71062,S1-106062659,S2-519771840
TN,27.135601,15.479597,9.931386,25.795279,S1-164059777,S2-225862139
TN,-5.64039,12.673385,-11.716049,-7.1903577,S1-643945633,S2-94567553
TN,-7.4657,45.198055,-56.71643,-20.238825,S1-36506647,S2-189159652
TN,-1.5651258,16.51609,-21.674768,-30.120146,S1-584436694,S3-837655814
TN,-6.2077227,21.778671,-30.641315,-11.038667,S1-556950193,S3-702053399
TN,2.5710208,-6.3370657,3.5839896,-19.342133,S1-657359281,S2-198671644
FP,53.15554,24.448978,11.934399,30.009914,S1-328024823,S2-245118276
TN,-40.972946,-29.993837,-39.15934,-16.07385,S1-151080928,S2-814036430
TN,-11.660932,18.436838,-16.934732,-3.8568935,S1-723681905,S3-512287905
TN,-39.675884,41.56383,-24.636568,-36.889034,S1-605364918,S3-644254306
TN,20.381086,-44.567047,47.244976,18.726465,S1-174265515,S2-237130072
TN,-25.903357,64.3145,0.7183369,71.511086,S1-211254043,S2-412858518
TN,-20.835737,19.657309,-10.195913,6.3262076,S1-468499223,S2-228965922
TN,-22.10328,18.695078,-52.80685,8.723769,S1-848472724,S3-722939932
TP,61.883785,24.973993,20.662834,46.150406,S1-905384664,S2-400803385
TN,-20.808617,1.6871289,-23.185518,-36.798847,S1-139539090,S3-840893871
TN,9.185009,-6.6480727,13.367551,-7.264601,S1-509794324,S2-251173120
TN,-32.744343,-16.104944,-16.629522,-15.125646,S1-705872643,S3-218755545
TN,24.021574,45.78351,-19.528528,-50.76345,S1-187128199,S3-325599762
TN,1.658083,-11.574681,16.08074,-1.5311097,S1-24187199,S2-989006698
TN,32.73232,-35.326218,37.860676,31.964502,S1-647247496,S3-456056358
TN,32.61497,-57.44606,56.068504,32.322327,S1-547675886,S3-538307135
TN,21.83816,44.27639,-20.007803,-48.82709,S1-909154891,S2-638182362
TN,9.479276,43.84566,-65.79892,1.5198518,S1-60174290,S2-73372129
TN,-7.9949,18.02235,-48.517998,14.091692,S1-787628249,S3-646210386
TN,34.67683,-29.179077,37.234196,36.16578,S1-6652159,S2-673863636
TN,-4.2031875,32.254204,-40.105404,-6.7744303,S1-423715169,S2-701585277
TN,-58.177048,30.995594,-14.626759,48.087788,S1-87164310,S2-166771608
TN,48.13382,3.2089612,36.740135,-53.98523,S1-104338537,S3-893518812
TN,15.537923,-60.692963,39.094444,-2.287777,S1-126673726,S2-384719182
TN,-44.60693,19.959192,-12.583684,32.036713,S1-779053352,S2-347867812
TN,2.7693048,41.919437,-64.73569,-10.022962,S1-955498449,S3-143175122
TN,-24.548473,9.112218,-12.310198,-34.198387,S1-601657798,S2-85549786
TN,-19.2223,4.892287,-31.240164,-42.450626,S1-490100244,S3-683819542
TN,-13.11237,-7.3888574,-44.068302,-41.9699,S1-152277998,S2-540401392
TP,65.18438,25.683,9.754546,46.58062,S1-310820456,S2-910811967
TN,-13.565861,28.3877,-38.235825,7.225652,S1-105624721,S2-187807203
TN,-45.82049,-37.04772,-42.27895,10.332678,S1-594026773,S3-392196470
TN,11.876001,-43.627037,54.04859,3.020896,S1-909522986,S2-678209823
TN,9.638014,-46.078045,57.957977,-1.2799261,S1-306718473,S3-804013060
TN,0.03650914,34.35414,-54.413193,-10.549491,S1-181569408,S2-840866323
TN,1.9534227,-16.32093,4.2374115,-35.40896,S1-570004920,S3-240385463
TN,33.007442,-53.265045,59.923626,31.233217,S1-425703700,S3-624533943
TN,-32.463654,-16.896584,-54.731457,37.879093,S1-853732833,S2-4233082
TN,-18.972622,-29.875664,5.150332,-47.385998,S1-897900340,S3-748664054
TN,-67.541214,20.609959,-34.802795,44.014072,S1-401490279,S2-50878545
TN,26.641144,-62.757427,79.60466,-0.7155181,S1-598140351,S2-619712270
TN,-19.038618,42.083588,-44.04194,-0.6059377,S1-314256144,S3-483743176
TN,-7.9875455,41.3226,-2.8829417,-2.8892345,S1-290027145,S2-345604403
TN,26.808504,-37.95871,20.331892,-9.113897,S1-787525431,S3-264398122
TN,-35.964348,-29.469034,-42.52347,-3.1949158,S1-530848841,S3-448460370
TN,14.33752,28.640713,-70.14716,3.372264,S1-906293974,S2-375598851
TN,10.860422,54.7159,-71.995766,-0.44615042,S1-939029881,S3-987468242
TN,-17.732878,-6.871294,-46.01427,-42.427547,S1-754598583,S3-235603827
TN,-44.15243,-27.851738,-33.294388,-40.414417,S1-907269316,S3-346452437
TN,9.629842,49.277405,-65.68913,-1.0365968,S1-140254010,S2-673489929
TN,-20.720411,19.831316,-10.115219,7.8129363,S1-645513574,S2-72734496
TN,-15.519911,15.990398,-13.640974,-3.9323897,S1-52028048,S2-922424819
TN,-8.366351,-28.592745,9.649597,-42.545387,S1-932227940,S3-258388394
TN,-21.220884,-42.538746,24.366554,-1.3168876,S1-362152461,S2-607951957
TN,-65.3597,34.59962,-32.035187,61.11558,S1-97357321,S2-992442789
TN,1.2304744,44.352993,-55.12289,-10.380249,S1-898991863,S2-403805856
TN,-45.470013,-32.987553,-33.82064,8.536957,S1-943555787,S2-676391897
TN,-13.800847,24.60834,-41.830837,8.468791,S1-56119939,S3-192744799
TN,-36.797775,42.713314,-27.806948,-41.44882,S1-272617605,S3-540992396
TN,47.913803,-13.8140335,37.381958,-70.92813,S1-696478750,S2-983336321
TN,-9.004242,14.283278,-17.198805,-4.2829537,S1-873069561,S3-75261113
TN,29.910257,-54.67029,80.41947,-5.320631,S1-131894397,S3-417124732
TN,-5.842417,30.90713,-45.36409,19.007607,S1-681788186,S3-280449764
TN,-26.277046,4.4196744,-17.720211,-42.43871,S1-785690785,S3-932947165
TN,-61.696156,23.376198,-26.17864,54.245895,S1-779095574,S3-366344945
TN,27.39251,-58.6407,80.054016,-4.524551,S1-978379947,S3-439307191
TN,-10.283807,12.5753355,-36.213207,-20.59764,S1-829969591,S2-892702443
TN,17.954716,-0.95304126,29.972046,-14.280357,S1-385933694,S3-286995318
TN,62.246384,-20.677597,77.92514,-17.607956,S1-588658985,S3-10431597
TN,-21.518147,15.013549,-13.355464,-8.365991,S1-334468349,S2-509687825
TN,32.41585,-54.23603,57.68881,35.85082,S1-124226124,S3-921019555
TN,-46.586086,-28.695986,-22.501083,-16.056107,S1-239985824,S3-525608141
TN,8.48271,-49.89304,56.87627,-1.8870502,S1-833422310,S3-786441000
TN,12.261876,-14.074398,18.508419,-6.534849,S1-373267662,S3-84472259
TN,-21.893766,16.043953,-36.724003,8.141616,S1-562656057,S2-777633714
TN,-64.01114,18.660112,-16.18191,49.362595,S1-446383007,S2-957674266
TN,5.573885,26.568516,-1.6887298,2.838792,S1-513129963,S2-661928659
TN,3.2281442,33.861694,-55.102867,-12.426208,S1-843013265,S2-606214874
TN,27.890238,-61.215164,82.12604,-4.832526,S1-202695926,S3-661795005
TN,-64.31961,12.922118,15.265433,5.198812,S1-483222260,S3-822917556
TN,2.0286086,-26.785337,19.00186,-48.231773,S1-555204494,S2-843209800
TN,50.319324,-6.793119,44.973812,-60.89587,S1-625216813,S2-194861767
TN,21.156878,-3.0651748,24.961105,-16.795557,S1-773651561,S3-924848883
TN,-43.26783,18.535698,-5.0703397,26.651917,S1-849900810,S3-140886051
TN,17.10479,-43.13609,34.169823,59.645718,S1-903231901,S2-809304258
TP,52.565376,29.305267,8.194219,46.049286,S1-370570613,S2-778170018
TP,68.82087,26.834936,10.303202,52.843697,S1-391435012,S2-34805911
TN,-55.09331,-1.7109793,-58.551014,1.0199236,S1-282033193,S3-650707942
TN,-16.039833,34.770065,-34.51922,7.9291983,S1-385931770,S2-528006192
TN,13.895095,52.04937,-70.99624,-5.952416,S1-499115736,S3-819508278
TN,7.998473,-47.76823,57.892654,-1.2576315,S1-703819189,S3-16048227
TN,-41.279495,-36.232445,-34.483864,18.981625,S1-288271011,S2-676138657
TN,-41.27107,-39.06657,-40.203175,24.811947,S1-933571283,S2-576697780
TP,49.12539,20.758772,15.272898,26.170847,S1-852242105,S2-241170542
TN,23.340078,-31.036583,65.04057,12.640209,S1-670698323,S3-967619906
TN,5.881082,-10.027634,13.949379,-11.243078,S1-775720868,S3-353950729
TN,46.702663,5.853232,40.042366,-59.373756,S1-427749123,S3-336311005
TN,-33.20516,45.10172,-41.904797,-0.5325539,S1-447539680,S3-313924372
TP,60.659145,20.624851,18.290596,40.8972,S1-656968379,S3-129275259
TN,-14.273652,26.884623,-29.809313,-18.855839,S1-828233120,S3-883052983
TP,68.13502,23.834192,17.320644,46.784187,S1-516096733,S3-884859724
TN,-61.655663,22.565815,-27.022635,54.06986,S1-568775117,S3-127680079
TN,15.566315,-13.110547,24.971334,-3.0838835,S1-380476063,S3-675423843
TN,-24.128107,-18.815386,12.969643,-26.239494,S1-103643047,S3-980912315
TN,-30.243536,4.696702,-11.630324,-30.719812,S1-494649609,S3-308707861
TN,-38.55704,20.122795,-15.770305,26.836191,S1-118227112,S3-636262890
TN,7.307759,-7.9407415,2.5548751,-21.524323,S1-489535858,S3-464064676
TN,-10.086946,53.543766,-10.155337,24.52608,S1-848457506,S2-650591039
TN,31.412397,-64.30356,67.4706,27.558279,S1-785119716,S3-517968254
TN,-14.325225,-4.968177,-31.397863,-39.5998,S1-647581178,S2-853381768
TN,-45.650414,17.927887,-12.76125,33.788574,S1-10874484,S2-838570243
TN,-11.307328,38.618973,-3.0898242,-5.258353,S1-405495153,S2-529182367
TN,-30.3429,6.262277,-12.197797,-35.85645,S1-85517436,S3-847670915
TN,47.341515,-24.13193,66.90772,9.849681,S1-368647150,S3-381374703
TP,56.528713,28.671078,12.619419,48.953808,S1-131325347,S2-546210902
TN,60.489655,-22.419868,70.604645,-17.993849,S1-603872509,S3-696388830
TN,-15.575242,-30.604298,11.285501,-48.088623,S1-668263941,S2-240257069
TN,58.97521,-21.443136,69.72416,-16.459438,S1-875182842,S3-933521824
TN,-13.297738,29.567753,-32.236984,-21.12437,S1-681245627,S2-986775999
TN,5.2357297,-17.043493,10.442063,-1.1530126,S1-579332403,S3-569762714
TN,13.339523,22.46179,-13.343634,9.210169,S1-821508058,S3-959375796
TN,47.206062,11.792856,23.987593,-71.594795,S1-11454112,S2-165665949
TN,-15.917619,-39.079178,-48.23117,-30.918028,S1-654016181,S3-81652494
TN,10.995915,35.807285,-70.13392,-4.332942,S1-471619198,S3-665780816
TN,-34.632305,-9.4279375,-30.76456,-52.200317,S1-785384847,S2-779520872
TN,1.297377,-64.06152,50.329506,-29.958355,S1-363295469,S3-833774240
TN,-6.924214,18.437517,-40.99796,8.631272,S1-845534445,S3-353413926
TN,1.6147014,-53.171272,61.30518,2.8255131,S1-653161116,S2-705662409
TN,52.140915,-28.135204,20.733574,-45.504345,S1-963504888,S3-391202327
TP,42.965405,32.997257,3.7832484,27.890343,S1-163316341,S3-733324483
TN,-45.591434,-42.46677,-52.10711,12.393181,S1-768224402,S3-287023359
TN,22.221582,40.00859,-25.995995,-47.968475,S1-456977427,S2-514133211
TN,55.397285,-18.04581,73.055244,11.875507,S1-112719627,S3-812055378
TN,37.31372,-32.9944,38.315258,37.860027,S1-572016516,S2-362794700
TN,60.147324,-15.615172,73.34977,-24.595675,S1-900936262,S2-177673791
TN,-23.950441,-18.745358,27.830683,-70.53451,S1-394098767,S2-916133740
TP,67.473015,27.194675,9.788059,46.699,S1-745002392,S2-779914641
TN,31.381214,-56.079315,80.22214,-5.646491,S1-768571269,S3-515988985
TN,31.674803,-54.41856,60.35249,33.210323,S1-860277417,S3-256038061
TN,1.4309525,42.948475,-28.253529,-0.21125281,S1-274927445,S3-392594832
TN,0.5437451,-13.225099,12.362035,-0.78664505,S1-103935722,S3-351608862
TN,-41.497738,19.279945,-9.848458,33.750755,S1-560927745,S3-419780945
TN,28.661196,-39.414593,77.58314,14.112858,S1-38355779,S3-572093180
TN,-0.56735784,-13.234102,13.730697,-10.888813,S1-930248670,S3-501638190
TN,-18.538843,21.134449,-33.44101,6.0983877,S1-536111517,S2-186728376
TN,9.368068,-43.681084,42.236736,13.242856,S1-306718473,S2-914366470
TN,22.4144,-11.681324,37.23089,-8.108513,S1-687709734,S2-48904037
TN,-2.0446062,48.52645,-58.531223,-12.299323,S1-515269779,S3-272222704
TN,-6.132279,50.362038,-3.1433294,8.248735,S1-240470360,S3-461146076
TN,-8.19778,44.851406,-3.0197663,-3.8572135,S1-361953703,S2-893308549
TN,-0.32227314,-45.941395,51.79075,-10.168187,S1-470409310,S3-749620421
TN,-13.242332,14.277966,-34.20963,16.592316,S1-41066934,S2-861031958
TP,67.11831,25.17563,10.048697,43.595757,S1-612010954,S3-109140046
TN,10.873805,47.211033,-63.511772,-18.056347,S1-513427216,S2-179608488
TN,-8.136318,0.042478424,-44.614872,-9.476099,S1-673692905,S3-741807515
TN,-0.85496837,28.228298,-55.61367,16.342384,S1-924476550,S3-305242602
TN,-42.163937,19.98827,-15.339615,32.88499,S1-979512361,S3-339385344
TN,-16.053623,34.412273,-35.80955,-1.7179327,S1-338061909,S2-769538582
TN,14.351693,22.89485,-4.192086,-3.1340394,S1-950163623,S3-304646417
TN,-52.646587,19.924751,-35.730858,52.70402,S1-276441537,S3-482572331
TN,41.551952,5.700958,26.425869,-0.120841086,S1-616998201,S3-830571238
TP,65.75538,23.481647,12.400122,42.866062,S1-11794969,S2-844495479
TN,12.988975,-42.51596,41.783897,13.081016,S1-319581930,S3-633628764
TN,-5.3081875,-29.22394,9.083012,-43.592632,S1-516169366,S3-861162086
TN,-2.8657656,-26.760084,12.757464,-43.830914,S1-612742168,S3-962103413
TN,-40.451626,-33.756138,-33.964783,22.131647,S1-298271065,S2-732038597
TN,3.907493,-11.9204855,2.7661033,-21.42411,S1-732171061,S3-240074180
TN,-62.554585,17.498905,-34.520805,44.634804,S1-271321576,S2-600009192
TN,-70.05917,20.973469,-4.3473005,23.576319,S1-289722783,S2-653572845
TN,-0.49266154,29.523174,-55.895115,15.971617,S1-303106559,S3-659077707
TN,-25.262669,-36.62819,20.277897,-73.159676,S1-185681171,S2-271137367
TN,25.628962,-26.531075,31.090002,27.531418,S1-600054706,S2-380690649
TN,-10.926845,21.620274,-11.986585,-36.289314,S1-627221105,S3-836260325
TN,-25.626806,14.280957,-20.952806,-15.952937,S1-857553529,S3-681299707
TN,-11.507939,11.597236,-29.707514,-23.232512,S1-732144123,S2-790619582
TN,24.12392,-68.184654,71.954865,29.80967,S1-622705461,S2-442471515
TN,-52.39331,-35.486515,-36.585575,-2.1247838,S1-907269316,S2-971529434
TN,-11.850278,33.084625,-40.64126,-19.203222,S1-430164087,S3-654028794
TN,-13.441065,16.65251,-23.699957,-21.329405,S1-578258600,S3-11357875
TN,-68.46211,22.333563,-35.53229,44.884144,S1-163635952,S2-995156087
TP,39.9461,30.931334,4.351593,23.533035,S1-41427901,S3-170479463
TN,-13.095179,-3.7969935,-43.59788,-39.78479,S1-857794611,S2-63128134
TN,2.6932757,-3.7546096,4.390184,-22.735426,S1-478580870,S3-48326418
TN,20.449537,51.314766,-63.815376,0.5232263,S1-467693984,S2-382284339
TN,-79.30654,20.814537,-47.603497,41.831345,S1-751793464,S2-887879137
TN,4.834949,-46.04996,58.626865,2.6094697,S1-926788399,S2-59693523
TN,-63.84072,14.6735325,-30.71309,50.702564,S1-394060684,S2-216779280
TN,0.6687735,-60.576824,48.1068,-35.485188,S1-512582111,S3-1754589
TN,-35.507263,43.01477,-23.68508,-18.762676,S1-967510741,S3-58413713
TN,-15.299635,-5.369652,-44.22607,-40.65327,S1-129165183,S2-873476314
TN,-39.54116,-29.377407,-39.858482,-15.039047,S1-211918454,S2-582466992
TN,-49.43996,-22.768118,-21.608866,-43.34498,S1-394897141,S3-732245342
TN,28.04343,-38.508667,72.585556,17.894602,S1-673126255,S3-290103957
TN,-34.67863,43.14822,-21.974771,-14.867319,S1-821168838,S2-480604392
TN,-38.818478,-35.810783,-19.593313,-34.98096,S1-312686981,S2-606785316
TN,7.016361,40.894295,-64.54802,-8.173987,S1-380414226,S3-240653676
TN,33.63474,-25.994284,36.13002,19.86948,S1-263839501,S3-38558073
TN,58.622242,-16.622215,72.356316,-23.44504,S1-855734921,S2-424182154
TN,3.638168,33.389423,-54.376232,-11.733588,S1-644742024,S2-540719566
TP,64.839066,24.145157,19.674463,41.629498,S1-404371792,S3-849165913
TN,41.39372,-12.147008,13.643301,12.456865,S1-159220371,S2-954832796
TN,8.4299345,-10.756666,11.5588045,-10.596781,S1-164059777,S3-780944177
TN,-6.1767836,-17.45792,7.993713,-39.223743,S1-296169853,S3-957962038
TN,-39.297928,-39.949905,-39.660732,20.388376,S1-7514615,S2-462332
TN,24.854185,-27.447332,29.895464,24.210028,S1-106965219,S3-866992941
TN,27.199526,-70.3547,88.83266,1.1444018,S1-653980991,S3-704315108
TN,-34.47263,-39.024662,-50.425293,-34.97246,S1-961688877,S2-241022963
TN,31.722916,-34.76556,39.639313,31.2149,S1-558162482,S3-572316671
TN,48.984043,2.0789309,39.25173,-56.96839,S1-171220270,S2-756982676
TN,-9.998577,26.723602,-43.86289,15.560104,S1-179239522,S3-494767657
TN,-63.624767,31.727283,-19.498793,35.633957,S1-396393213,S3-948846828
TN,-65.35224,17.192375,-36.783245,44.83231,S1-712512683,S2-397390758
TN,-49.86045,-36.0141,-36.72289,11.013206,S1-293025266,S2-731374988
TN,29.11279,-36.12274,74.74761,14.020079,S1-265196556,S3-501307408
TN,-68.801865,21.342306,-33.211773,42.485817,S1-57150340,S3-160079685
TN,2.184191,-13.226636,13.312012,-2.4254434,S1-786304436,S2-252027397
TN,-10.439939,14.315377,17.582933,-73.80708,S1-464377259,S3-812996011
TN,-4.4822216,45.999252,-12.136907,20.576668,S1-126230394,S2-996905990
TN,31.705425,-53.844933,57.342064,31.660376,S1-860277417,S3-500076067
TN,-54.97329,28.717188,-43.93919,56.04649,S1-100103523,S3-437813291
TN,-64.63899,15.822236,-33.43175,58.769455,S1-185012266,S2-151317064
TN,-39.310246,-38.41292,-38.668324,21.826113,S1-58499053,S2-632557127
TN,-29.001038,43.10941,-39.368202,12.87331,S1-396011211,S3-178691880
TN,34.313606,16.037037,20.272573,29.728153,S1-812544308,S3-121266272
TN,-28.533068,15.539762,-29.662931,9.449904,S1-305657078,S2-747046342
TN,29.22521,-6.418212,25.65866,-16.509449,S1-36641223,S3-125911770
TN,26.50012,-8.216064,29.394548,-13.825526,S1-634666395,S3-757658374
TN,-46.82984,-36.47401,-47.933804,14.149553,S1-123620336,S3-950739163
TN,-24.315428,-2.4415524,-30.28416,-41.432312,S1-313271223,S3-968227877
TN,-0.9020174,-27.708187,15.686012,-44.853573,S1-579006820,S2-293203571
TN,21.212896,-47.305996,48.898907,21.160633,S1-997288113,S3-336776999
TN,47.981464,12.214436,26.148666,-71.54507,S1-57162856,S3-727200398
TN,25.392885,-29.451082,64.57431,12.410292,S1-917640580,S3-346909964
TN,44.51132,0.12696779,36.08055,-59.38041,S1-580172020,S2-344913563
TN,9.174122,-15.364645,26.952845,4.5707426,S1-134180679,S2-15724601
TN,-0.7585405,39.453373,-57.243366,-8.442381,S1-14652063,S3-86608288
TN,3.773223,-15.538961,6.409288,-20.75177,S1-100138407,S3-452299768
TN,28.890213,-66.95262,88.311935,1.4799093,S1-254049862,S3-766940145
TN,-54.392647,0.36623737,-12.949995,-9.636544,S1-62306614,S3-506415611
TN,-27.195267,5.083591,-15.777769,-41.099728,S1-820018761,S2-964376424
TN,15.095175,42.633003,-68.41867,-8.757049,S1-370644777,S3-360554885
TN,27.510075,-7.392836,23.012375,-14.844538,S1-238126058,S3-662651900
TN,-22.87624,-3.038792,-31.400826,-42.904293,S1-794646846,S3-323431663
TN,9.482028,40.36456,-67.8501,-5.605775,S1-467861397,S3-411034157
TN,-35.744724,-15.600513,-52.97849,32.075882,S1-12771218,S3-334300021
TP,39.043972,32.451656,1.6520404,32.46177,S1-877667153,S3-236502764
TN,22.98311,-53.341263,76.294266,-1.2946059,S1-331508852,S2-302873682
TN,6.497527,-50.90168,59.759148,1.7793121,S1-198786443,S2-801040876
TP,52.23683,31.412197,5.535641,42.18556,S1-859442811,S3-906261363
TN,39.16519,-35.053097,38.370342,38.33736,S1-205878044,S3-518591553
TN,-5.009315,21.901375,-52.22814,12.593325,S1-41166546,S3-600715959
TN,-13.753053,-30.49468,10.073936,-49.13153,S1-163765185,S2-382179594
TN,-34.50376,-38.613323,-50.19571,-33.607697,S1-103643047,S3-57785022
TN,2.1875012,43.576035,-67.76992,-5.113919,S1-210303839,S3-364141155
TN,30.210602,14.906218,9.585812,22.751602,S1-803507493,S3-830346617
TN,6.607119,-45.651447,56.791447,0.6761908,S1-733621739,S2-778719921
TN,9.374724,-50.71434,58.522427,-1.7809899,S1-161011525,S3-544630894
TP,56.325474,32.45916,11.46965,39.74745,S1-265749433,S3-636955389
TN,12.967279,42.06507,-69.43021,-17.26949,S1-57904040,S2-421100568
TP,63.45973,23.187906,13.765151,42.70924,S1-766458019,S3-169984613
TN,-41.45848,-30.676348,-31.547888,-18.868301,S1-547566190,S2-82520303
TN,-8.572951,7.5632944,-14.951814,0.32656842,S1-158253470,S2-409563649
TN,49.727097,-10.001767,44.10608,-59.150345,S1-904146576,S2-106248044
TN,0.85900176,-66.00468,49.14832,-30.811857,S1-411379293,S3-317507595
TN,-16.822878,35.718327,-36.574768,-1.6180322,S1-929322276,S2-503408918
TP,55.992428,28.404781,12.288583,48.315437,S1-644533286,S2-196912263
TN,29.063717,-11.756947,47.331646,-13.970097,S1-843939982,S3-608617508
TN,-71.777824,11.8424835,-27.541025,50.374527,S1-421378855,S2-125831856
TN,-4.9376974,33.400463,-10.504115,-0.48234424,S1-517880498,S2-475110869
TN,34.36135,-32.72026,38.289333,33.53359,S1-506209215,S2-210109114
FN,-35.146626,50.89926,-3.5085938,26.872095,S1-843367526,S2-976731262
TN,-10.845406,27.385883,-9.692387,-5.6512737,S1-318457685,S3-988110105
TN,35.393837,-62.36986,67.94602,26.796051,S1-813233170,S3-216565918
TN,-46.686577,20.209967,-20.343357,47.853565,S1-298079106,S2-410324111
TN,-9.912889,15.556813,-46.466167,11.858848,S1-248456714,S3-866617038
TN,6.2290916,-49.792168,55.18602,7.329235,S1-642919929,S3-572329072
TN,-22.619987,20.686213,-34.4522,16.554266,S1-908227518,S2-985318787
TN,22.088072,-45.097424,49.56739,23.73873,S1-168257891,S2-866086898
TN,-13.963388,18.342064,-19.051537,6.718876,S1-796972553,S3-477730977
TN,28.628345,-27.948652,30.23072,28.085808,S1-642043465,S2-32379488
TN,28.340302,-54.489002,59.721424,32.273235,S1-290365127,S3-273731860
TN,11.0751,38.861267,-69.18983,-5.1657543,S1-30454306,S3-250541199
TN,3.2703795,-52.662758,60.760292,-0.72397053,S1-706523130,S3-522272795
TN,-0.53308654,-9.4138,22.560211,-0.41786608,S1-235981096,S2-456197652
TN,5.215465,-7.2209234,12.72224,-10.616997,S1-248284968,S3-198517264
TN,13.796148,-8.364634,23.811388,2.5206592,S1-935182897,S2-53917304
TN,-41.589493,19.255596,-10.745845,31.751,S1-128634983,S3-771580915
TN,29.297699,-11.643745,46.168854,-13.965953,S1-23019421,S2-27649541
TN,14.15806,-14.003736,24.447857,2.7062151,S1-301287155,S3-508987895
TN,-69.9119,12.542093,-43.37473,54.627773,S1-963817847,S2-376432680
TN,11.290881,-13.162589,8.295901,-17.597424,S1-669804984,S3-995748524
TN,-67.096634,25.860617,-29.39108,-4.274593,S1-555171962,S3-78208233
TN,-21.612387,-39.924446,15.234415,-1.1088998,S1-587035790,S2-756422642
TN,-51.63806,-4.5219755,-37.28234,4.9272847,S1-227181885,S2-430155820
TN,7.470114,-14.896011,3.95077,-19.429008,S1-833282830,S2-181324295
TN,-23.66575,2.652076,-20.539919,-40.97654,S1-385089224,S3-363228064
TN,14.729225,-56.734745,21.392727,-10.760842,S1-346923907,S3-563529970
TN,-43.402447,-41.152214,-49.878048,16.877684,S1-191480479,S3-44306602
TN,15.048364,-15.570671,24.132061,2.515428,S1-116801684,S2-337003953
TN,-39.328968,-37.978394,-36.67823,19.157995,S1-444897052,S2-683209531
TN,-1.8172503,20.975237,-50.296967,17.739729,S1-213021937,S3-938886313
TN,16.16812,-59.137638,41.435772,-4.3418427,S1-825764758,S3-62052578
TN,-1.5764581,27.314022,-55.697296,16.235224,S1-643945633,S3-622713566
TN,-1.2001039,22.15434,-17.208145,2.068306,S1-897021782,S3-226050131
TN,19.44772,-9.455156,21.207174,-18.47097,S1-550164474,S2-73580574
TP,50.41245,8.717788,31.160673,-71.78985,S1-449292771,S2-205209985
TP,63.25303,25.973274,20.683615,46.244785,S1-717775200,S2-449615547
TN,-9.745006,42.01876,-5.3593407,-6.5464034,S1-144005965,S3-566980824
TN,-19.299143,13.038749,-24.220926,-18.630901,S1-144635258,S3-454169823
TN,-58.79274,21.809162,-27.665981,52.967915,S1-74207364,S3-100870706
TN,-9.854311,10.653887,-39.773808,24.978573,S1-66876792,S2-172651994
TN,33.24185,-33.083298,40.073174,36.208416,S1-838146438,S2-277582302
TN,0.73858106,-64.87191,50.296055,-31.857676,S1-294047784,S2-728404975
TN,46.643967,4.7017097,39.750328,-56.93893,S1-806048405,S3-612986072
TP,55.266037,32.50212,15.554465,40.506233,S1-353936139,S3-928187690
TN,-22.922335,-41.458984,39.70574,-3.432371,S1-195590682,S3-961692325
TN,-4.5383058,29.410845,-40.881424,-9.095721,S1-327722768,S2-585931043
TN,-31.447563,-12.981491,-50.14553,39.232903,S1-876785032,S2-816399082
TN,31.309183,-64.079636,67.78011,27.4362,S1-234241077,S3-818208333
TP,60.396233,25.415628,21.267933,45.38804,S1-324062637,S2-70644613
TN,-16.271542,-7.0706887,-46.033787,-41.221214,S1-875256812,S2-224855863
TP,67.97218,27.131605,9.018541,51.85449,S1-479209398,S2-369392433
TN,63.119366,-16.539547,66.80074,-18.84597,S1-759828723,S3-181522008
TN,-69.312416,28.609453,-34.51485,56.41266,S1-122901702,S2-340438752
TN,-17.160463,27.946112,-42.43654,-8.234362,S1-937603533,S2-166387627
TN,12.480123,45.740433,-64.95369,1.2188671,S1-125957657,S2-28834657
TN,48.664604,4.361763,36.887577,-54.158604,S1-786340220,S3-737610654
TN,58.385265,-21.23918,77.28597,-17.300396,S1-642797040,S3-195701485
TN,31.637379,-52.33754,57.41827,30.571074,S1-873780440,S3-4453474
TN,12.959046,-45.419815,43.18239,11.033701,S1-172193824,S2-89073115
TN,-33.337833,39.208748,-33.654404,-21.293741,S1-405904301,S2-886468922
TN,23.769827,45.00881,-21.288918,-49.6273,S1-309890390,S2-905520156
TN,-55.1471,-2.165798,-66.464005,-3.1593587,S1-972392687,S2-193726925
TN,17.958244,-33.294765,21.995708,-7.6182675,S1-326756833,S2-993915871
TP,53.242016,35.544308,0.48375514,39.409836,S1-221098732,S3-645507761
TN,44.669724,-13.394239,15.896476,39.178787,S1-432135474,S2-885861692
TN,1.4669236,-51.752365,61.102104,-0.49489984,S1-541280559,S3-627816136
TN,17.539238,13.80981,34.21487,60.693184,S1-935101793,S3-514844033
TN,-31.816238,-16.654957,-53.041496,34.827404,S1-893562260,S3-865375566
TN,-50.684174,1.6003134,-32.864265,-41.304825,S1-34202086,S2-675404112
TN,-6.194462,26.569803,-8.985113,3.4299958,S1-233284489,S3-147088075
TN,15.520796,39.229443,-67.735306,-19.610325,S1-602144703,S2-974734986
TN,-22.329166,25.110971,-41.928806,8.217562,S1-805123113,S3-986624523
TN,10.510756,-29.642925,21.616072,-37.42977,S1-628429943,S2-359910159
TN,57.8211,-23.634142,73.2312,-18.385511,S1-982885719,S3-551108009
TN,20.44472,51.325634,-64.263016,-24.278908,S1-337576394,S2-25206624
TN,2.570051,37.095444,-63.94035,-6.508295,S1-60081320,S3-158735433
TN,23.251184,-17.642546,21.239107,-19.262648,S1-344917301,S2-289663822
TN,15.224462,39.746998,-68.70159,-18.77782,S1-209548691,S2-772180852
TP,66.79904,20.173624,13.468451,49.295105,S1-45883579,S2-782642101
TN,-5.6538067,35.73566,-7.7560587,3.7241583,S1-972210348,S3-289726120
TN,6.473516,-13.992424,17.461494,-11.159754,S1-929293124,S3-634585723
TN,18.622847,-55.17738,41.189423,-1.7928159,S1-747847050,S2-610077684
TN,-28.226858,38.21715,-20.818394,16.993935,S1-576710717,S3-200787128
TN,52.48579,4.4196563,34.809273,-72.91189,S1-638989061,S3-765125301
TN,-1.933634,-6.620408,20.811262,-73.14191,S1-621373896,S2-317218834
TN,-9.597788,10.079616,-14.233613,0.84864265,S1-950483297,S2-43191776
TN,-16.464415,27.456388,-12.87365,4.400769,S1-122270804,S2-996300486
TN,3.8356216,-9.120261,4.670313,-18.259644,S1-790950080,S2-130385328
TN,1.4196764,44.671543,-57.764996,-10.194996,S1-898991863,S3-882965764
TP,51.356033,40.64112,3.660084,67.94785,S1-134758088,S3-650711338
TN,-56.714455,-1.2395282,-31.483622,-49.60385,S1-830264848,S3-287112070
TN,-4.166325,56.05219,-67.95246,1.434907,S1-929795156,S2-959984612
TN,-10.552331,24.731188,-17.829365,-7.366576,S1-550476661,S3-974835394
TP,40.17316,33.12749,1.0935636,31.517591,S1-287024467,S3-326290787
TN,-34.42557,-5.3390813,-22.007364,35.53156,S1-536292491,S3-646096313
TN,13.895994,-44.64353,43.40705,10.254204,S1-274546015,S3-70326205
TN,-0.6923244,-13.429465,14.26603,-5.82578,S1-898513775,S2-198660281
TN,4.214328,-49.631016,55.04204,7.386708,S1-521565700,S3-572249630
TN,-0.9617324,23.967363,-8.8238945,3.6278644,S1-436626238,S3-314352714
TN,-20.372442,1.9645749,-21.869183,-39.141796,S1-605520632,S2-906762703
TN,-62.942467,17.0439,-27.565329,49.05923,S1-889455397,S2-771549827
TN,0.20277824,-65.912895,48.801178,-30.509571,S1-86244046,S3-745478994
TN,22.268902,-63.194595,68.04746,37.361702,S1-978379947,S2-915331473
TN,10.568435,-43.096645,42.78741,11.545875,S1-508770564,S3-766782004
TN,-41.556828,-37.64405,-28.580046,-24.368979,S1-525824873,S2-519274530
TN,-36.475204,38.58431,-51.326405,-37.15066,S1-256491799,S2-571167313
TN,-44.81939,-28.771341,-42.342636,12.162667,S1-188417856,S3-734972230
TN,-17.516027,23.238716,-34.61542,22.345068,S1-853394224,S2-512606146
TN,21.163418,45.793037,-27.867044,-45.72684,S1-565710273,S3-430664076
TN,-14.861718,-30.458937,11.384964,-48.07001,S1-40535072,S2-967975301
TN,0.81672555,-14.237187,4.5615816,-18.876303,S1-500095327,S2-547582134
TN,15.241737,14.510424,34.175716,62.46757,S1-143357942,S2-95266057
TN,15.681859,32.183456,-56.803913,39.252197,S1-646459119,S2-507541319
TN,11.712079,46.45458,-62.002922,-1.6540531,S1-306239977,S2-418363658
TN,-20.568285,17.648773,-16.228365,7.834412,S1-266806167,S3-141863740
TN,-20.352427,-17.12882,16.261463,-25.727697,S1-753472061,S3-959272121
TN,-7.1745405,21.799742,-17.44757,-6.1107826,S1-232635281,S3-328301132
TN,-18.929443,33.986626,-39.3078,-16.806145,S1-99686981,S2-310187477
TN,-23.532696,24.1885,-10.814122,12.831418,S1-828139575,S2-544527473
TP,53.04602,30.641857,11.014573,39.254177,S1-667819466,S3-251078768
TN,-62.897247,18.058039,-17.155848,49.926277,S1-92777137,S2-641247858
TN,18.409395,-56.603035,42.054268,-2.357508,S1-354851541,S2-130287863
TN,35.222282,15.364087,16.99361,53.324234,S1-897578929,S2-360764622
TN,-17.916304,46.48332,-27.140223,25.99727,S1-644148689,S3-272436628
TN,56.91458,-18.93032,68.03869,-19.282263,S1-783216628,S3-596055609
TN,-52.903786,-36.095703,-28.008444,18.650333,S1-617240558,S2-603612694
TN,-22.748924,-38.731514,16.028795,-7.3369555,S1-432083601,S2-994855536
TN,60.236217,-20.81699,69.87445,-19.399965,S1-778319581,S3-378723159
TN,8.145214,43.684093,-21.957481,-48.45239,S1-284718834,S2-927893199
TN,9.693059,-29.950644,24.16316,-36.460884,S1-529260221,S2-298968841
TN,-13.389231,47.854515,-5.374985,6.8774433,S1-164359331,S3-264615613
TN,-5.6788573,-31.215551,10.645422,-49.823925,S1-502008770,S2-836749183
TN,-24.073414,64.466194,34.604126,61.447987,S1-499399798,S2-274364805
TN,-16.809633,31.820732,-39.266514,-8.052755,S1-365562825,S2-331822940
TN,51.12059,7.112635,32.626484,-70.37555,S1-367564997,S2-163985328
TN,-15.48446,36.334377,-1.5979061,-7.068283,S1-676752608,S2-612174325
TN,23.11311,-31.8218,66.10742,13.064451,S1-647581178,S3-648462744
TN,-26.078882,64.42554,1.400567,71.231,S1-832447394,S3-745720768
TN,-15.930831,22.03337,-17.197811,-8.949231,S1-939955823,S2-661298704
TN,-49.516453,-31.71661,-44.944378,12.23018,S1-455247087,S3-33697537
TN,-14.384168,46.1975,-60.003475,-9.038054,S1-601952212,S3-442807978
TN,35.131874,14.133655,16.447079,30.77871,S1-671529721,S3-452570297
TN,-43.95897,-34.536774,-34.44847,17.290081,S1-63633812,S2-699607438
TN,-70.61504,10.213022,-26.608227,53.980762,S1-448248823,S3-914635876
TN,0.87549496,43.26949,-54.65868,-11.74899,S1-744063239,S2-775685860
TN,-4.1943693,-24.844627,3.25803,-38.986618,S1-45496962,S2-164602670
TN,-1.1096153,-24.152994,12.972296,-44.03951,S1-550586992,S3-833202261
TN,-16.105902,12.530788,-28.572454,-23.04819,S1-307866761,S2-391218040
TP,50.113422,30.239628,6.782295,39.422733,S1-210841572,S2-895549236
TN,4.4467697,-17.534134,9.716179,-1.4104662,S1-433709375,S3-861062960
TN,23.376802,-61.85635,68.69493,35.75766,S1-684402562,S2-661884388
TN,-18.60138,11.639448,-15.988648,-7.0393376,S1-997418118,S2-341655408
TN,-15.877879,-56.673748,35.94792,-34.56884,S1-966267295,S2-565386854
TN,4.938872,9.709275,33.990295,61.86798,S1-960436711,S3-522847483
TN,-25.439682,21.334715,-21.67674,18.984695,S1-822519738,S3-607445023
TN,51.861057,-19.413843,36.83024,29.917257,S1-508305575,S3-74820858
TN,2.3361137,-16.10328,9.258216,-21.05379,S1-778389268,S3-647020863
TN,0.93029195,-43.798462,51.141502,-10.870018,S1-878711330,S3-532787826
TN,-17.845507,-38.284763,16.081781,-14.739262,S1-626435490,S2-484558627
TN,1.6306735,22.521355,-52.05089,17.137472,S1-373026208,S3-978386894
TN,24.755672,-7.0107713,26.881392,-20.60916,S1-314948751,S2-246761797
TN,10.645561,-15.170334,22.715492,0.012485728,S1-167450200,S2-57239201
TN,5.411941,-52.042583,61.297676,1.1577051,S1-214825809,S3-528341298
TN,-8.294695,14.923615,-45.479946,18.395565,S1-827471997,S3-462478664
TN,-3.5944085,38.07982,-58.1166,-7.6788955,S1-596530945,S3-933309927
TN,10.8692045,50.683098,-61.353973,0.7663732,S1-556788680,S2-49454428
TN,4.414133,-10.78448,22.15945,-0.94173217,S1-822159135,S2-245561
TN,-20.41657,10.864661,-17.880077,8.2703085,S1-657371340,S3-366213540
TN,-27.94095,25.247574,-21.619549,5.251879,S1-487679156,S2-27633432
TN,-21.069971,14.568163,-16.008307,-3.5948963,S1-309882365,S3-767083690
TN,-45.867462,20.025404,-13.903465,33.10577,S1-924113801,S2-446849676
TN,52.186245,-30.420174,60.063198,-6.005052,S1-658468468,S2-204142859
TN,21.168798,41.643276,-24.71762,-48.19134,S1-372022580,S3-932745979
TN,25.952845,12.631312,8.817049,22.355146,S1-361324244,S2-436840277
TN,-35.46451,-15.594608,-49.205326,33.106323,S1-910862385,S2-794308767
TP,68.56197,27.67966,10.23143,53.739773,S1-555204494,S3-462158632
TN,-59.17658,24.869938,-25.774212,44.44139,S1-927999183,S3-387551089
TP,52.851234,43.715492,5.0731025,65.72464,S1-656630024,S2-102657083
TP,39.884377,31.452791,2.8823211,23.092094,S1-28189918,S3-694309221
TN,46.11586,-0.29937413,39.83367,-62.27427,S1-227018279,S3-19169629
TN,-2.1590233,26.152145,-14.907301,10.67667,S1-33326246,S3-733654669
TN,50.53062,4.3487906,35.16968,-72.38367,S1-957264615,S2-262265526
TN,-33.1431,39.225346,-38.291214,17.617033,S1-833242576,S2-360285394
TN,-32.9671,36.42156,-49.020443,-37.026566,S1-434907813,S2-100285644
TN,-24.203566,30.332,-41.24859,0.28901666,S1-862660948,S3-392446797
TN,5.0722795,-66.58124,41.084034,-3.0379667,S1-634682940,S3-870368434
TN,-23.584055,-1.3977736,-31.186197,-42.113106,S1-112719627,S3-629869336
TN,-27.498814,3.6878674,-13.182012,-35.97426,S1-806511725,S2-350218119
TN,-18.066164,-32.859146,23.733362,-37.1402,S1-979709634,S3-275158070
TN,-18.424805,17.675026,-10.172172,-13.092315,S1-341306283,S2-81754447
TN,-17.733963,-6.875464,-46.30971,-42.27332,S1-166371188,S2-670076973
TN,-44.228794,-33.840794,-46.89072,13.107602,S1-231972031,S3-123127033
TN,31.339357,-49.893284,49.950054,27.181864,S1-200950258,S3-790894120
TN,15.729399,47.300217,-67.82326,-20.35916,S1-878714628,S2-221632054
TN,-59.071198,27.630938,-25.401777,45.885143,S1-739409120,S3-496750680
TN,-14.412693,11.342033,-36.441868,17.357624,S1-561586475,S2-296351308
TN,-19.841728,25.263218,-29.290154,6.7221656,S1-996802959,S2-90317605
TN,12.434103,-41.76716,42.15995,12.742965,S1-729862871,S2-983561107
TN,-34.361492,42.246567,-16.05122,-45.683254,S1-283956381,S3-696295540
TN,9.410835,-43.940975,42.161697,13.311458,S1-308330818,S2-2644305
TN,30.85352,-54.30834,61.53497,33.57453,S1-35323686,S3-390024443
TN,-45.909157,-39.73668,-44.032112,10.269602,S1-994364156,S3-947968351
TN,-18.32593,41.205116,-6.0307493,-7.1471977,S1-585029659,S3-494661848
TN,-64.3776,18.085941,-24.099329,50.406437,S1-549582098,S2-315537827
TN,-34.65525,-39.83771,-51.478344,-35.431965,S1-78070540,S3-399364405
TN,4.2019935,24.130472,-70.62252,-3.3474634,S1-758875148,S3-792952867
TN,61.481255,-24.659204,71.87684,-20.63582,S1-718766087,S3-590313261
TN,-45.81869,-29.329931,-21.6645,-19.339745,S1-399532710,S3-26368501
TN,25.825768,-38.991932,73.39443,17.526047,S1-679109966,S2-795633210
TN,-33.855656,47.087173,-24.398811,18.649002,S1-622135879,S2-763092377
TN,10.090483,-25.435123,39.20347,-7.2515097,S1-309336623,S2-361828724
TN,11.243971,-16.128584,1.7114638,-20.06129,S1-754369748,S2-662363046
TN,-39.192184,43.682026,-17.280287,-43.818684,S1-564680047,S3-781129901
TN,10.5169,43.84614,-60.5987,0.3198526,S1-210303839,S2-374946496
TN,62.0807,-20.973845,78.078415,-17.644606,S1-440315090,S3-294522888
TP,66.988235,28.029663,8.508859,45.399254,S1-91499524,S2-945589884
TN,33.428246,-36.1994,41.313274,35.176865,S1-960108413,S2-190642185
TN,30.737326,-26.859728,30.191872,27.938843,S1-19936277,S2-411942594
TN,60.84315,-22.239056,69.36388,-18.790443,S1-511402346,S3-871951051
TN,4.1463876,45.31645,-52.87395,-8.007369,S1-586055609,S2-842484455
TN,7.27918,-49.53677,54.270958,7.7943683,S1-122447207,S3-886268191
TN,-22.435545,0.24229108,-23.555927,-39.76467,S1-374042882,S3-244358185
TN,9.48083,-12.949666,16.056051,-7.7574315,S1-603487400,S2-613260325
TP,51.282215,26.115026,22.718317,42.140137,S1-970284589,S3-630312339
TN,2.2429388,-62.675632,50.531628,-31.978102,S1-126633960,S2-272092879
TN,-28.377003,21.90195,-11.594481,9.8781805,S1-81063034,S3-82533034
TN,-18.458809,7.4950457,-32.57665,-19.622217,S1-646637073,S2-455893955
TN,-18.226084,18.213608,-34.81108,15.801572,S1-125740741,S2-83823482
TN,10.931562,-19.499748,5.5068774,-17.896431,S1-140630590,S2-262666231
TN,2.5367746,46.543118,-55.548336,-19.098032,S1-10960377,S3-564350728
TN,0.46503255,17.18573,-39.24861,13.685442,S1-597094191,S3-335235819
TN,24.499609,-63.57996,69.14606,36.464783,S1-185187610,S2-930292942
TN,-38.370403,43.34846,-13.162771,-46.38049,S1-941601482,S3-875320881
TN,-37.21983,47.764538,-17.041872,25.675093,S1-37832651,S3-898357058
TN,34.045647,-52.567444,80.93165,-0.3695577,S1-687698446,S2-856310282
TN,23.335924,1.8504578,31.60237,-13.615638,S1-536896884,S3-384354286
TN,-28.299313,44.564526,-46.558342,-15.89764,S1-649952800,S3-57084361
TN,1.7503862,30.726234,-4.748279,4.945806,S1-497460285,S3-543027237
TP,67.3511,26.32981,11.957032,45.99284,S1-475708695,S3-12921966
TN,-43.929447,-35.32465,-46.45833,10.369401,S1-652811609,S3-262590250
TP,49.60431,27.152657,14.854103,43.114555,S1-462719594,S3-494749309
TN,17.925388,-0.49758086,32.109695,-14.8711,S1-765457333,S2-338244464
TN,39.48471,29.515911,-43.67046,0.6882089,S1-975744681,S3-123831106
TN,56.941113,-19.049229,68.94105,-18.922798,S1-446272400,S3-26184139
TN,-8.0839205,-0.09583855,-44.748924,-9.337284,S1-653161116,S3-80646897
TN,-65.97336,34.077385,-30.18308,60.29843,S1-396654330,S2-333890620
TN,-41.59881,-42.26648,-56.129375,15.3317175,S1-332928369,S3-980858061
TN,-44.012722,-23.980722,-25.022858,-37.769894,S1-945621899,S3-353446034
TN,14.111956,33.536278,-68.14112,5.549603,S1-314178467,S3-365893424
TP,58.085876,38.23851,5.1401677,32.102993,S1-785335787,S3-972131570
TN,0.16192901,35.895336,-53.17754,-9.845192,S1-904146576,S2-134054861
TN,-61.49359,24.211124,-27.066372,53.860878,S1-574567827,S3-110891141
TN,3.4335208,-47.905846,54.769623,7.663738,S1-886847936,S3-758220880
TN,46.883377,1.1058357,38.987293,-57.31151,S1-462040336,S2-231902725
TN,-24.607683,-16.990185,13.470293,-27.90068,S1-862181144,S2-582837100
TN,34.403763,-31.808014,37.92943,33.59965,S1-859376300,S2-586258501
TN,-66.27128,23.923422,-36.22362,47.00792,S1-793816075,S3-290956013
TN,-29.220387,5.12485,-17.347427,-40.077625,S1-841170603,S2-361725098
TN,20.35376,-4.2335835,28.4042,-5.06961,S1-252839943,S2-688813993
TN,20.785324,-54.060356,38.850372,-0.87408537,S1-352580098,S2-533336714
TN,15.588095,-5.677205,24.717237,-20.269033,S1-158045053,S3-32709105
TN,-36.252007,-37.301075,-34.305634,-37.571148,S1-413565112,S2-940071064
TN,-35.520844,43.627853,-19.427168,19.785913,S1-606951447,S3-997457018
TN,-10.84159,26.94751,-7.245234,3.16512,S1-253004920,S3-188871002
TN,8.979039,53.088303,-63.66734,3.9050512,S1-352000009,S3-451833432
TN,12.2156925,56.353073,5.3993835,27.71616,S1-642034709,S2-140886962
TN,16.190886,-9.975842,11.258071,-19.836704,S1-751509308,S3-217124122
TP,64.90305,25.49897,20.576933,42.40998,S1-653567672,S3-605092251
TN,6.8495307,51.584526,-59.038414,-3.6587758,S1-426489284,S2-242017952
TP,49.287155,30.397032,4.4743543,34.47496,S1-993879598,S2-942128308
TN,-21.491997,-36.35634,8.9697485,-8.407634,S1-662162498,S2-979365045
TN,-3.2619658,48.467606,-58.19947,-13.183031,S1-455977155,S3-66499898
TN,37.537502,-28.963503,38.697887,35.572083,S1-461747119,S2-350506609
TN,-23.699959,16.126537,-21.047035,6.707202,S1-478071309,S2-794348479
TN,4.3190384,6.4922047,-14.504462,-5.6938157,S1-451901594,S2-23426368
TN,-40.185467,-38.51659,-35.65366,20.783968,S1-634218897,S2-175109330
TN,-7.400711,21.70623,-27.851126,-10.795851,S1-997350916,S3-952215667
TN,-75.89913,22.167109,-50.361202,42.940136,S1-528494699,S3-186766875
TN,3.192211,-63.199665,50.56052,-29.549698,S1-863200328,S3-836458625
TN,-11.800448,34.59208,-41.267654,-19.684011,S1-838752550,S3-621701573
TN,-22.502771,-19.191738,14.857761,-27.240044,S1-726377187,S2-720890031
TP,47.583557,36.720318,-7.6832666,32.52162,S1-780723136,S2-650007713
TN,-79.09782,23.019474,-48.831417,44.688267,S1-185012266,S2-341656370
TN,-43.352985,16.64869,-15.520158,34.42398,S1-593133578,S2-812898382
TN,11.525042,-31.956055,21.12795,-35.799503,S1-40008845,S3-380939964
TN,9.632959,-16.419601,16.808737,-2.1834276,S1-936738859,S2-333104134
TN,-9.731157,21.123146,-46.661606,6.3805704,S1-14197671,S3-428058668
TP,49.44442,32.887253,1.2846133,40.44838,S1-714123353,S2-911067972
TP,58.62313,38.70747,-1.9701188,28.116274,S1-541623258,S3-439743973
TN,-21.778378,-35.179012,9.10789,-9.261339,S1-114335735,S3-962488293
TN,-1.4633298,33.218853,-12.062841,1.4562602,S1-48995000,S2-670050709
TN,-68.16416,28.308577,-33.966026,52.54178,S1-487491483,S3-582173218
TN,-49.404564,-21.212925,-33.351894,-43.200806,S1-214097234,S3-132261549
TP,54.62811,26.11304,11.362967,34.070515,S1-573095143,S2-628380473
TN,-40.050613,-38.13183,-39.74495,24.101294,S1-352934218,S2-720522005
TN,-13.874259,39.536884,-43.423965,-16.898037,S1-897285538,S3-39622932
TN,-31.315998,-8.391955,-57.64414,35.61949,S1-528018058,S3-976777238
TP,40.00327,33.02944,-0.5152191,33.299862,S1-413727695,S3-228150870
TN,-4.137866,-31.16644,21.473732,-35.141727,S1-489451352,S3-519867166
TN,-11.443969,21.097584,-42.80082,18.569178,S1-639063566,S3-350773370
TN,-3.4812386,20.186749,-46.596973,10.228458,S1-436783782,S3-504201235
TN,18.873085,42.623272,13.491847,-51.69985,S1-995220280,S2-386965330
TN,23.573544,46.05812,-20.955912,-48.8707,S1-255181463,S2-211144151
TN,-46.606873,-34.35306,-20.29279,19.591705,S1-317274689,S3-846051517
TN,-3.601836,19.129042,-45.565514,6.599866,S1-450880009,S3-616866027
TN,-18.365595,26.840542,-34.782967,7.741183,S1-408278067,S2-770652938
TN,21.500364,-58.96988,68.003365,36.317886,S1-21532220,S2-823366910
TN,-20.336973,25.370882,-25.710806,4.713612,S1-740538930,S2-226614065
TN,-33.24472,-11.579809,-51.863304,31.72835,S1-926788399,S2-442014725
TN,21.525908,-46.916035,46.944355,21.57024,S1-74183228,S3-843809052
TN,30.44787,-12.49018,24.800577,-38.474556,S1-998101174,S3-726795058
TN,-16.256521,29.245476,-34.109947,-19.370129,S1-229396758,S2-454140363
TP,61.139458,25.815132,12.946889,54.04465,S1-417000769,S2-152462329
TN,-0.0734917,-28.774727,21.736298,-37.408894,S1-26041597,S2-549411830
TN,-45.291443,-37.31849,-47.71758,11.730102,S1-912960373,S3-881942592
TN,-49.8857,-31.866455,-20.117647,18.880936,S1-339929023,S3-122380608
TN,-38.77644,-34.24977,-37.65051,-6.59294,S1-636464758,S2-439313858
TN,-3.2443397,-32.329575,20.282417,-52.461006,S1-153033845,S3-612780478
TN,9.040951,40.453915,-59.23989,1.7871355,S1-971973892,S3-20031700
TN,-38.576992,44.87535,-13.3636,-45.846813,S1-844194433,S2-578104612
TN,-63.0406,23.683258,-25.074831,47.61421,S1-29425265,S3-701218187
TN,52.11244,-9.249713,45.881317,-61.291443,S1-378006629,S3-52936292
TN,46.76073,-14.258069,35.559124,-70.677414,S1-820370026,S2-40276479
TN,-18.163713,38.84274,-41.02121,-7.731012,S1-935986779,S2-456856155
TN,15.649767,43.5297,-63.871292,-21.1738,S1-615253547,S2-4355392
TN,28.76696,-27.878157,30.650528,26.661535,S1-763125643,S2-395536584
TN,-21.159447,-16.04966,17.227757,-25.2461,S1-11658451,S3-203357722
TN,50.223022,4.0300436,35.049294,-72.97365,S1-652686045,S3-995449530
TN,-36.374863,-15.584928,-48.909267,33.038437,S1-300117271,S2-164414949
TN,-32.862335,-10.922197,-14.355288,-14.3952875,S1-84030087,S2-165841103
TP,-37.15829,51.612858,-8.082728,29.371073,S1-508988263,S2-981268913
TN,-4.1671677,11.506253,-26.479649,-33.9861,S1-368341241,S2-744030844
TN,12.741774,-43.661484,43.80453,10.353814,S1-302434344,S2-556650968
TN,-19.994469,-37.663544,16.800583,-11.33867,S1-924476550,S3-709289504
TN,-5.7523932,12.865605,-25.519398,-33.43884,S1-439236089,S2-713860616
TN,-35.61279,-9.342977,-9.194687,-40.36115,S1-790442158,S3-307699288
TN,-65.756096,20.264185,-32.029774,43.905815,S1-205181888,S2-18221004
TN,-26.5706,6.385869,-19.141941,-42.52994,S1-982595548,S3-628592809
TN,-41.325817,21.821712,-12.80703,35.50515,S1-542006533,S3-443285661
TN,-0.10321579,40.325874,-57.80179,-9.99223,S1-38283832,S3-948888552
TN,56.942383,-25.78199,73.31215,-18.442818,S1-379781236,S3-204478434
TN,45.192123,-1.6699358,21.226934,-70.053925,S1-747561,S3-123421367
TN,-41.458862,-25.256035,-29.438715,-40.116074,S1-354189055,S3-673475459
TN,-44.982742,-42.544304,-55.483753,9.504397,S1-312366617,S3-834729428
TN,11.721311,-31.270494,20.24145,-37.738674,S1-585661062,S3-303578889
TN,-44.75578,-32.217323,-34.484764,5.703518,S1-737644968,S2-788439311
TN,31.52747,-63.535442,68.14077,27.79604,S1-651339285,S3-574132428
TN,49.210213,-23.556175,62.549103,-5.0347323,S1-222588643,S3-351959096
TN,34.88559,-37.7632,42.425064,35.2838,S1-348534255,S3-32247274
TN,-42.01976,-28.765015,-45.810642,4.6122727,S1-462811485,S3-887337932
TN,-14.757657,35.21747,-12.227596,-31.28207,S1-322472909,S2-312796448
TP,67.09503,21.868422,12.995672,44.178074,S1-316612284,S3-321666776
TN,2.9279392,-40.29475,48.401436,-14.021945,S1-553848879,S2-614091970
TN,-13.290719,19.471094,-17.833113,6.2464037,S1-603951861,S3-659552814
TN,3.2637444,46.107857,-54.370712,-16.692547,S1-140253986,S3-177620821
TN,33.65429,-31.678766,40.84506,37.06937,S1-942311623,S2-85952489
TN,-19.87155,-40.82329,14.985205,-2.4357696,S1-594026773,S2-322579177
TN,14.530168,-43.56404,40.958427,12.752881,S1-730329564,S3-437654601
TN,-46.611862,-35.167217,-47.341274,13.644533,S1-262945198,S3-89423298
TP,57.376442,28.929718,14.579671,36.78861,S1-320482971,S2-745155436
TN,-64.99546,22.501392,-31.227175,46.581608,S1-249298941,S3-438280784
TP,67.679955,30.018822,8.361096,45.18752,S1-212313150,S3-46658643
TN,20.22602,-43.823997,48.88075,19.48135,S1-176485281,S2-245519916
TN,-49.94377,-28.010174,-16.001925,26.837908,S1-251949372,S3-763811058
TN,-40.280506,19.63916,-9.718107,32.75754,S1-725902006,S3-660345194
TN,-22.999548,-37.970776,9.50854,-10.533297,S1-399750392,S3-65390699
TN,28.623302,-10.48805,20.067398,-53.034275,S1-488661355,S3-64304005
TN,-47.998623,-4.949599,-28.730577,-38.078903,S1-33455074,S3-459586682
TN,-26.08955,64.38691,0.9105799,71.23806,S1-639193771,S3-624328609
TN,31.485771,-67.38252,62.8519,35.757153,S1-10960377,S3-735847000
TN,34.677845,-29.609438,37.245285,36.731285,S1-714961406,S2-542638576
TN,15.526544,-13.025067,24.609966,2.842907,S1-707322781,S2-19866054
TP,50.86157,31.65486,4.9775286,40.88854,S1-974075779,S3-22739111
TN,-77.75569,21.063068,-48.66916,41.571384,S1-332453881,S2-746627691
TN,-61.93829,9.105032,-31.527739,47.980774,S1-477081444,S3-591778644
TN,-62.48365,9.5377035,-34.17052,46.618317,S1-727876835,S3-352448435
TN,31.707676,-11.06723,20.493286,-49.55457,S1-25991086,S3-488580232
TN,14.133131,32.734375,-61.519047,4.132449,S1-738246474,S3-274265579
TN,-6.9462247,41.600998,-56.34557,-12.635659,S1-615309380,S2-586148575
TN,5.8526783,-48.823963,59.261673,1.6811622,S1-679811335,S2-946754868
TN,-44.03433,-28.847939,-20.292969,-35.17037,S1-368141840,S3-721678702
TN,-43.860435,-35.01371,-36.908077,19.09283,S1-912697255,S2-150116496
TN,-25.910711,-11.718946,-52.87036,37.84539,S1-912497043,S2-717633006
TN,3.3248131,-23.117926,18.364063,-51.84765,S1-473860754,S2-207406804
TN,22.160803,43.99522,-22.041622,-50.341038,S1-404803689,S3-491047771
TP,55.63567,29.681597,6.3173256,50.13938,S1-502939352,S3-931499238
TN,37.500137,-28.93794,39.182514,35.35561,S1-531394475,S2-502434854
TN,-70.24492,29.103512,-36.418213,53.727093,S1-272682507,S2-205523695
TN,-25.82411,-11.184202,-51.55722,37.759785,S1-927613016,S2-126776903
TN,-8.728687,0.75653976,-40.939163,7.5095243,S1-682280359,S3-792592515
TN,24.071112,-48.58916,48.57734,24.025919,S1-853653987,S2-749912672
TN,-41.226166,24.304535,3.2811406,69.66256,S1-405582635,S3-478621200
TN,53.252968,2.729167,35.10065,-73.91389,S1-520152228,S3-771200965
TN,11.337908,-0.028841313,25.29162,2.2160516,S1-332558905,S3-846663046
TN,-36.08259,44.947258,-43.902096,-18.053036,S1-504478435,S3-584138620
TN,33.243534,-55.990356,67.90575,27.63858,S1-835558327,S3-113157418
TN,-5.386783,22.348919,-47.910442,-0.9400426,S1-459979991,S3-469363927
TP,48.376457,27.856508,9.692735,29.280928,S1-763614713,S3-395636515
TN,-34.52731,-12.070241,-9.007823,-45.762314,S1-947039470,S3-833547164
TN,-43.17269,-36.764717,-49.916836,-38.002556,S1-337444838,S2-276231004
TN,-32.007828,22.165789,-23.710716,4.412621,S1-249095286,S2-525346125
TN,10.646031,-1.7987634,5.497137,-22.975418,S1-804390246,S3-903079788
TN,2.355025,-3.9024055,5.7771316,-22.645071,S1-412718369,S3-656963537
TN,9.659665,-23.534685,38.693645,-4.5869656,S1-62508764,S3-131945301
TN,-8.740509,-26.665466,4.6090994,-38.070618,S1-482950600,S2-415530112
TN,15.824576,-15.677885,29.202019,0.55379003,S1-911364700,S3-363893432
TN,-7.8906045,40.99447,-2.3686717,-2.1409514,S1-339437569,S2-525686205
TN,20.167526,-49.015945,39.806175,2.0727851,S1-197410389,S3-236206253
TN,-27.966259,-30.554985,-46.327812,-42.518204,S1-467657364,S3-481489916
TN,3.8590345,-15.702906,10.017446,-20.469648,S1-556530188,S3-890836163
TN,47.227486,5.654561,37.30732,-60.368,S1-320482971,S2-148755627
TN,0.41691607,25.474033,-56.09186,14.78918,S1-239019088,S3-676639931
TN,-70.345345,10.416242,-24.579355,53.9475,S1-505941377,S3-453354260
TN,27.337961,-28.84388,31.791151,25.955902,S1-527104072,S2-111308466
TN,-79.42073,20.707645,-49.517365,41.31169,S1-327856615,S2-419648826
TN,-13.2724085,16.767807,-27.451916,-19.844875,S1-651825877,S3-909109206
TP,62.892338,21.797586,17.182058,43.65585,S1-515284754,S2-340100311
TN,-26.017534,23.118359,-21.574133,22.388773,S1-698336671,S2-125840828
TN,-41.280243,-29.377996,-30.518074,6.234066,S1-496540520,S2-682624896
TN,13.187778,40.36064,-60.71741,-18.95076,S1-109361100,S3-203773097
TN,9.066416,-32.140507,24.545721,-37.374046,S1-210598771,S3-880248017
TN,22.062832,-64.46753,70.0385,30.21721,S1-399494411,S2-690477797
TN,-29.696857,-11.13036,-54.5827,30.11398,S1-592221975,S3-776824623
TN,-0.39131156,-26.297422,15.758786,-44.120663,S1-56631945,S2-466431977
TN,43.348312,23.319824,4.19096,27.381496,S1-620141567,S3-4013168
TN,30.205816,-26.456049,29.250837,25.445652,S1-44456314,S3-80454285
TN,-24.384218,6.526122,-14.675032,-33.334946,S1-538022109,S3-287928550
TN,-1.7295469,-6.6468153,20.8601,-72.93223,S1-29234463,S2-247703695
TN,12.171788,32.87929,-66.26793,-19.102201,S1-813219805,S2-432860876
TN,29.892376,-10.132794,20.420134,-52.71936,S1-253351982,S3-382493105
TN,-16.117434,-57.946125,36.0411,-35.105038,S1-988706998,S2-695743978
TN,53.782814,4.4849057,34.876495,-72.89624,S1-785835763,S3-598043438
TN,-31.784666,47.41811,-24.180096,-12.06676,S1-556530188,S2-287583760
TN,15.705522,14.3719225,33.37705,62.556362,S1-621316839,S2-365300624
TN,-53.25541,-36.15169,-37.825943,-2.0134454,S1-909917259,S2-232811157
TN,9.285756,51.795315,-59.441948,0.7925707,S1-140495041,S3-417899453
TN,21.004732,-30.970598,65.53278,13.74164,S1-945748636,S2-147427773
TN,0.8424705,-66.176125,49.004467,-30.977491,S1-388716748,S3-422351967
TN,20.011478,-4.5424485,27.064518,-4.587834,S1-373316471,S3-64520638
TN,-2.6270778,-22.69326,4.1884913,-37.725124,S1-914633190,S2-614083747
TN,34.52706,-31.717867,39.10883,32.34322,S1-885925355,S2-420884499
TN,-64.3809,17.805357,-26.092516,51.80169,S1-822262343,S2-679888974
TN,-18.797756,46.144184,-17.352472,18.913576,S1-300557705,S3-903768449
TN,-8.78189,1.4852028,-40.919422,8.660437,S1-331494122,S3-518850793
TN,12.5960865,-9.685304,15.026081,-15.862108,S1-385667853,S2-224184408
TN,57.050312,-20.117044,77.01084,-17.05931,S1-104287512,S3-607784083
TN,30.483402,-10.493599,20.421412,-51.919945,S1-722588872,S3-832948346
TN,50.706524,-7.627293,44.39563,-60.360203,S1-937933634,S2-249677041
TN,-12.600283,35.40948,-41.152905,-18.439892,S1-783040210,S3-8776796
TN,-11.342627,27.778666,-14.243023,8.813717,S1-361164862,S3-649034503
TN,-18.666162,-19.312426,13.471717,-33.62627,S1-354879904,S2-262960566
TN,-54.103714,-4.1036253,-71.238495,-8.1158495,S1-155544946,S3-836282780
TN,-48.57706,1.1097633,-33.708008,2.4751928,S1-777187069,S2-551049158
TN,-24.75846,15.881458,-42.796497,16.159073,S1-774847975,S3-893407469
TN,33.335255,-53.291668,67.91173,35.384544,S1-431948019,S2-808537198
FN,-36.642494,46.251076,-17.72556,25.531267,S1-577501399,S3-391809413
TN,-61.957962,23.236849,-27.002563,53.94175,S1-792679160,S3-906775289
TN,-36.93222,-32.0244,-40.81518,-8.331316,S1-253161445,S2-667309436
TN,-65.920494,34.16578,-20.65581,36.665485,S1-477580458,S3-494637442
TN,56.733597,-24.221329,73.99336,-20.425543,S1-956632248,S2-312721590
TN,12.980736,-13.280308,24.424028,2.5613058,S1-116738020,S2-106477730
TN,46.437008,0.66392267,39.318596,-60.944035,S1-730330070,S3-566440952
TN,-3.662694,-25.86911,8.912594,-47.458042,S1-188676594,S2-98802473
TN,1.1681231,-8.858042,5.759412,-22.04781,S1-819928172,S3-419347713
TN,-12.473301,41.48037,-0.5542575,4.0000677,S1-938103796,S2-526749451
TN,9.969945,35.307205,-70.20574,-8.301954,S1-424784533,S3-49128656
TN,-72.98263,10.499029,-36.170082,44.695625,S1-851413420,S2-592058558
TN,-9.358418,25.219833,-44.69826,19.008755,S1-853394224,S3-471419876
TN,-60.046738,19.751165,-23.999384,45.895416,S1-248235454,S3-778107645
TN,-38.140636,-38.57429,-37.574387,21.18376,S1-460479765,S2-548423817
TN,5.2199187,-1.7464845,27.098663,-1.3829644,S1-828139575,S3-742727265
TN,-8.368103,8.973893,-38.629013,22.790089,S1-13894566,S2-943666913
TN,27.79786,-12.0899515,16.742647,-53.787205,S1-308994079,S2-446035034
TN,-44.926846,-24.062368,-22.730772,-41.22655,S1-403437540,S3-660999527
TN,-45.74373,-22.215546,-22.388727,-38.294037,S1-801225558,S3-580163682
TN,7.917851,-41.698093,44.918953,6.206152,S1-523242300,S2-812756970
TN,-10.135095,17.871683,-17.439373,2.6486425,S1-957961244,S3-976139065
TN,-14.760056,8.995866,-19.285845,-5.1316934,S1-814575895,S2-488605696
TN,-67.43025,29.54993,-31.295527,57.962074,S1-774906886,S3-318024592
TN,18.718245,48.24066,-72.3952,-6.7690454,S1-487819450,S3-17363654
TN,-5.5686703,-28.40101,9.619318,-47.603447,S1-886402894,S2-673131423
TN,-15.01725,-30.281807,5.6339765,-44.844208,S1-887147428,S3-534316365
TN,-30.92362,-13.114662,-54.091568,37.189827,S1-974133230,S2-788168543
TN,21.484003,-0.7077103,28.671711,-20.425716,S1-946848182,S2-272110879
TN,-55.963917,30.546207,-15.071751,30.599924,S1-622131531,S3-182630064
TN,8.723586,-46.523037,54.736755,3.3369777,S1-833157218,S2-838814185
TN,18.676577,-31.07843,16.9368,-41.62492,S1-774562034,S2-212265871
TN,-48.466835,-2.268122,-41.18138,-5.9432297,S1-544658686,S2-252777638
TN,-57.757805,30.641651,-34.053074,45.24033,S1-133214253,S2-80295811
TN,18.449955,-8.010455,28.27355,-6.33218,S1-711772759,S2-778697715
TN,-61.58693,6.3124785,-44.48835,43.00736,S1-541737098,S3-977712650
TN,27.759735,-57.609776,58.656654,35.128704,S1-945329506,S3-86358809
TN,9.567247,-33.921722,20.553205,-35.96378,S1-366059731,S2-157084878
TN,-15.105032,34.750072,-37.292793,-15.270526,S1-326040800,S2-57399594
TN,12.437656,41.324203,-56.902184,-20.076828,S1-605973857,S2-453878301
TN,-23.02144,21.677694,-23.57469,-43.783794,S1-25741588,S2-837302361
TN,2.3894064,-15.979225,12.35572,-12.226679,S1-686282239,S3-104518237
TN,-16.650816,-0.18912269,33.857292,61.76339,S1-344345049,S3-622994093
TN,26.398281,-56.68414,57.03912,34.378662,S1-831548386,S3-70647129
TN,1.1815455,22.175226,-19.018665,2.9192898,S1-67392758,S3-881473461
TN,-40.964878,25.09991,2.760838,69.83417,S1-294707187,S2-695498430
TN,-59.516933,22.813423,-16.820114,51.38472,S1-520200822,S3-907378033
TN,14.906044,51.432243,-64.86078,-14.824347,S1-193916120,S3-41242385
TN,-49.49993,-33.412357,-22.287651,22.46572,S1-16931521,S2-625123452
TN,-3.2913542,-26.977688,11.8316965,-47.18631,S1-808462007,S2-271306139
TN,-15.290895,27.485802,-38.859543,-5.4227996,S1-962292002,S2-251405953
TN,-3.0837905,-27.94161,11.239995,-43.687298,S1-449601524,S3-36233822
TN,-66.603584,23.107302,-37.543846,43.163864,S1-847560618,S3-212137205
TN,-17.88711,-30.531122,7.7726536,-49.709934,S1-964413500,S2-731555228
TN,8.070876,37.408363,-66.34157,-9.166368,S1-948473243,S3-872962262
TN,25.189253,-70.537315,89.60844,3.3612986,S1-351574068,S2-99561812
TN,26.970142,-12.52785,18.18686,-50.938896,S1-966909017,S2-517045919
TN,-25.455065,1.6870842,-20.751423,-40.867527,S1-563675882,S3-623586192
TN,-40.955326,-37.129936,-36.87977,19.594229,S1-113763387,S2-808201948
TN,-16.81434,26.320694,-32.061527,-20.393766,S1-634364026,S2-779076884
TN,-41.523357,16.788647,-8.89888,31.386421,S1-506318355,S2-555751853
TN,13.895826,-44.98244,53.82792,4.279475,S1-362156938,S3-845638867
TN,-4.3480096,8.254241,-18.109648,-0.37244454,S1-974379329,S2-712768749
TN,4.280122,5.410688,-12.369206,-6.1944113,S1-848143774,S2-422314462
TN,-61.820244,20.731495,-28.237604,43.060543,S1-66806923,S3-226538062
TN,-13.343137,-29.009842,9.622283,-47.653553,S1-286601033,S2-60615323
TN,-13.300575,25.251486,-21.428614,-12.390434,S1-878024926,S2-754825609
TP,48.169205,20.711138,15.178738,23.174208,S1-759579472,S3-696172443
TN,-26.172087,-12.634553,-53.182404,35.21544,S1-513560384,S3-559524278
TN,9.897829,54.748505,-27.050323,9.377875,S1-666663224,S3-418448642
TN,13.628285,-43.66146,43.00786,11.091128,S1-842867497,S2-333944751
TN,6.7263784,-39.329838,26.21295,13.471343,S1-726377187,S2-835687532
TN,-60.32527,16.875092,-25.595121,49.199272,S1-111052224,S2-228227102
TN,0.74510014,-43.569702,51.263454,-12.98447,S1-793763989,S3-455991031
TN,9.216841,-44.80547,42.233334,12.725959,S1-697716839,S2-875992679
TN,-5.917007,36.412914,-4.2968135,6.7521358,S1-68285566,S3-301026144
TP,48.609768,27.90869,8.369562,32.62777,S1-962644832,S2-84753406
TN,55.01743,-20.747982,71.801605,-19.115845,S1-605693123,S3-471354804
TN,48.482193,-10.81188,43.790222,-62.416466,S1-555171962,S3-210063674
TN,36.340466,-33.575443,39.742264,37.772125,S1-758951426,S3-219733710
TP,53.520546,42.595543,5.1365657,64.922356,S1-600462055,S2-869744093
TN,13.573576,-8.135588,7.295673,-20.613247,S1-637669732,S3-378724819
TN,16.19183,-59.599922,41.04216,-3.7833881,S1-812640459,S3-544554587
TN,55.21406,-23.819014,44.630955,24.42311,S1-112890690,S3-639869726
TP,67.441124,27.773146,7.9234066,45.182976,S1-349461428,S3-724376520
TN,-39.568813,41.22003,-15.434202,-44.01822,S1-945247729,S2-863823406
TN,27.376728,-60.504436,81.912094,-4.3648396,S1-917503713,S3-191236591
TN,-13.193823,19.364597,-17.58239,5.9495173,S1-497217732,S3-912855220
TN,-2.6605074,26.765682,-15.167411,5.91733,S1-639880465,S3-430377814
TN,-4.6443763,9.36145,-23.638252,-44.04318,S1-646459119,S2-668491128
TN,12.0668955,42.81815,-66.703255,-0.37653884,S1-13522946,S2-667343211
TN,-15.6409445,20.109339,-44.146706,19.695204,S1-597849048,S3-850442261
TN,28.933392,-60.086708,58.662907,34.22597,S1-232809678,S3-984073468
TN,-26.055517,64.4393,0.9493959,71.863,S1-405582635,S2-82904995
TN,-44.707775,20.222776,-16.00181,34.26764,S1-298269418,S2-833655660
TN,-28.31402,36.62127,-56.39953,15.631357,S1-567226920,S3-828298751
TP,61.399914,24.0789,22.653326,42.402153,S1-198841245,S3-857668763
TN,-48.215996,21.678276,-18.995684,43.53449,S1-74285676,S3-823122111
TN,58.41736,-21.91465,43.685562,25.240551,S1-61170591,S2-872026930
TN,-64.927055,24.760355,-17.306625,48.31024,S1-174935981,S3-673514810
TN,8.1161175,47.68899,-55.76383,-10.22452,S1-678921326,S2-770308567
TN,3.8715677,-17.17403,34.393276,61.017406,S1-161781322,S2-977219201
TN,16.20891,-59.605995,41.140804,-3.794618,S1-518361211,S3-54891279
TN,33.500668,-31.929657,38.56203,32.71762,S1-51432893,S2-26836891
TN,-9.124205,29.774424,-44.99315,-3.5174806,S1-138796544,S3-417293637
TN,21.277975,-59.095818,69.25165,36.67218,S1-856256038,S2-235981995
TN,-34.664677,43.701233,-34.0953,10.09246,S1-817415196,S2-31313626
TN,-42.573654,-41.386475,-48.236633,17.975595,S1-211693478,S3-351314166
TN,16.684942,49.597137,-68.17928,-4.3422356,S1-309986689,S3-780931877
TN,-44.43662,-30.904734,-26.459562,-17.10476,S1-213221504,S3-760091565
TN,5.1756096,37.128975,-62.519417,-3.8190668,S1-137954335,S2-670536689
TN,9.427578,-8.315313,11.869489,-6.3566327,S1-505471845,S2-911195740
TN,0.55361146,-64.535774,49.191914,-32.635727,S1-88024081,S2-945466927
TN,-1.171914,43.04076,-54.872845,-19.800589,S1-815059721,S3-112222510
TN,-6.206595,-28.98241,5.2777863,-39.359734,S1-543339175,S3-858862081
TN,-13.355294,19.763273,-15.594965,7.278759,S1-871405055,S3-799045924
TN,57.216843,-19.592514,68.66403,-18.907976,S1-938750193,S3-41586689
TP,59.05124,21.698463,17.398699,33.15289,S1-465061841,S2-846889065
TP,47.37281,33.21148,4.308516,34.154423,S1-826604783,S3-928024676
TN,25.507805,-70.469025,90.36401,4.0232363,S1-411328329,S2-258712599
TN,-13.683891,47.45269,-55.394554,-6.592863,S1-906499180,S3-588938461
TN,8.227454,-19.858782,10.234247,-18.583965,S1-490294655,S2-120493567
TN,2.9711285,-44.36357,50.471745,-8.436665,S1-392226516,S3-796209882
TN,-32.24268,39.290024,-35.17426,-19.096565,S1-773264418,S2-210695687
TN,-11.179666,38.788956,-3.913687,-5.4849296,S1-395797127,S2-443459371
TN,14.909212,-57.376106,36.941715,-4.1016564,S1-703866497,S3-894784814
TN,-24.645092,16.181438,-19.397264,7.126313,S1-516345894,S3-125443167
TN,41.693604,6.28886,8.448262,21.130116,S1-282002645,S2-492613072
TN,-10.277278,15.832335,-16.25196,7.080739,S1-118227112,S3-668435223
TN,22.066818,47.571938,-20.624826,-50.126686,S1-172927268,S3-439235371
TP,43.50885,36.297977,2.422235,28.619524,S1-594825252,S3-754831209
TN,-20.006388,16.05067,-34.585903,12.377027,S1-203267326,S2-933760149
TN,3.5219076,-11.254572,15.984404,-7.8147063,S1-905226342,S2-622734070
TN,-44.931183,-42.63237,-45.00449,20.685158,S1-653933931,S3-171424755
TN,8.816693,46.662407,-60.48602,-0.08556981,S1-402874827,S2-683660129
TN,44.89377,-15.685753,22.241348,32.840546,S1-570004920,S2-858540266
TN,20.8353,-60.31197,79.84993,-0.44263482,S1-395797127,S2-61224058
TN,-50.466694,-36.248688,-29.907232,20.586782,S1-959188081,S2-155413132
TN,23.781595,-0.7962487,22.759108,-16.660122,S1-254889909,S3-336240996
TN,-41.60518,17.612503,-10.604896,32.285107,S1-478264161,S3-517517037
TN,-66.653366,22.80849,-28.525953,49.050423,S1-699087445,S2-721407638
TN,4.2746563,-32.343487,16.789583,-42.941113,S1-532934978,S2-40672719
TN,-70.808304,29.717411,-35.41655,54.581566,S1-62899420,S2-118593424
TN,11.125434,49.193546,-64.039955,-18.953426,S1-406160131,S2-474857529
TN,-26.097338,3.7843742,-18.25306,-41.157837,S1-930440746,S3-45982373
TN,16.846151,-23.991041,23.961977,-19.353533,S1-415475041,S3-531803166
TP,39.721153,32.971348,1.1901162,31.911379,S1-626636383,S2-462070984
TN,-39.835743,20.657488,-11.675803,25.904627,S1-608960173,S3-137027615
TP,40.63832,33.11767,-0.061143354,32.783638,S1-961181169,S3-68688104
TN,12.125433,44.063503,-67.816536,-20.54982,S1-186124367,S2-630080175
TN,5.2941427,-51.649136,61.29804,2.8854845,S1-619411046,S2-716607565
TN,-27.851505,-30.567595,-46.208565,-43.29613,S1-909900969,S2-7862641
TN,-34.197678,7.123494,-13.208223,-48.550133,S1-737767183,S3-806496110
TN,-42.29828,44.884254,-14.753184,18.678057,S1-659321039,S3-458102702
TN,-19.685095,15.531947,-31.331396,8.112356,S1-6303452,S2-832952683
TN,4.144724,-50.982506,55.84809,6.165953,S1-280588278,S2-2162190
TN,-25.087543,-13.524742,13.455674,-28.045383,S1-537744147,S3-386206393
TN,20.482819,-52.87609,86.287315,1.3028752,S1-704124360,S2-205283633
TN,32.27605,-10.824378,20.448936,-48.91045,S1-322348053,S3-649989598
TN,1.9870772,-65.692856,50.960117,-31.434729,S1-375805138,S2-663003355
TN,-38.820454,-33.320698,-38.08384,-8.033846,S1-408860126,S2-254572478
TN,-3.3664105,-30.598454,14.987045,-42.311962,S1-174374473,S3-568349100
TN,-21.230663,-16.073298,16.490646,-25.492624,S1-988189559,S3-513762595
TN,-5.7072067,-26.826271,10.3998785,-48.279087,S1-913476172,S2-767787367
TN,-11.407755,17.906782,-23.02197,-35.79881,S1-570001645,S3-328746779
TN,29.207977,-60.614044,80.02829,-3.6084738,S1-859612623,S3-838450953
TN,6.216724,49.98824,-57.836765,-18.521385,S1-708392855,S2-102959230
TP,67.2908,27.608484,9.221696,50.14728,S1-697848700,S3-799776463
TN,30.612968,-59.714546,54.43743,7.7917395,S1-439998143,S3-691223761
TN,-49.15906,-21.164478,-34.06939,-42.563286,S1-808719426,S3-706961715
TP,52.465137,35.24653,2.7655878,35.14565,S1-303704393,S3-267650678
TN,23.456076,-73.09653,26.156254,13.587234,S1-552535513,S2-799265470
TN,-2.7418609,-25.16493,9.089198,-44.558197,S1-691636366,S3-548800635
TN,-67.62905,20.415998,-34.412827,41.07601,S1-923272423,S2-65787814
TN,5.232247,-51.259346,61.24449,2.87526,S1-792331828,S2-753243321
TN,-64.124756,17.066364,-24.296051,51.87119,S1-173561691,S2-628866280
TN,61.311626,-23.088062,70.4394,-19.51576,S1-137466772,S3-553298646
TN,15.140916,33.414757,-67.36473,3.9089174,S1-832741080,S2-830084316
TN,6.4123683,-63.39751,46.548607,-31.666525,S1-138117319,S2-985434333
TN,-77.59514,23.275578,-46.406696,44.1722,S1-894934356,S3-303022437
TN,-50.68377,-28.593199,-29.177162,14.020616,S1-530444064,S2-644723603
TN,45.689854,0.94669145,39.820007,-57.178604,S1-178811373,S3-691463249
TN,0.018217437,-60.662357,47.493988,-36.059364,S1-285570948,S2-853165515
TN,-0.15826571,-45.129883,52.187054,-9.835249,S1-168368028,S3-978714477
TP,59.17323,22.268055,18.531954,43.26391,S1-156313868,S2-416214406
TN,25.645462,-26.53267,29.713474,25.89266,S1-160408737,S3-762348360
TN,8.18126,-10.896267,14.817172,-6.183345,S1-561612274,S2-635710161
TP,52.97034,32.071434,9.890358,52.77881,S1-884010884,S2-653392863
TN,-50.730762,21.133867,-26.560036,46.023254,S1-143716230,S3-85174377
TN,-30.624062,6.1249924,-10.787309,-30.73863,S1-329886375,S3-639547795
TN,-1.0379931,46.943913,-57.605858,-12.150884,S1-938479999,S3-1623524
TN,30.145147,-38.64286,76.722534,12.811785,S1-273725448,S3-932826497
TN,10.095931,-14.131348,19.294333,-6.455899,S1-774006774,S3-256979831
TN,-30.559752,41.857327,-32.203182,-15.792215,S1-469618610,S3-302489821
TN,57.892773,-23.627985,72.691895,-18.059076,S1-753135172,S3-840597514
TN,14.886468,-40.18849,45.317837,6.7416806,S1-261968704,S2-726350684
TN,18.275259,-18.544333,27.372786,-1.8457808,S1-526496690,S3-586653620
TN,-26.893461,42.25107,-41.05664,-21.158314,S1-848627351,S3-115465422
TN,-16.148726,15.746317,-13.790527,-4.7609754,S1-333844255,S2-94341972
TN,-16.059591,-57.11236,14.198452,-25.449656,S1-10802286,S3-583227679
TN,16.394499,14.914376,33.41381,62.38625,S1-793580530,S3-332846863
TN,20.081486,-0.35955018,25.406359,-18.686224,S1-653960368,S3-99865810
TN,13.223204,-61.771263,42.73792,-5.064626,S1-980529842,S3-610766765
TN,-22.774494,22.670832,-19.23119,-36.113873,S1-955808978,S2-847422259
TN,30.668665,-38.491955,74.546936,14.313825,S1-709460300,S3-61626892
TN,58.98079,-17.990667,74.76009,-22.175566,S1-106062187,S2-292632328
TN,60.139713,-19.314875,69.07661,-18.655155,S1-104719434,S3-242669030
TN,43.020977,-13.852241,19.426947,34.364567,S1-566030926,S3-328551021
TN,29.96977,-52.96548,57.15991,31.89938,S1-88399768,S3-521632292
TN,21.181335,-62.121506,69.6077,30.358242,S1-43999901,S2-496222536
TN,-22.333193,32.46177,-33.20363,25.574923,S1-352913634,S3-658306597
TN,-3.8571415,-23.079952,5.063379,-45.900337,S1-202435923,S3-735683321
TN,12.730329,43.15986,-48.8875,-13.439217,S1-293101212,S2-572275042
TN,-13.733126,-5.161846,-42.466324,-40.42085,S1-629631943,S3-41598950
TN,-12.201651,25.574621,-31.158594,-17.150976,S1-932967422,S3-101058172
TN,8.628963,-11.929467,4.1476483,-18.3987,S1-256575052,S2-28693800
TN,29.923687,-10.518822,20.262753,-51.86985,S1-448633551,S3-837506438
TN,29.959599,14.365425,10.983498,20.833931,S1-417276579,S3-624000813
TN,14.445988,-47.15896,44.953533,6.159802,S1-591117438,S2-260784054
TN,17.291138,29.058273,-54.428074,-33.73294,S1-654557317,S3-115287215
TN,32.114426,-58.342037,61.713257,37.00318,S1-457655687,S3-311472678
TN,-26.577888,44.087,-38.275906,-9.4856,S1-202268773,S2-740597158
TN,-28.24219,-12.8631,-53.02911,36.081028,S1-905469703,S3-657656263
TN,3.706836,-12.395438,4.6790366,-18.515617,S1-740710659,S2-576476345
TP,52.632366,35.35133,2.5979338,35.0396,S1-554586800,S3-885735835
TP,63.468952,26.222422,20.44113,43.30746,S1-995357165,S3-578285505
TN,-15.182655,9.980521,-29.464703,-10.948963,S1-72275481,S2-553868756
TN,22.833143,-65.769485,71.00004,30.211601,S1-686826910,S2-926788340
TN,-12.945567,14.248613,-34.86893,18.425611,S1-688819252,S2-380240559
TN,54.025814,-29.736456,60.7362,-4.233335,S1-251341659,S3-402512387
TN,15.344016,43.278736,-63.365135,-21.666063,S1-721554545,S3-238347962
TN,32.557926,-36.126255,37.59954,32.54247,S1-957065683,S3-105200592
TN,21.096975,-66.07107,69.00499,30.387873,S1-638989061,S2-469679590
TN,47.71844,-9.890734,44.08374,-62.009563,S1-92192279,S3-184001952
TN,-43.220978,-39.491817,-26.292294,-32.00753,S1-939213576,S3-146111129
TN,-4.751275,-30.400034,14.63417,-45.828785,S1-666507163,S2-661601672
TN,-32.59854,45.48978,-2.3287148,-6.8536263,S1-794036775,S2-547732549
TN,-14.767795,-7.376941,-45.773876,-40.88149,S1-189548752,S3-44041760
TN,-50.06476,20.657505,-41.311092,55.357643,S1-213913522,S3-28320622
TN,17.79841,-19.8857,25.552763,-2.1359825,S1-439610085,S2-903229636
TN,-12.809825,10.776268,-38.12208,17.740337,S1-784560453,S2-34165950
TP,49.892086,13.165378,31.872896,-71.86207,S1-353713179,S3-972936142
TN,-64.419945,24.908152,-17.722965,46.552197,S1-45883579,S3-693405800
TN,-51.97518,0.87410414,-27.730776,-48.177498,S1-658557520,S2-828625437
TN,34.13016,14.738335,17.119766,29.98792,S1-858110554,S2-878576510
TN,56.546284,-16.077976,73.07066,12.591781,S1-281944840,S3-973004640
TN,31.308811,-50.865067,59.487225,31.117643,S1-665817681,S3-736316619
TP,44.88934,34.57562,5.953331,34.14648,S1-910768806,S2-40016747
TN,-43.481457,-39.1746,-28.20084,-21.242182,S1-733685967,S3-243565129
TN,7.0101433,-12.317582,19.337118,-7.9691916,S1-323957570,S3-614782336
TN,-20.175276,25.480185,-29.855482,6.9206767,S1-356159151,S2-200073191
TN,0.013809309,-48.163334,48.334442,-9.209647,S1-700818888,S2-690969924
TP,55.99006,29.281769,5.724943,49.188076,S1-834665050,S3-92042287
TN,31.195063,11.035245,12.824206,23.116386,S1-374399801,S3-173608321
TN,-41.43287,45.967125,-18.611032,26.927877,S1-801450137,S3-506015104
TN,-29.905266,-31.285717,-44.49793,-43.62486,S1-63170737,S2-213361183
TN,9.371955,-17.46002,19.86581,-9.383064,S1-96696310,S2-571928946
TN,11.964607,41.005623,-68.23988,-7.3334985,S1-384050331,S3-901226646
TN,21.517399,-59.070526,68.615204,35.95427,S1-21532220,S2-144311881
TN,-24.45227,6.8400173,-17.434273,-47.151745,S1-517488012,S3-581447983
TN,-51.340622,-3.730072,-44.668514,7.7369895,S1-913927304,S3-735640071
TN,-6.141744,-31.747297,10.643064,-43.06633,S1-753472061,S3-418266143
TN,1.0174401,26.488642,-56.500797,17.36766,S1-102905194,S3-151244633
TN,-4.826488,22.90284,-50.997757,11.9054785,S1-149415210,S3-370826432
TN,-49.07653,-23.779827,-14.44134,-44.52605,S1-403001958,S2-174021784
TN,0.9568805,-60.649525,47.56874,-35.497005,S1-838372942,S2-495686668
TN,3.848271,48.726765,-62.59696,-10.204833,S1-210312176,S3-381407452
TP,51.92942,30.04303,4.686545,42.168564,S1-252885428,S2-209636077
TN,-38.616535,-29.213583,-41.901123,-19.91877,S1-818479621,S3-739636345
TN,-10.552958,9.026234,-35.204395,21.2689,S1-321811262,S2-520740116
TN,4.113328,-50.835567,55.905968,6.409522,S1-80928639,S2-357961487
TN,18.18781,-52.889942,39.097057,-1.5145723,S1-155119368,S3-136629151
TN,43.004444,2.3197653,23.86885,-70.26737,S1-376708514,S2-126791177
TN,-7.2146826,29.785921,-42.03974,-2.1078188,S1-92615138,S3-458020077
TN,48.96598,-10.013934,45.43759,-60.70036,S1-994422099,S3-785680791
TN,5.504752,-51.451286,61.234196,-0.4315627,S1-413974470,S3-595320577
TN,-11.944787,-14.054798,-17.454372,-50.163567,S1-925256574,S2-469534462
TN,-71.99218,10.786527,-25.317116,50.52285,S1-290634355,S2-118580019
TN,14.940022,44.770172,-63.918694,-0.008038439,S1-138145500,S2-813340475
TN,-12.526918,18.585691,-15.25648,-7.859474,S1-756111861,S3-227309329
TN,-1.3166472,28.045048,-15.815456,3.28962,S1-917640248,S3-495891617
TN,-21.04452,-19.467873,46.214138,-22.081213,S1-843405442,S2-556305330
TN,-39.635258,40.77923,-24.785698,-40.305496,S1-804781465,S2-274599870
TN,8.256781,-9.509374,11.43768,-9.201943,S1-854474566,S3-664082583
TN,-35.92837,-35.551434,-39.05337,-17.966507,S1-496094429,S2-951335367
TN,-24.909521,3.2629676,-19.505024,-38.21732,S1-897572959,S2-188562051
TN,12.410473,48.10552,-66.296555,-0.7289814,S1-359736523,S2-345556710
TN,3.1312842,-44.156784,51.11835,-8.510437,S1-39968226,S3-889588474
TN,6.590321,-29.144756,21.370363,-44.190994,S1-284575768,S2-296639069
TN,54.76624,-29.590181,61.567356,-6.516416,S1-441601556,S2-28074466
TN,16.660475,-33.111767,21.439264,-8.519873,S1-764990044,S3-324735116
TN,-4.382526,55.993412,-63.640038,4.967569,S1-275091223,S2-178163162
TN,6.8770585,-49.955627,63.454845,0.5039761,S1-177424708,S3-46578419
TN,-11.422194,14.6181135,-36.1546,-17.472551,S1-26021144,S2-153096039
TN,33.9784,16.862392,13.372562,33.096428,S1-59858601,S3-523699260
TN,-24.540121,-19.139626,10.201759,-34.397003,S1-782020462,S3-263523009
TN,25.139448,-1.6432935,35.771225,-9.930236,S1-819928172,S3-242296733
TN,20.157667,-46.691597,46.871372,21.569582,S1-839990581,S3-6435635
TP,58.74579,37.57823,18.2793,49.23671,S1-159135721,S2-10547336
TN,10.452204,42.167854,-67.932594,-4.431163,S1-230654929,S3-676326282
TN,15.117898,-61.48889,38.32833,-1.9182649,S1-395089623,S2-428933000
TN,3.6218338,-49.59802,53.997288,-11.092551,S1-651934273,S3-600017914
TN,52.924118,-19.107357,36.98642,29.954706,S1-24634520,S3-328415628
TN,-25.761732,28.933594,-9.334829,9.735043,S1-868897518,S2-587090693
TN,-18.128336,16.899496,-11.009742,5.9897075,S1-603951861,S2-489131846
TN,-52.096893,1.3779385,-13.310044,-48.84896,S1-61174794,S3-336289934
TN,-71.20723,12.3753195,-26.57067,41.51282,S1-629377017,S2-22362407
TN,7.1854243,-9.679342,14.033429,-12.246427,S1-326494817,S3-397524407
TN,52.859356,-16.920898,37.97757,29.647837,S1-977774762,S3-906287147
TN,35.044666,9.250287,21.379759,32.240383,S1-343969971,S3-247674391
TN,1.610931,-23.71293,19.071278,-54.51216,S1-508145313,S3-988281327
TP,42.989975,38.23226,-0.105031274,26.980019,S1-330529853,S3-982197456
TN,-40.45206,-39.009083,-44.74048,54.27083,S1-284668384,S2-916428101
TN,26.006481,-53.723583,77.95168,-5.656541,S1-593244491,S3-612781410
TN,25.99699,-54.726757,61.19944,37.07274,S1-464134245,S3-427784226
TN,-6.3039374,19.198551,-46.274887,13.998235,S1-596498774,S3-823491733
TN,-41.158596,-36.248997,-29.435024,-22.494213,S1-895131966,S2-248693482
TN,-48.722984,-23.045458,-13.71832,-44.180042,S1-235424939,S2-899445463
TN,-67.403656,20.595934,-36.582104,45.44452,S1-123228944,S2-751118496
TN,-39.76169,-31.461578,-46.43411,-3.3438215,S1-941481653,S3-745747296
TN,-14.906794,37.53641,-44.304043,-5.463523,S1-507233528,S3-424229936
TN,1.9755976,-45.66576,53.906105,-11.2926445,S1-213839512,S2-183253785
TN,-16.557568,25.204773,-12.378217,2.7361238,S1-344020354,S2-597665787
TN,-38.775394,44.609642,-14.188465,-44.75512,S1-137772712,S2-748340522
TP,50.02383,25.418484,18.403336,45.730618,S1-8851021,S3-934938519
TP,46.065212,32.029255,2.657941,36.934917,S1-763144455,S3-765952222
TN,-8.17962,-27.895182,5.3292766,-37.496746,S1-160479276,S2-726465584
TN,-34.171795,-11.606976,-28.300045,21.356058,S1-61467532,S2-618943779
TN,29.887165,-57.014023,56.486343,35.88301,S1-970143579,S3-13583566
TN,-69.618034,29.634958,-34.55874,56.45958,S1-192730312,S2-703077682
TN,50.586636,4.91001,34.867725,-72.99113,S1-539711415,S3-574368506
TN,-26.074923,5.3241935,-14.575832,-44.317554,S1-380101558,S2-647707969
TN,-9.539717,32.626072,-39.365833,-9.167848,S1-468315270,S2-395801760
TN,-13.887212,-5.9410386,-42.65088,-40.51663,S1-893910059,S3-459427194
TN,-38.6288,44.839905,-13.887241,-45.098385,S1-472564464,S2-676118391
TN,-65.5768,19.15935,-25.822289,51.06109,S1-517224042,S2-418845634
TN,30.628252,-49.962437,48.914314,25.95902,S1-758870057,S3-250868054
TP,45.494335,32.232105,-0.5561258,34.990414,S1-529732569,S3-102841632
TN,-0.012971014,47.99684,-58.01347,-12.922077,S1-577328737,S3-205678834
TN,58.28862,-14.878157,69.06666,-21.837358,S1-691179412,S3-421265478
TP,48.21488,29.070114,0.42077863,28.486778,S1-59546951,S2-400348701
TN,22.46909,-11.489473,29.104298,-4.014045,S1-538350100,S3-561523681
TP,52.13015,22.455656,15.182132,35.47123,S1-578842536,S3-411231165
TN,-68.89502,19.325478,-36.165207,41.467834,S1-165630894,S2-877193201
TN,16.623562,-55.061825,39.105003,-2.5570107,S1-886972358,S2-296725788
TN,28.833195,-68.53449,92.046074,0.54199964,S1-536813475,S3-479184161
TN,-15.2543,-34.671726,13.991599,24.637566,S1-636366140,S3-874968154
TN,14.757451,39.872173,-69.33622,-6.786814,S1-153789934,S3-441155303
TN,-6.290209,-22.331861,7.3633914,-51.033657,S1-79346332,S2-380978892
TN,-21.606205,-35.524803,13.381317,1.3640022,S1-549184634,S3-12348715
TN,8.848316,-20.511694,10.0799,-20.2917,S1-436626238,S3-174024330
TN,3.476425,-16.624065,10.381413,-18.738811,S1-36216776,S2-959920304
TN,-47.179955,-0.1883272,-40.253418,4.694543,S1-567383063,S3-279813781
TN,0.36803237,24.865461,-56.130814,15.165321,S1-188417856,S3-571179074
TN,29.828447,-12.246406,17.340538,-52.91143,S1-526618428,S2-814805909
TN,46.6987,-25.004848,67.82245,11.239274,S1-561954194,S3-757215733
TN,3.0566463,-33.263294,46.16364,-11.91357,S1-946208667,S2-575605350
TN,12.857505,-49.920395,54.23191,4.1098166,S1-653314623,S2-666723103
TN,-14.374216,15.568145,-29.308052,-11.149827,S1-286014691,S2-470087902
TN,16.876425,-53.089176,37.361675,-2.273483,S1-887416940,S3-631721914
TN,-17.255556,16.314064,-10.904961,7.343244,S1-819891528,S2-242891953
TN,-9.5431,28.51676,-28.58048,-19.495127,S1-542006533,S3-736853775
TN,9.422695,-2.9631484,20.69247,-74.483505,S1-202604640,S3-281893319
TN,8.874828,29.659395,-48.200077,-33.119286,S1-787525431,S2-592735101
TN,0.5749735,25.092215,-48.69285,17.206253,S1-365477122,S3-263811012
TN,-6.86594,2.169944,-11.831902,10.506278,S1-721302787,S3-520939864
TN,-50.632896,1.587482,-29.258251,-39.4883,S1-322114804,S3-136459060
TN,-14.554297,32.413586,-40.507565,-1.0341997,S1-898572161,S3-90455926
TN,-38.8495,-33.619194,-37.891426,7.082533,S1-504321096,S2-669205334
TN,11.849352,46.095097,-62.188496,1.2451319,S1-417810519,S2-102059333
TN,47.387035,4.008797,39.549927,-59.666996,S1-85908299,S3-634191677
TP,43.06351,38.108246,-0.28924692,25.372917,S1-802820832,S3-965511076
TN,8.371561,24.567606,-22.872076,-41.736423,S1-639552673,S3-479127713
TN,-0.53758144,-61.425915,47.63139,-35.10551,S1-356944998,S3-357528723
TN,-1.3769695,47.82531,-58.32861,-12.146274,S1-430511229,S3-206416053
TN,-22.935923,-37.87765,12.441406,-5.968182,S1-273374118,S2-29973283
TN,-28.560078,-9.141311,-52.641487,29.90215,S1-467891275,S3-855257543
TN,-20.072268,0.42222232,-24.174553,-36.77706,S1-68007193,S2-979608711
TN,-5.1398864,-22.165783,5.9550753,-39.64284,S1-596764454,S3-26204322
TN,-11.682133,-33.91098,15.086364,-44.602192,S1-229194737,S2-825657636
TN,-11.279671,40.028732,-5.3177185,-3.9845874,S1-128226619,S3-372064629
TN,19.546204,45.605038,-69.480385,-17.266968,S1-990023353,S2-874926970
TN,59.233276,-15.109231,71.99085,-23.544779,S1-504983187,S2-73919849
TN,-45.455994,-35.980522,-46.05188,15.570725,S1-521739981,S3-537881294
TN,-26.12838,14.211572,-28.641281,-11.344476,S1-59858601,S2-233508676
TN,26.334217,-49.87441,89.130325,-1.7947744,S1-218096759,S3-167490310
TN,-26.01069,11.56856,-15.106095,-6.3196926,S1-655614112,S2-663763303
FN,50.650593,8.536157,33.63321,-73.44242,S1-134050640,S3-942469608
TN,16.95158,1.18086,18.24481,-72.08335,S1-610822472,S3-930879222
TN,-28.151102,4.961333,-13.744265,-43.916016,S1-844598713,S2-935525471
TN,-3.0860174,-45.71832,49.302174,-17.108667,S1-476609312,S2-837474486
TN,28.437021,-58.983936,81.16454,-4.521397,S1-357823888,S3-7738521
TN,6.6063824,-46.827236,58.24385,-0.38059255,S1-254702313,S3-333518337
TN,4.6071835,37.864758,-62.358288,-4.135622,S1-582352174,S2-949086710
TN,-9.805228,19.614325,-45.125687,10.711007,S1-569949370,S3-690930395
TP,42.5138,34.604156,2.0868366,25.195295,S1-770301473,S2-704895074
TN,-40.133335,19.602417,-8.106845,31.440622,S1-2295447,S3-650050901
TN,9.777833,-7.261316,6.6985416,-20.524427,S1-886985971,S3-890206572
TN,23.596657,-7.714808,27.151161,-4.840202,S1-990378978,S3-570653995
TN,29.591356,-6.2873588,24.984116,-21.602785,S1-887592417,S3-430016979
TP,66.98411,21.835829,13.270815,45.168373,S1-808039797,S3-662762178
TN,-36.85246,-3.8103952,-13.2731695,26.05804,S1-894553735,S2-7059552
TN,27.90016,-59.28533,79.64046,-4.5470243,S1-613173232,S3-714262405
TN,14.41801,-14.766556,24.838186,-1.6339456,S1-457892301,S2-507108253
TN,-62.08682,8.283389,-25.55203,48.863567,S1-734070853,S2-233671623
TN,46.416725,0.95223457,40.285297,-61.38097,S1-67937380,S3-386406939
TN,53.85867,-23.99274,44.53843,21.459448,S1-849555733,S3-218749307
TN,50.41269,-28.269413,44.827133,12.269547,S1-983587320,S2-481843103
TN,-34.305775,-17.376595,-55.524654,32.218487,S1-663929378,S3-905474236
TN,-11.85927,-14.216158,-31.171959,-37.086773,S1-407469302,S2-811514287
TN,28.270546,-72.750084,87.638405,4.393723,S1-986638237,S2-891341119
TN,-5.9901276,-19.447647,8.744833,-51.630924,S1-951919043,S2-726119846
TN,-8.372481,44.7823,-2.280875,1.1823667,S1-855202837,S2-308231347
TN,24.013002,-58.164658,58.083183,32.790962,S1-454354919,S3-37512143
TN,-64.17259,17.462322,-24.205158,52.409603,S1-622135879,S2-680905222
TN,46.011223,5.995139,37.38093,-60.23778,S1-112161582,S2-148562016
TN,-31.918085,3.8888419,-32.30596,-42.932316,S1-435093087,S2-678965548
TN,1.3716805,-54.238487,60.129814,0.2403907,S1-623638071,S3-338332306
TN,-29.15346,8.573625,-12.746988,-47.10894,S1-460075197,S3-895064595
TN,6.1591225,34.927765,-50.333,-32.136818,S1-928601053,S2-170058657
TN,-41.771717,16.999125,-11.5603285,31.853846,S1-886093879,S2-773971248
TN,-35.740997,-8.699869,-8.888598,-34.15639,S1-177164631,S3-675960605
TN,5.2740183,-9.472542,14.399051,-10.248284,S1-875703787,S3-137106891
TN,15.392561,-15.796405,24.990099,-2.3264098,S1-140495041,S2-577999249
TN,-65.390076,18.981165,-26.297081,41.125694,S1-736593660,S2-255451607
TN,20.383976,-17.355412,27.051748,-9.070828,S1-614482217,S2-428044655
TN,-24.068222,38.348812,-40.30489,-3.1939034,S1-317005783,S2-381463628
TN,-64.39806,18.678284,-27.086752,49.45213,S1-796893939,S2-82576733
TN,15.165102,35.76594,-19.35646,-5.1740484,S1-219980912,S2-22207320
TN,9.945846,38.335976,-65.395164,-6.7363105,S1-197319457,S3-225114041
TN,-70.53126,9.539142,-24.079348,47.21453,S1-772445465,S3-215843662
TP,52.10204,19.151201,18.809315,32.934296,S1-904983555,S2-243235483
TN,34.481537,-30.192978,37.46959,36.88434,S1-165545851,S2-357770955
TN,17.34523,-43.20673,39.875965,2.2886012,S1-657989223,S2-782110681
TN,16.085136,38.900383,-63.45655,-19.898176,S1-909784667,S2-774377038
TN,-18.916805,14.728853,-13.802103,-7.567857,S1-337689417,S2-365669361
TN,21.051556,-6.7127924,20.021128,-17.756836,S1-974071051,S2-271000655
TN,-16.966156,-30.362436,7.108441,-46.4188,S1-302996125,S3-705232863
TN,18.00391,-30.940268,17.432116,-41.783264,S1-769982641,S2-41177696
TN,28.715576,-61.691757,78.42737,-3.0102296,S1-44262908,S3-485113656
TN,13.291201,30.388365,-21.82532,-29.887499,S1-888157920,S3-166296076
TN,-32.16705,13.500922,-28.771929,19.643652,S1-4561967,S2-559228595
TN,-16.215876,-57.909996,36.009705,-34.592873,S1-725732666,S3-109238356
TN,7.8061175,34.998665,-65.74383,-13.315405,S1-580447707,S3-295638338
TN,-25.254442,65.29796,-0.0675887,71.11302,S1-876855357,S3-296977509
TN,19.918476,-8.050895,23.462875,-16.707624,S1-248251811,S3-322363533
TN,-55.98535,22.295517,-42.11038,54.848152,S1-864096489,S3-798458615
TN,26.54114,-62.585045,79.642845,-0.5667719,S1-604954819,S2-116571115
TN,-3.4933655,41.567383,-58.766792,-14.560047,S1-746516522,S2-32348609
TN,20.263063,-66.064476,70.192635,29.742203,S1-243240654,S2-385813152
TN,47.970524,-10.5032,44.086277,-61.99486,S1-572005293,S3-133374496
TN,-30.477016,6.303065,-12.985021,-35.750385,S1-85517436,S2-583506822
TN,-60.55727,26.34282,-24.03285,54.539238,S1-137990833,S3-307403963
TN,-48.568787,-23.945177,-15.772718,-41.6209,S1-379306075,S3-196085091
TN,15.4137945,13.516789,33.54626,62.75634,S1-493259834,S3-510197537
TN,-6.7076697,-31.95545,11.419255,-41.544704,S1-475683112,S3-166783497
TN,44.482025,-13.195453,20.109049,37.186882,S1-867351935,S2-770445591
TN,-57.91139,30.381575,-31.474766,44.44128,S1-350429981,S2-620858402
TN,57.935688,-15.846618,69.012535,-21.957462,S1-428820082,S3-689315788
TN,8.608879,-14.2393265,12.810762,-7.5530086,S1-722746470,S2-825707162
TN,13.195458,-17.817144,26.169384,-2.178582,S1-139671973,S2-163929846
TP,-35.944942,51.722427,-10.3685465,28.080317,S1-317527132,S3-554216682
TN,29.37903,12.582008,11.619182,23.285599,S1-5997666,S2-978911824
TN,16.92359,14.492507,33.50618,62.660545,S1-194702219,S3-538390481
TN,55.17156,-23.010887,44.353233,23.548853,S1-673578589,S3-717885219
TN,23.79664,-33.69496,67.386925,13.940062,S1-716063380,S3-710379906
TN,-2.7489026,43.480213,-57.954243,-9.535883,S1-437933544,S3-654443422
TN,48.55577,-9.604394,43.016243,-62.175247,S1-963055567,S2-800655675
TN,14.685257,-5.347217,29.063803,-5.408499,S1-818889166,S2-771389785
TN,-31.907131,43.608498,-45.13551,16.24965,S1-415370617,S3-353141708
TN,48.434162,-18.979515,29.383415,29.214445,S1-963055567,S2-699864032
TN,-23.921087,19.574673,-9.439037,7.170638,S1-5682343,S2-280148287
TN,-8.10872,37.70393,-1.9729285,0.49208084,S1-479788075,S2-268658634
TP,53.07646,34.95102,0.242722,39.380566,S1-472200502,S3-541388124
TN,34.591984,-34.95794,76.958885,15.37529,S1-291943717,S3-583596995
TN,12.229965,-44.722336,44.533154,9.611367,S1-362277801,S2-926670475
TN,-4.5762525,-23.481506,7.0613275,-48.823463,S1-687439164,S2-20423759
TN,-7.1729364,35.728054,-2.8130472,2.0881932,S1-173594851,S3-354525846
TN,12.601975,41.295864,-67.10732,-16.373142,S1-423563394,S3-119468397
TN,-54.92354,0.82600653,-4.5971065,-8.763123,S1-636658165,S3-820909337
TN,-4.989968,33.2969,-48.84923,-3.5234945,S1-5267983,S3-680270958
TN,9.938311,-8.02987,4.3966546,-39.62785,S1-844134990,S3-44852275
TN,-13.185445,32.124283,-1.3502011,-3.921522,S1-238338926,S2-225252704
TN,-3.546049,22.265879,-55.79293,9.392391,S1-812544308,S3-795858032
TN,63.629787,-19.356073,77.22017,-18.292698,S1-27810365,S3-303772156
TN,-19.654997,1.1173918,-14.7331,-31.905596,S1-643906672,S2-56873116
TN,25.01973,-70.44053,90.4813,4.3669815,S1-931666650,S2-836121140
TN,38.77279,-35.143826,38.25679,38.42363,S1-439679989,S3-103251062
TN,17.150778,-5.1534805,27.505035,-21.580494,S1-625972361,S2-541566885
TN,-26.007093,23.245255,-28.181593,19.111532,S1-909856420,S2-415644591
TN,28.145727,-5.122685,30.416206,-15.7124605,S1-850019522,S2-84807340
TN,-25.321625,17.24235,-16.91446,-37.3422,S1-696341819,S2-711198604
TN,-14.620802,24.405111,-42.9131,-18.700249,S1-500412607,S3-352343266
TN,-40.601173,-28.340706,-38.880676,-15.012799,S1-250891080,S2-58585705
TN,12.647036,-12.82335,15.590583,-6.206423,S1-457892301,S2-145922850
TN,-33.695053,41.513924,-20.998941,-18.050978,S1-751503041,S3-505468962
TN,27.424423,-56.329338,60.052864,34.61694,S1-957549079,S3-298676461
TN,-43.171707,-37.876102,-26.169405,-32.343803,S1-505941377,S3-397973371
TP,47.196304,36.957684,-4.9429417,29.32199,S1-698081802,S3-355576962
TN,18.207415,-11.208475,34.249363,-11.545518,S1-682062029,S3-602547917
TN,20.424335,41.696526,-23.483913,-50.078876,S1-536628554,S3-249606613
TP,64.684456,25.724277,10.736554,50.527283,S1-807426252,S2-332524864
TN,30.498558,-5.892288,26.515219,-15.876378,S1-991692351,S3-346073439
TN,-14.977002,-8.326629,-46.119728,-42.184063,S1-204798790,S3-137032360
TN,38.83874,-32.977013,35.911243,31.847124,S1-165152268,S3-623689378
TN,1.3264052,-32.042953,14.307106,-43.64195,S1-456191610,S3-680642795
TP,50.57029,30.296663,5.614141,38.45915,S1-394844459,S3-135926861
TN,-28.856554,5.868575,-14.812945,-39.97438,S1-47724558,S2-499197961
TN,-5.1335545,-27.54796,5.8238325,-38.88774,S1-792359843,S3-929198904
TN,-59.057938,22.14021,-17.817566,9.361221,S1-302261673,S3-566360154
TN,-47.255096,-34.22366,-35.545437,13.780467,S1-884132841,S2-416001089
TN,10.097891,-25.39222,39.170193,-4.955092,S1-89732375,S2-399447104
TN,-2.4148877,-43.64878,49.68622,-7.94262,S1-330677167,S2-906782305
TP,60.968395,22.265583,16.83714,42.189877,S1-996042939,S3-219932486
TN,2.6603844,-50.135933,54.34693,6.6304307,S1-858592973,S3-278267396
TN,-45.747757,-25.464321,-32.5664,-43.747314,S1-826423647,S3-932019623
TN,-30.878317,-36.60779,17.528545,-5.066322,S1-375610259,S2-919505478
TN,62.630543,-16.797472,75.44685,-24.329874,S1-736208973,S2-448610468
TN,-43.814804,-33.311882,17.641645,-74.07403,S1-664900432,S3-895156988
TN,-7.3953834,38.191784,-1.1867516,1.6648414,S1-425703700,S2-686264756
TN,-24.438164,27.615444,-13.591705,11.085225,S1-493123748,S2-388419605
TN,55.70523,-22.826036,45.45369,24.789667,S1-322822984,S2-172865337
TN,-44.25825,-38.761818,-49.475597,14.135268,S1-910402138,S3-226254059
TP,52.92632,43.22589,5.300991,65.579094,S1-976261200,S2-520757104
TN,33.045708,-54.495102,58.202305,31.105026,S1-261539210,S3-652247773
TN,9.130776,54.773502,-27.362785,14.22809,S1-555021394,S2-299276481
TN,-2.4577029,19.208345,-49.54413,14.053413,S1-431932740,S3-961943542
TN,-7.812873,33.689716,-40.667225,-18.461966,S1-364369198,S3-631445890
TN,-77.51108,21.055008,-48.643826,40.99078,S1-42740820,S2-842751577
TN,-39.79765,16.194317,-5.231135,26.995922,S1-820000361,S2-586847078
TN,-31.821747,-7.104419,-56.76173,35.61236,S1-205106526,S3-660263157
TN,-16.428291,-35.75309,8.41441,21.924183,S1-401514539,S3-680527405
TN,47.771633,1.221359,40.46043,-57.20577,S1-666433976,S3-901072280
TN,-0.4995743,51.158047,-55.26615,-8.176603,S1-759828723,S2-206252599
TN,-1.259032,20.494492,-43.697815,8.824839,S1-975729793,S3-684075968
TP,43.840137,32.274498,-1.7381513,34.207535,S1-765457333,S2-40966243
TN,-19.039074,34.540695,17.672943,-74.140976,S1-704221932,S3-234716411
TN,31.213768,11.116522,13.466725,24.77073,S1-432066310,S3-197485430
TN,-10.213121,20.901041,-49.3545,14.094032,S1-20571605,S3-297116661
TN,-33.040142,42.26139,-10.70575,13.016944,S1-142735138,S2-332362782
TN,-60.82775,8.463515,-43.04325,52.577705,S1-134273559,S2-219972829
TN,16.659687,-17.373814,34.266087,60.639,S1-813145907,S3-429696950
TN,-71.91227,9.771304,-21.882645,54.4088,S1-865328315,S3-308200519
TN,9.367924,-44.39501,43.063778,11.635025,S1-196585600,S2-211565799
TN,-43.1839,-39.58769,-49.158005,15.363681,S1-257100091,S3-179331752
TN,-8.9275255,36.34188,-6.617384,2.0672483,S1-9849372,S3-7082779
TN,-28.271376,-10.018658,-25.027628,-0.17396471,S1-522658035,S3-452582263
TN,-40.91912,24.941845,2.941904,69.73111,S1-683693611,S2-723166368
TN,34.459908,-32.8598,35.662884,34.727688,S1-223418838,S2-64983742
TN,1.7826412,-52.91703,61.525265,2.9004738,S1-656778409,S2-957722544
TP,53.166866,26.153637,11.635273,33.60356,S1-463875624,S2-274911600
TP,54.68215,33.628006,12.863574,43.816242,S1-385178767,S3-569543418
TN,24.877674,-70.26947,90.6671,4.112755,S1-88855031,S2-223406726
TN,43.606953,5.453726,77.249664,13.370899,S1-970143579,S3-920566943
TN,20.87587,-70.065414,25.824541,13.259726,S1-947325272,S2-459542537
TN,-1.4210193,-20.052752,17.60245,-53.8773,S1-483222260,S2-133631167
TN,-22.122221,1.147112,-22.42554,-38.435734,S1-718459063,S3-246910938
FN,55.195004,24.548313,13.35438,33.340797,S1-495080902,S3-423130676
TP,50.548378,31.208113,4.93075,40.121876,S1-863564545,S3-287114125
TN,-61.38822,8.939936,-27.206293,42.42375,S1-192416072,S3-735437923
TN,30.231585,-54.52023,81.196365,-5.400447,S1-19560851,S3-456401548
TP,52.53076,40.822315,4.5176406,66.505714,S1-818779463,S2-695014688
TN,57.985916,-19.039312,66.98835,-18.490458,S1-86995850,S3-554569061
TN,43.988655,-0.5941734,37.89398,-61.948254,S1-305366423,S2-196307326
TN,-24.428972,39.895096,-40.13108,-4.296356,S1-717805499,S2-936539046
TN,-14.80259,9.156646,-35.717224,19.529259,S1-561110176,S2-604529623
TN,14.831871,-15.5203705,24.28511,2.6819382,S1-185964216,S2-458657939
TN,28.515287,-72.68124,87.51161,4.272862,S1-507907163,S2-793088450
TN,-40.281986,19.0246,-9.813142,31.91706,S1-50806780,S3-692422511
TN,5.611627,-17.160694,15.750758,-8.642999,S1-101956289,S2-355201043
TN,-16.386667,41.477207,-6.4187317,-6.2303996,S1-791449969,S3-157266141
TN,8.2556095,-2.2143593,19.763144,-73.360825,S1-278921644,S3-70296097
TN,-39.812542,47.763443,-13.617552,31.485085,S1-141773859,S2-225364938
TN,-30.78249,-13.612405,-51.065685,36.39514,S1-1547171,S2-977378279
TN,3.575133,-6.103447,7.054333,-21.630928,S1-749028068,S3-99691925
TN,32.431583,-60.103134,56.92212,30.402061,S1-495409451,S3-23183071
TN,-42.72089,18.557188,-10.637644,32.36567,S1-36625264,S3-962157799
TN,-8.745086,7.6517196,-35.21285,20.110003,S1-141515170,S2-893894323
TN,20.117565,-52.688034,39.946144,-1.381848,S1-657721780,S2-18552646
TN,-3.0695503,-66.63683,49.936893,-26.918764,S1-343971020,S2-262645161
TN,11.131438,37.701336,-69.67323,-8.129972,S1-954019937,S3-138334926
TN,-79.069244,20.662117,-49.591938,41.632904,S1-811058662,S2-394155703
TN,-0.568823,-13.233783,5.983825,-20.400679,S1-973498125,S3-756084322
TN,34.433777,13.49993,19.942038,30.933632,S1-776254734,S2-708417148
TN,29.59693,-64.053444,89.83703,-1.4645507,S1-711039192,S3-53114456
TN,-14.092385,30.589094,-12.125691,2.155937,S1-757244031,S2-963699187
TN,14.941176,-57.10953,36.944374,-4.1058855,S1-377273318,S3-125238169
TN,22.16043,-31.250103,65.74015,12.942812,S1-868539993,S3-409741131
TP,56.220192,27.679073,18.216034,40.826233,S1-838146438,S2-839209683
TN,-48.696697,-31.612082,-21.906706,-14.379868,S1-829127364,S2-760850816
TN,-46.64211,18.504175,-18.435041,35.57501,S1-874957940,S3-25434890
TN,46.799423,1.4359028,37.455006,-54.95203,S1-107355305,S3-864518852
TN,-21.598764,-37.40562,12.930849,-12.137013,S1-681818247,S3-83680619
TN,7.3459463,-2.9714751,-14.622286,-3.4189043,S1-411645985,S2-224029636
TN,-16.551508,12.3096485,-31.2659,-24.091494,S1-906104940,S2-539561553
TN,-12.446411,39.050343,-3.8700025,-5.8701053,S1-682340565,S2-911687676
TN,-19.881525,0.009730754,-25.337002,-38.819233,S1-557453582,S2-818319407
TN,-0.08888714,44.675976,-55.399963,-19.18226,S1-50511044,S3-993443413
TN,-35.21342,19.34484,-15.403527,-8.729531,S1-105836368,S3-747246675
TN,-18.019854,18.445011,-34.45697,15.743331,S1-968434278,S2-77346706
TP,57.66334,21.753632,17.318666,45.313335,S1-27252964,S2-967993453
TN,-21.717415,30.159506,-35.684437,-3.4850342,S1-9382492,S2-592289841
TN,-12.101226,22.019842,-26.90423,-18.0068,S1-812587376,S3-102587743
TN,55.951622,-23.662354,74.16207,-19.833206,S1-682538826,S2-458711926
TN,-37.411636,38.54201,-56.00974,9.952597,S1-632217740,S3-722637840
TN,42.868687,-13.859129,19.710497,34.299763,S1-596918090,S3-881843870
TN,-44.216686,-36.792683,-27.5553,-20.915825,S1-45346334,S3-576211094
TN,15.946463,13.659534,33.083065,62.639694,S1-751912656,S3-526391142
TN,30.073269,-40.523914,74.286026,14.114031,S1-933358906,S3-691758608
TN,52.563732,-29.690294,58.02893,-4.927138,S1-983461147,S2-597093450
TN,-2.1616876,-32.229588,54.117126,-12.653833,S1-23723190,S3-371345168
TN,-41.836742,-32.41271,-43.935883,16.412981,S1-1465278,S3-18619514
TP,57.270195,30.23622,7.7247863,52.47068,S1-693771164,S2-149811341
TN,24.420826,-53.35133,88.681755,0.99010026,S1-206942898,S3-674323845
TN,9.145981,36.731796,-67.292435,-5.933938,S1-711086204,S3-483318210
TN,-56.81187,28.063097,-23.230364,45.44944,S1-652742011,S3-346657502
TN,12.337991,38.79896,-69.70601,-20.563599,S1-92516569,S3-412438127
TN,-17.3856,27.361792,-33.70234,-21.141418,S1-477608872,S2-414629205
TN,-20.173687,30.112679,-36.162323,-6.9941373,S1-385705400,S2-434582648
TN,-1.9971964,32.172855,-38.994522,5.7317147,S1-172504177,S2-48809282
TP,63.657066,20.347206,16.946743,42.608097,S1-266072780,S3-556794266
TN,0.5133842,9.419053,-50.559013,-35.71021,S1-551753224,S2-899438250
TN,-15.470002,39.650803,-3.2142303,7.1571236,S1-479018829,S3-794692064
TN,-4.2129984,56.02668,-69.480705,-17.29498,S1-314122533,S2-655564675
TN,-0.30833253,-46.03331,51.717808,-10.463688,S1-716861931,S3-118260189
TN,-9.43637,31.098858,-46.61654,-4.8778734,S1-815622700,S3-50536277
TN,16.733206,41.76352,-65.468925,-22.056675,S1-176102803,S2-199283556
TN,-52.01709,-33.994045,-40.571022,15.393109,S1-273184463,S3-940218185
TN,16.075825,-51.757668,38.239597,-7.9178185,S1-961147885,S2-115035710
TN,-35.372143,21.387781,-11.201928,22.691345,S1-186707669,S2-428130172
TN,8.311678,21.602818,-10.704533,-0.41040358,S1-613097307,S2-714221853
TN,-3.9418635,19.787489,-44.692703,8.306678,S1-895550302,S3-722337059
TN,-7.1816015,-30.123974,9.404124,-50.399925,S1-944799270,S2-128938511
TN,4.7968736,-51.104584,61.06684,2.9596899,S1-638088852,S2-856489440
TN,20.685955,-50.368584,48.594845,20.428425,S1-719760384,S2-453234684
TN,23.916058,-55.966896,67.9991,27.772749,S1-816595854,S3-986599608
TN,-28.873644,9.432767,-16.267422,-37.035908,S1-249013945,S2-235312059
TN,-40.9627,16.16905,-8.916378,31.390623,S1-335678639,S2-518907645
TN,-24.347633,64.23094,0.22223349,71.33209,S1-278309494,S2-559504492
TN,18.431185,-48.10829,46.693996,20.736397,S1-517362116,S2-929071687
TN,-13.805627,29.639606,-32.74057,-22.039482,S1-117910496,S2-502730014
TP,53.357483,42.685863,5.3845973,64.8899,S1-34852344,S3-951235031
TN,-21.896818,1.90552,-22.671516,-36.86969,S1-209329315,S3-911873949
TN,9.499249,-16.35611,17.731041,-2.330685,S1-599351360,S3-555289341
TN,-29.254215,42.083244,-42.90359,4.502182,S1-161161667,S3-90683058
TP,54.805412,32.759125,10.879453,49.516468,S1-137190934,S2-126241906
TN,33.858772,-34.64605,39.709454,33.04491,S1-68223231,S2-140516994
TN,-20.277264,38.181797,-33.307777,-2.3675425,S1-739713529,S2-491599473
TN,-29.424297,38.33052,-50.017708,7.9880614,S1-985968788,S3-672605978
TN,11.683872,-45.47823,53.962708,2.838721,S1-350093283,S2-868715694
TN,-17.996653,-32.832924,24.075338,-37.310383,S1-858517231,S3-52538182
TP,59.53175,20.765263,17.963326,41.898384,S1-36389449,S2-551633570
TN,53.282207,4.4927535,34.495407,-70.315544,S1-575720536,S3-472799675
TN,39.357304,3.1541011,32.196625,-61.81719,S1-207094481,S3-733298171
TN,1.1595848,-1.4297614,18.84296,-73.52155,S1-174362747,S3-254435018
TN,0.26489696,-28.953077,21.901554,-36.51086,S1-401444604,S2-102783330
TN,33.59548,-32.189583,40.1449,31.215792,S1-763263811,S2-31180942
TN,-15.760167,-56.74387,36.04849,-34.497498,S1-867524414,S3-359813504
TN,-10.126629,33.396557,-45.062363,-5.9053054,S1-138796544,S3-976793118
TN,48.28998,4.1031466,36.033607,-54.690495,S1-171060166,S2-629344300
TN,20.213425,-59.90281,67.030594,34.210125,S1-656968379,S2-521524962
TN,-61.24438,25.124626,-28.26252,46.533634,S1-302764381,S3-641305730
TN,10.764509,-13.297568,39.48906,-3.719031,S1-102449973,S3-831137584
TN,57.170353,-21.877401,39.35551,29.102575,S1-537645277,S2-675396773
TN,-13.592735,32.893566,-37.7389,-16.809635,S1-268751073,S2-600751305
TN,15.0032625,50.805862,-67.65842,-4.9290457,S1-663498770,S3-128623885
TN,-5.475667,26.336939,-53.788395,7.8523083,S1-469097062,S3-567942390
TN,43.353302,-9.682028,28.465605,-70.298225,S1-386058783,S2-721640374
TN,22.930021,-33.21446,65.917015,12.286203,S1-87129961,S3-144426246
TN,3.6726525,38.951508,-51.274338,-28.832489,S1-141624059,S2-790885546
TP,47.80639,30.07986,6.961386,34.46921,S1-14900356,S3-367319895
TN,26.444746,-6.6767135,29.300934,-13.755277,S1-874452896,S3-256424757
TN,2.2579873,37.82441,-34.93694,-35.415817,S1-835741896,S3-674916174
TN,-11.322431,23.375017,-44.095875,13.692269,S1-174412024,S3-309484568
TN,8.814836,-9.908107,14.627365,-2.0151234,S1-110786606,S2-474804802
TN,-10.217188,27.05602,-29.236515,-19.216112,S1-315986691,S3-606076532
TN,-31.263063,-9.317511,-50.693077,-19.53487,S1-594703069,S2-330622444
TN,27.798906,-12.377731,18.24809,-50.85177,S1-345140745,S2-885656987
TN,-45.34702,19.39472,-13.233529,32.441704,S1-539293920,S2-662762615
TN,-17.621021,-38.226597,15.826357,-12.767716,S1-728044696,S3-612644763
TP,45.73785,30.269184,2.4481108,36.74581,S1-696341819,S2-573710786
TN,-26.747656,17.770796,-18.295092,23.044048,S1-539764258,S2-685428901
TN,30.70452,15.766624,10.933128,26.908268,S1-563135323,S3-549252621
TN,22.05239,42.45998,-21.857204,-48.64144,S1-85439187,S2-294014383
TN,4.2134047,18.629162,-48.279278,-30.188768,S1-952941285,S3-142522979
TP,67.27198,23.134254,13.388061,51.48678,S1-683330991,S2-567477819
TN,-34.96565,44.79341,-33.976845,9.682937,S1-673496679,S2-642029176
TN,20.89082,-45.725807,48.99426,21.191055,S1-661939134,S3-250794440
TN,-18.55102,14.062131,-22.012064,-14.740718,S1-953239075,S2-648759679
TN,-49.840668,22.56974,-14.2183695,51.74184,S1-565736593,S3-467240443
TN,-13.934481,20.670313,-10.092923,-5.8338165,S1-883790053,S3-121051434
TN,25.385567,-0.8818251,16.26978,-52.123943,S1-805123113,S2-321987962
TN,5.7552423,18.742643,-46.9485,-31.288393,S1-734847299,S3-959770484
TN,-0.5833163,25.763168,-48.33867,-36.36347,S1-540456939,S3-602449471
TP,55.275146,24.432028,16.001041,49.43064,S1-953922560,S3-429990111
TN,8.916154,-5.6171393,14.67935,-0.16436473,S1-551695304,S2-694704585
TN,33.256054,-53.008743,57.56844,30.663685,S1-634065776,S3-672864485
TN,1.5205816,-37.474186,5.048428,-43.47963,S1-300019710,S3-212980024
TN,-17.639221,33.622673,-40.39138,-15.685191,S1-327722768,S2-316430834
TN,12.199834,-44.31344,44.7952,8.730638,S1-996702180,S2-649468209
TN,10.271437,1.5145711,24.561926,3.4403443,S1-285552180,S3-889543048
TN,5.5590353,-4.480248,6.7728233,-21.670778,S1-503404526,S3-932250626
TN,53.43033,-31.370518,46.11323,-13.684648,S1-143452657,S2-624114147
TN,-18.85388,-39.845753,12.177386,-1.3807521,S1-656691126,S3-698608790
TN,-0.47388563,-65.463356,49.01697,-30.733492,S1-772718128,S3-909879108
TN,23.308828,-5.4993954,30.765074,-15.977821,S1-27449545,S2-353092759
TN,-24.952177,64.82949,1.0012221,70.44299,S1-537465132,S3-622229670
TN,57.70706,-19.537357,68.591805,-18.54865,S1-425672541,S3-577283497
TN,51.692146,-30.237797,59.42422,-4.9601393,S1-543201909,S3-132816211
TN,-21.160107,18.693686,-10.166482,-13.096971,S1-601871045,S2-67301607
TN,35.347893,-33.572975,39.818066,37.34999,S1-864073788,S3-546276511
TN,-2.7489955,20.696732,-46.88392,9.00123,S1-460161489,S3-816947008
TP,53.481472,29.012535,6.9551,41.854546,S1-991501090,S3-503220463
TN,-31.079172,-13.160395,-51.225384,35.54486,S1-32883091,S2-716454411
TN,34.320248,-29.939615,37.37498,36.733974,S1-907652880,S2-811113770
TN,-22.595219,7.755762,-14.886577,-43.06088,S1-280285399,S2-882033236
TP,67.2885,22.23566,13.2578535,43.953026,S1-881150410,S3-959510168
TN,54.95177,-29.214844,61.64886,-5.61617,S1-497437901,S3-901352362
TN,-11.035429,35.039272,-45.676117,-6.4039903,S1-778643394,S3-318746471
FP,18.597712,14.110768,33.243122,58.96597,S1-639193771,S3-510103922
TN,-4.3059444,-26.058723,11.3247175,-47.71618,S1-166906104,S2-262396908
TN,-57.68856,21.323627,-28.285013,47.905796,S1-153033845,S3-307971020
TN,43.67051,-15.3812275,21.49544,34.608757,S1-379267480,S3-854676933
TN,-21.48099,-15.994635,16.562641,-25.381683,S1-102187509,S3-826087032
TN,5.9389033,-13.331074,18.983507,-7.505325,S1-280579322,S3-326005807
TN,47.30733,4.4966316,39.222965,-60.295494,S1-666194875,S3-306272980
TN,-7.129403,44.91927,-4.668645,-6.808308,S1-75304685,S2-315988290
TN,-11.467316,14.390502,-29.66781,-22.75963,S1-789430088,S2-748921807
TN,-29.066414,-11.069294,-52.460655,34.4166,S1-250427268,S3-476988446
TN,-48.51788,-22.3375,-18.923786,-42.570343,S1-421119580,S3-255947814
TN,-58.796455,28.588795,-30.484207,45.783424,S1-347644256,S3-974932840
TN,-71.415054,9.8941965,-26.017498,46.9266,S1-582009797,S3-61635838
TN,54.466236,-21.889898,73.392555,-18.528084,S1-154394354,S3-843105731
TN,-15.005987,24.444925,-10.4900875,-4.0751214,S1-271814031,S3-305765410
TN,-33.681343,47.197144,-42.341866,13.556918,S1-947519784,S3-74514524
TN,28.708435,-52.230595,62.417355,32.933353,S1-745418701,S3-874562384
TN,-25.948061,19.865551,-21.615906,18.908175,S1-578041527,S3-521745218
TN,23.97816,-14.57368,20.504639,-34.43336,S1-379267480,S3-905132447
TN,-1.3637416,-6.4311695,20.469172,-72.95265,S1-525824873,S2-979810714
TN,-45.777317,18.054573,-17.31387,34.328247,S1-212181507,S3-874899564
TN,50.918617,-28.617014,44.91291,13.098025,S1-358770480,S3-129438558
TN,17.780575,-19.886553,24.633615,-2.518853,S1-101956289,S3-394392048
TN,32.951332,-34.786266,41.142952,35.41521,S1-306540589,S2-683762407
TN,61.02549,-18.130291,73.86946,-24.128422,S1-36489829,S2-116947471
TN,-14.213498,47.563023,-4.914387,7.6473947,S1-953282460,S3-730923646
TN,7.553977,-11.578161,14.747393,-6.3529196,S1-76057372,S2-583204725
TN,-14.589987,18.356615,-16.282932,-5.2050557,S1-124242666,S3-168629621
TN,-19.3191,14.506522,-22.22058,-14.5104685,S1-819891528,S2-629102463
TN,-53.20051,-1.3470898,-57.16223,-6.125175,S1-189692153,S3-662479413
TN,21.943993,-4.916705,21.280453,-19.827824,S1-495005152,S2-838959574
TN,-20.05781,29.19023,-28.341087,-13.890789,S1-91453329,S2-673845176
TN,-4.244153,15.564261,-9.854521,-5.597399,S1-89592352,S3-402165634
TN,-24.301733,64.16361,0.54401094,71.220245,S1-707325281,S2-644398441
TN,10.841658,-11.561311,16.267097,-12.28603,S1-388518252,S3-786410254
TN,37.504208,-29.000986,37.980324,33.653587,S1-783040210,S2-498925359
TN,-69.903336,23.910109,-16.104174,46.399624,S1-645108464,S2-608169773
TN,30.96539,-57.821503,59.01222,34.911945,S1-838764650,S3-8191091
TN,16.501324,-25.802608,37.856544,-7.463575,S1-454061773,S2-148294178
TN,-7.105404,25.230652,-47.490734,2.9124594,S1-804225604,S3-747900017
TN,31.13081,-52.76599,59.70235,31.814266,S1-390736278,S3-4744032
TN,-25.671865,29.076986,-4.460354,24.401138,S1-916044830,S2-236642956
TN,32.594086,-52.95471,59.71334,30.863422,S1-505067004,S3-662883154
TN,-6.3655725,32.853363,-34.876038,4.910851,S1-561946449,S2-114899421
TN,21.16147,-49.111137,47.189312,20.51088,S1-764776662,S2-821037352
TN,-12.672576,-7.3707514,-43.027016,-41.60347,S1-716597772,S2-38018947
TN,-15.105114,41.75818,-4.99405,9.561287,S1-60432973,S2-350482340
TN,51.859535,-28.85294,45.048973,13.191176,S1-199875699,S3-314174251
TN,20.131649,-62.142555,67.68179,30.609108,S1-794473200,S2-936679543
TN,-22.388588,6.376347,-32.742992,-44.262615,S1-211543595,S2-700278165
TN,-40.790646,-28.798578,-38.231544,-14.971188,S1-473512129,S2-217513058
TN,44.698097,11.227671,23.703157,-72.35605,S1-392226516,S3-581746573
TN,-51.6298,-0.89971375,-39.642128,-16.894037,S1-343971020,S2-637148023
TN,-19.691483,0.060502965,-23.882854,-37.16394,S1-68007193,S3-559980037
TN,-16.536688,27.570404,-12.313087,4.513741,S1-643275661,S2-229806431
TN,-5.885571,-30.763952,10.279372,-42.958267,S1-378802290,S3-761184664
TN,-24.469236,36.899734,-10.620674,12.725044,S1-765411954,S2-940759423
TN,-6.4422636,23.029758,-38.994804,12.812905,S1-457397414,S3-916659051
TN,3.4247866,33.52567,-61.19779,-20.57471,S1-691794601,S2-627975758
TN,-28.623075,37.35487,-47.74351,19.226715,S1-250315599,S3-73945233
TN,0.9572031,-5.302112,24.630816,-4.9063497,S1-470914476,S3-332524174
TN,1.9915905,21.691349,-15.162058,10.77342,S1-733301613,S3-862562259
TN,29.411015,10.253331,15.134827,23.787323,S1-37832651,S3-164366819
TN,3.7762144,-47.810055,60.660656,3.0000606,S1-596920608,S2-307049539
TN,-0.21782964,-44.169888,51.876633,-11.4106655,S1-247885325,S3-759193633
TN,-5.712219,29.848742,-5.1077147,-0.43019852,S1-709522375,S2-126117242
TN,-61.611732,6.3028474,-47.125652,45.32235,S1-275777618,S2-8503160
TN,-14.263576,-30.914585,8.88563,-44.955414,S1-297458009,S3-938073213
TN,-73.1418,11.341861,-37.942818,47.07709,S1-947645284,S3-518129995
TN,60.66175,-22.475468,70.51882,-17.785961,S1-519406477,S3-780919411
TN,6.759003,-5.706182,5.1293607,-36.572365,S1-119083085,S2-854097644
TN,5.8476005,17.146011,-48.452217,-30.622179,S1-877028173,S3-961504039
TN,0.60555995,-60.992455,47.405365,-35.062645,S1-696350389,S3-257663279
TN,-7.5490336,42.154312,-0.93157494,2.3591163,S1-425601674,S2-779344463
TN,-25.123493,5.5558963,-16.83988,-42.850994,S1-663940747,S3-737289262
TN,21.652735,-59.43552,68.76186,35.624912,S1-116790957,S2-171014764
TN,-6.1248336,-22.452652,6.59395,-49.960655,S1-99401043,S2-642620470
TN,-15.186024,18.658289,-17.40069,-7.3021607,S1-429584774,S3-448050589
TP,53.015175,24.419271,11.147671,29.89804,S1-459587149,S3-731334162
TN,24.384035,41.69845,-29.6552,-46.32602,S1-144947487,S2-45164985
TN,24.086426,-27.512526,30.464664,25.112059,S1-60430619,S2-112312344
TN,24.880608,-71.12498,78.12482,-0.6371783,S1-201233356,S2-984628958
TN,-42.69458,16.607225,-11.871604,31.928797,S1-995749099,S2-842183330
TN,-60.41211,21.753267,-23.995453,46.82346,S1-455222986,S3-842139257
TN,-35.29883,44.96713,-19.128517,23.464722,S1-107206759,S2-841108544
TN,2.155948,-26.386889,18.663637,-47.75631,S1-870364984,S2-321783361
TN,-65.067665,20.054962,-22.805708,51.94115,S1-710664441,S2-602659481
TN,32.855656,-31.76852,40.751472,31.228146,S1-238338926,S2-156777382
TN,33.360363,-65.486,80.20849,1.963834,S1-444870613,S2-186985635
TN,-38.062767,-32.764366,-34.10285,4.0629854,S1-476043140,S2-934613525
TN,22.983442,-52.346798,88.90697,-2.3931992,S1-63891837,S3-395807079
TN,-39.84719,19.101915,-8.170454,28.406443,S1-198678463,S3-765264912
TN,0.119614445,44.965004,-58.603508,-21.007532,S1-52670798,S2-16743922
TN,21.50946,41.378815,-25.41122,-48.319664,S1-789814576,S2-234045691
TN,-27.327936,2.7365153,-17.810137,-40.224304,S1-473523019,S2-560821258
TN,-13.71206,-6.5550704,-43.312496,-41.038418,S1-656778409,S2-130316652
TN,-71.64476,12.860961,-34.65209,44.586422,S1-690247200,S2-857603992
TN,54.73429,-18.356148,38.53866,29.464668,S1-625488750,S3-727056148
TN,4.3712583,-30.541462,7.7608643,-37.424156,S1-381868043,S2-264344789
TN,29.53478,-59.082607,60.008892,34.75743,S1-129461138,S3-641257616
TN,27.64546,-5.6858344,30.18483,-16.455612,S1-490108446,S2-967740083
TN,26.011534,-48.721645,49.300964,24.998909,S1-50749491,S3-520095727
TN,44.17504,0.7386892,38.211914,-58.01198,S1-438062275,S2-699524174
TN,-20.624584,-1.7311379,-14.834795,-31.815716,S1-693376497,S2-895968650
TN,41.999607,1.0353715,22.3974,-7.590154,S1-849905725,S2-121629138
TN,27.925217,-4.7679324,30.243362,-15.771334,S1-717274800,S2-532381169
TP,40.432278,31.882933,1.8621477,23.73795,S1-35851240,S2-580806886
TN,37.410313,-19.030508,25.555943,14.435494,S1-995230938,S2-449959478
TN,7.5531645,33.328625,-63.78993,-20.973091,S1-279958210,S2-407448394
TN,-24.268564,16.442808,-18.715742,7.1060596,S1-45421657,S3-288852029
TN,-54.414803,-31.279224,-19.738949,24.383419,S1-213220737,S2-635299909
TP,53.511097,42.63026,5.099904,65.00201,S1-973310717,S2-999695929
TN,-47.7903,-30.904726,-31.585299,14.288905,S1-393283537,S2-225460777
TN,-22.922705,-20.385529,10.737412,-34.036774,S1-120733252,S3-322632238
TN,11.168238,-46.17424,54.139843,2.848889,S1-580996690,S2-258433518
TN,-53.73072,1.499164,-2.0631852,11.303517,S1-134068457,S3-343478690
TN,-1.5581511,49.036076,-53.887367,-19.489775,S1-260565034,S3-50742931
TP,56.18646,28.67397,12.370892,48.354946,S1-859612623,S2-869430967
TN,-39.216324,39.89614,-25.895756,-39.711025,S1-70712494,S3-840976319
TN,44.377544,3.1347294,36.553352,-56.1422,S1-267977408,S2-572726464
TN,-1.3865069,43.59726,-55.801716,-13.352051,S1-160917367,S2-192225361
TN,-40.53417,-28.389967,-36.06083,-7.7294116,S1-219392910,S2-978071908
TN,27.665281,-53.10624,57.404682,31.34688,S1-582814517,S3-939807088
TN,24.432312,-50.99224,76.492165,-1.7147149,S1-359982440,S3-677918838
TN,-19.910011,21.998692,-12.805129,1.8471433,S1-183417901,S2-723052581
TN,16.941063,-62.0903,41.962044,-0.89820296,S1-861264425,S3-261683412
TN,-70.64013,9.943121,-22.649067,54.407967,S1-102953666,S3-551244891
TN,-1.2856028,-22.65661,4.887722,-43.853157,S1-254370275,S3-481055813
TN,39.111214,-34.2598,35.988815,31.532581,S1-712609535,S3-329564329
TN,10.34538,-7.7077894,7.4088235,-18.829514,S1-632466839,S3-818185704
TN,43.595757,-15.126886,20.918608,33.53915,S1-569547275,S2-179239018
TN,-18.448662,14.404919,-22.563284,-16.127728,S1-555412197,S3-498629391
TN,-24.171524,-2.081838,-30.222595,-41.870018,S1-261963102,S2-260455971
TN,13.8852415,46.63914,-67.60857,-0.8448512,S1-110408503,S2-913467748
TN,-25.585005,19.240555,-19.88129,23.178194,S1-294375619,S2-682260144
TN,-29.6581,-12.032447,-52.229866,34.459076,S1-69292492,S3-968186907
TN,-34.309563,-7.3471923,-29.477615,-52.097935,S1-423867135,S2-846919050
TN,-6.9313755,18.860783,-41.86988,9.469958,S1-596498774,S3-124431068
TN,-37.802227,-39.990368,-41.357307,20.470848,S1-630324699,S2-577376405
TN,-5.5212975,32.60401,-8.82169,2.4628386,S1-260153055,S3-888891438
TN,-12.178519,19.614662,-18.580725,-6.541365,S1-965266266,S3-436698475
TN,-6.5082426,-31.266172,6.112923,-38.44672,S1-229507604,S3-650888941
TN,7.40793,-47.480732,54.94892,4.3547277,S1-89581050,S2-922748457
TP,61.284615,20.093533,19.13164,40.760952,S1-655803836,S3-243026937
TN,22.177937,-31.52925,66.48693,13.099436,S1-794121834,S3-675352561
TN,-48.5195,-22.95308,-14.96882,-45.95514,S1-581350119,S3-958566168
TN,-11.488994,24.413063,-30.610401,-12.274896,S1-864950455,S3-513261373
TN,-26.550516,21.08504,-21.209848,17.192373,S1-473034860,S3-911098484
TN,-2.5178585,-41.207794,54.185947,-12.744049,S1-275237828,S3-464891115
TN,44.94337,0.3373703,37.576176,-60.50873,S1-4810447,S2-492848043
TP,43.66416,13.632023,19.922935,-46.987877,S1-490108446,S2-899566576
TN,15.413122,-43.72832,40.12555,15.153927,S1-71067766,S3-351140279
TN,19.961626,-5.2732444,27.98037,-2.8105185,S1-906168215,S2-94672223
TN,-20.765041,-20.797411,11.074533,-33.683167,S1-76672940,S2-323992585
TN,1.8267074,-43.56284,51.119884,-12.138313,S1-60991785,S2-761360028
TN,-16.505362,-58.09546,35.53688,-35.201427,S1-436623778,S2-262000140
TN,-14.413082,28.623446,-12.056313,4.3059983,S1-546641154,S2-544965051
TN,33.328213,-35.682823,41.418724,35.4102,S1-638247432,S2-876465823
TN,-4.0233355,-23.18055,3.3378696,-38.833374,S1-202934482,S2-92376598
TN,8.302204,-45.720013,58.596867,-0.2615208,S1-658468468,S3-29186257
TN,-52.141804,-0.12711021,-14.637651,-31.211311,S1-871194965,S2-206328874
TN,26.921726,-50.66993,67.10746,28.049252,S1-897372551,S3-925494322
TN,-34.309036,-17.50522,-54.1172,31.82126,S1-13653091,S3-928037204
TN,-3.1046355,42.075893,-55.707745,-10.424981,S1-50511044,S2-831375954
TN,-13.532349,39.729042,-3.222872,-5.6949368,S1-682340565,S2-39551116
TN,0.37879032,42.46342,-56.81147,-21.447544,S1-946405460,S2-661805274
TN,-13.73684,-30.711498,6.0655737,-44.740356,S1-778901720,S3-782035639
TN,1.4390203,-39.627823,49.14105,-11.794835,S1-282796809,S3-739354084
TP,43.93921,37.640793,-1.0961455,28.97148,S1-448519854,S3-437485654
TN,7.3589916,24.445904,-51.349773,12.521269,S1-639552673,S3-984380779
TN,52.78553,-24.747807,43.892513,21.869064,S1-790577420,S2-522330368
TN,12.29644,-4.474727,6.573288,-16.33637,S1-521503051,S2-97808873
TN,17.371056,-56.242744,41.068382,-2.1950266,S1-204390407,S2-194605389
TN,-39.124355,43.74624,-33.057365,-43.208424,S1-80359481,S3-460541021
TN,22.890102,-6.0204186,31.056372,-15.746407,S1-593112440,S2-162813633
TN,52.7691,-16.991825,37.943512,29.62814,S1-231610697,S3-405759621
TN,12.176875,-8.420706,5.474896,-15.740402,S1-421341444,S3-513147806
TN,-19.841362,-38.540817,13.103408,-3.3211553,S1-533513258,S2-192829482
TN,-29.460659,6.750554,-17.311243,-40.096832,S1-283697996,S2-266247848
TN,-4.0912857,-22.604383,3.3249485,-38.83287,S1-789012902,S2-795622587
TN,21.539608,-14.04408,24.136873,-13.856322,S1-736640080,S3-266794882
TN,24.263823,-38.093124,23.17078,-10.859334,S1-837181316,S3-128355119
TN,-57.77523,32.690784,-13.630329,51.366543,S1-274855203,S2-243190059
TP,66.73905,20.234407,14.347623,49.849045,S1-242978409,S3-173509680
TN,-16.54768,39.551994,-11.842682,2.8429186,S1-227248288,S2-172772409
TN,3.8260257,-8.999332,14.879551,-7.2925773,S1-54491857,S2-539021431
TN,-66.21981,19.678501,-25.387058,50.579517,S1-666293899,S2-141887890
TN,7.4355583,48.22958,-55.658833,-9.856672,S1-871937131,S2-414966790
TN,28.613935,-26.752375,30.769697,26.095764,S1-379082782,S2-690229112
TN,-12.493696,-31.428492,12.953855,-46.811806,S1-471841293,S2-638273664
TN,-26.965864,-13.016793,-53.203625,35.587242,S1-500763173,S3-264199900
TN,-30.891394,23.053883,-22.444239,20.51498,S1-253805555,S2-5486033
TN,-11.900677,-33.99679,15.509245,-44.752853,S1-634853125,S2-350191818
TN,-46.354294,19.771591,-16.313786,34.92051,S1-605489560,S2-584706393
TN,-0.5701421,-67.61845,48.646374,-25.425983,S1-171783301,S3-938450672
TP,45.93321,33.617485,9.221446,31.08807,S1-369730544,S2-152376814
TN,7.6448326,-46.03784,59.395977,-0.060826108,S1-990758087,S3-280115391
TN,-10.079647,19.504581,-44.116604,12.502609,S1-15520012,S3-497057186
TN,-27.161325,3.5562773,-16.83626,-41.828022,S1-986470370,S3-283683956
TP,52.15153,41.070843,4.3429565,66.92823,S1-519916823,S3-954796838
TN,32.38393,-43.85906,24.473343,-10.778617,S1-627162175,S2-985217982
TN,-13.672169,26.767443,-48.836693,6.292353,S1-805692528,S3-700608794
TN,16.972178,42.37124,-65.63912,-22.01695,S1-460078935,S2-265045408
TN,5.87382,-51.28316,60.453205,2.976645,S1-63580567,S2-180930025
TN,-63.179657,27.091469,-17.582129,46.84872,S1-347644256,S3-440742786
TN,-1.5098282,32.30829,-0.8225291,0.32507113,S1-180790617,S2-995471847
TN,-10.368306,9.428477,-35.597183,18.999643,S1-941942252,S2-27645472
TN,3.2054949,22.979603,-15.665886,5.2562456,S1-520788225,S3-417236193
TN,21.145348,38.881817,-24.074608,-48.747242,S1-568434395,S3-502659398
TN,20.26598,37.810726,-44.4058,-43.765675,S1-470747297,S2-171442303
TN,-9.169096,18.90529,-48.623547,13.914319,S1-642714992,S3-795900330
TP,50.81436,34.678284,6.0276065,34.69297,S1-135134701,S3-720311269
TN,-19.501684,-30.246935,11.319302,-40.36617,S1-916613221,S3-159849836
TN,-8.480378,-18.605207,13.524331,-38.98174,S1-765720484,S3-517049919
TN,17.596806,-31.48309,22.964903,-8.52591,S1-338851820,S2-391090460
TP,68.16358,24.100164,16.884851,46.48633,S1-224432748,S3-592310362
TN,49.323067,-29.259636,57.12963,-4.778216,S1-858490130,S2-549988202
TP,62.430412,21.57876,18.073751,42.06632,S1-421373251,S2-347106490
TN,3.151739,-64.55761,46.162468,-22.019106,S1-342507250,S3-777744819
TN,13.441628,-59.23018,36.838192,-1.8870586,S1-793440887,S3-800286367
TN,-11.23331,30.88349,-6.6272388,1.6561022,S1-486115274,S3-687673953
TN,-59.51362,21.112621,-42.46902,55.87353,S1-305856022,S3-946954582
TN,-27.686125,39.42741,-36.227634,-21.467232,S1-732745429,S3-809494722
TN,12.962451,49.6703,-64.96902,-6.3376484,S1-527960699,S3-249299621
TP,48.94236,26.549112,12.974598,34.37506,S1-980551697,S2-342314165
TN,60.89513,-23.571232,73.947464,-22.73155,S1-441126945,S2-5768678
TN,7.6937785,25.612888,-18.529291,-6.465072,S1-600426858,S3-4628892
TN,-10.195332,0.8450019,-29.66742,-15.415049,S1-706139982,S3-706863621
TN,2.2480667,-48.25629,60.958046,4.947077,S1-275777618,S3-264055101
TN,5.817651,20.340473,-33.515934,-22.875965,S1-326037739,S2-879239662
TN,32.37049,-35.34816,37.900196,31.938526,S1-475549780,S3-822530303
TN,3.9419513,39.429306,-62.203354,-5.1068563,S1-114055910,S2-710776110
TN,-20.565454,33.61505,0.27683595,2.3787842,S1-304493178,S2-635186414
TN,-4.3313932,45.381287,-55.289204,-6.5496225,S1-189438409,S3-316872863
TP,43.69254,35.613438,1.528692,27.554243,S1-220144785,S3-615689540
TN,-64.21188,22.825878,-26.754824,46.27457,S1-569723718,S3-927826651
TN,-8.752174,33.83231,-45.46278,-4.214938,S1-205148110,S3-391698003
TN,-73.03848,8.227456,-36.603584,47.94129,S1-874226931,S3-514830381
TN,34.286938,13.441192,17.012684,29.758528,S1-707552560,S3-875333064
TN,16.527027,32.80277,-70.03337,-19.641922,S1-995106964,S2-133774477
TP,56.56003,27.178873,14.518528,46.211674,S1-5396625,S3-351910780
TN,12.48342,36.80942,-59.46595,7.82536,S1-117632707,S3-521425237
TN,-14.626817,30.169827,-39.10641,-17.369757,S1-353285237,S2-876290385
TN,7.3627877,35.632847,-69.66613,-21.31204,S1-951313030,S3-360115051
TN,51.30468,-25.322145,46.348225,23.095186,S1-927145135,S3-105313544
TN,5.0187473,-12.157969,3.0632958,-21.621271,S1-816537681,S3-96710524
TN,3.1365235,-62.038628,50.83074,-29.470352,S1-739754988,S3-203799603
TN,-28.60974,-9.013425,-54.19146,30.387997,S1-957827437,S3-348873798
TN,25.575628,-26.135654,29.837633,28.706705,S1-445321785,S2-626506120
TP,49.012062,34.97848,6.253857,35.10556,S1-442870019,S3-107783230
TN,23.739986,-56.012936,67.91264,28.16603,S1-869542083,S3-767884606
TN,48.278893,-12.216887,36.444786,-69.6973,S1-675328735,S3-730768074
TP,55.8308,29.386816,6.430837,49.730762,S1-548528218,S3-842232467
TN,-39.954933,17.935541,-10.67541,26.7888,S1-124142989,S2-317509653
TN,-14.061951,40.346046,-7.208927,8.210384,S1-871937131,S2-288299723
TN,3.3283122,13.925164,-49.195885,-35.58403,S1-395512958,S2-45422109
TN,-32.58658,-16.12682,-54.142414,35.113438,S1-332641381,S3-402512811
TN,-8.287893,10.499274,-11.75832,4.7585273,S1-107271003,S2-626103644
TN,65.6532,-20.657997,41.259075,-6.89256,S1-698803800,S3-65001827
TN,-36.325665,-10.049411,-11.168449,-40.580116,S1-973025529,S3-956539964
TN,30.06914,16.836443,12.813994,28.347773,S1-443885730,S2-984998119
TN,28.550402,-28.891676,29.89064,26.747976,S1-651584988,S2-910293691
TN,-22.783094,12.206265,-41.968853,15.807563,S1-705625283,S3-335120101
TN,27.574139,-67.68761,92.029854,-0.0537559,S1-740380174,S3-414692533
TN,-26.452665,5.654502,-16.919144,-40.36568,S1-534929505,S2-80422176
TN,-28.772856,43.86237,-32.49863,-13.077289,S1-15749315,S3-188801762
TN,-15.887489,-57.284367,35.95748,-35.0962,S1-638986362,S2-464895991
TN,-15.546898,18.323606,-15.264554,-8.500554,S1-30454306,S3-628954505
TN,-14.190346,-30.927176,9.575536,-43.704723,S1-605543183,S3-947798583
TN,-20.98065,-36.02894,11.686553,-13.387195,S1-392748487,S3-747757476
TN,-8.390435,32.615543,-47.42913,5.5181093,S1-731659730,S3-14376821
TN,42.32811,-49.374706,25.973034,13.301937,S1-454148368,S2-649279085
TN,-2.1439388,-27.774858,9.9054365,-43.53417,S1-861425076,S3-416807306
TP,39.399944,34.30533,-1.7923692,34.293716,S1-586504980,S2-537092279
TN,-50.00026,-2.417096,-40.960438,-6.002107,S1-782273755,S2-330924405
TN,24.623814,-7.096822,25.431278,-19.941172,S1-653451913,S3-175971261
TN,-33.93478,-15.285605,-50.377052,33.19571,S1-390565015,S2-789582679
TN,56.708714,-20.040117,69.03551,-17.038647,S1-44891563,S3-813225612
TN,27.290989,-29.8255,32.983307,25.330729,S1-350732523,S2-441518618
TN,2.655839,40.08603,-51.354904,-28.521587,S1-709766,S2-958306102
TN,16.498974,-25.753593,37.84583,-7.5721745,S1-328904749,S2-571388058
TN,2.2954285,37.75165,-61.297516,-10.697883,S1-696206436,S3-975844156
TN,22.168379,-30.435265,68.01237,15.517513,S1-631326479,S3-834562461
TN,-7.076034,14.033699,-43.82657,18.816715,S1-882888816,S3-193564927
TN,-1.8029995,41.417023,-54.79781,-20.19196,S1-574498751,S3-797923883
TN,60.8559,-17.530207,74.6138,-24.163942,S1-84445754,S2-535556434
TN,-25.788607,15.301726,-29.110956,12.400312,S1-912951665,S3-221723796
TN,10.244106,-8.393486,5.351426,-18.750954,S1-267462951,S2-503991205
TN,-8.70562,30.715397,-45.282352,-3.1353312,S1-309711010,S3-634972396
TN,-9.401552,-28.126966,6.385447,-46.457542,S1-660135307,S3-110577135
TN,4.097453,32.50618,-50.25912,-30.020782,S1-265119438,S2-790488235
TN,-63.021935,20.39817,-25.767054,42.584557,S1-396450365,S2-402776752
TN,10.75555,-2.410224,11.928887,-11.643819,S1-606391702,S3-378071745
TN,7.662488,-46.3678,57.569668,1.6960063,S1-473836503,S2-960547059
TN,35.52551,-29.973705,40.45156,37.52276,S1-457655687,S3-997910415
TN,14.626427,-19.794714,27.00452,-2.0166965,S1-992421624,S3-37749270
TN,21.179733,-49.116528,48.59872,20.777514,S1-170772069,S3-684988438
TN,-15.863529,8.193479,-27.0538,-32.008556,S1-805123113,S3-435343968
TN,-1.4690586,-50.184616,49.14075,-6.63209,S1-230517403,S3-409289406
TN,-16.331076,-57.96709,35.328312,-34.842285,S1-740395361,S2-775015860
TN,-18.98032,-36.519047,16.82336,-17.939096,S1-77607908,S3-587684494
TN,-47.143135,-34.132572,-35.153004,15.5220175,S1-270325980,S2-221304821
TN,-17.061754,-57.189335,34.831,-35.338253,S1-511063480,S3-121668388
TN,6.0862236,-46.26473,54.114826,5.721327,S1-678829220,S3-410266566
TN,28.514158,-70.37454,90.952065,0.215632,S1-725113023,S3-575440233
TN,-3.3449593,25.56762,-47.983555,16.599808,S1-300978041,S3-646075217
TN,28.35878,-64.04981,91.782585,-1.1199217,S1-550370106,S3-749505776
TN,10.004647,34.541897,-68.163574,-6.9297895,S1-985993703,S3-397039404
TN,48.04429,2.5800943,36.670124,-54.14554,S1-587767860,S3-876920039
TN,-14.088846,-6.0422897,-44.294598,-41.53698,S1-856117001,S2-346600523
TN,50.81914,5.451312,34.402733,-69.47371,S1-791044420,S3-71055609
TN,30.48207,-58.691597,56.788433,33.27058,S1-256780430,S3-306956474
TN,-73.76923,10.40301,-34.66745,46.786766,S1-702884658,S3-611040229
TN,31.280874,-60.105534,58.715096,34.217495,S1-155112553,S3-494590814
TN,-16.353472,-0.09680842,-22.769156,-19.283169,S1-946595994,S3-684824450
TN,23.808382,-30.803217,64.954315,13.405071,S1-370604541,S2-884866259
TN,29.369473,-65.98721,90.6569,-0.81012905,S1-482189146,S3-774279758
TN,27.578867,-11.778673,17.07904,-53.524895,S1-531124754,S2-428902314
TN,2.238574,12.79285,-46.86168,-34.059116,S1-494105753,S2-920112076
TN,-2.149495,37.042133,-48.055237,-29.042776,S1-10636643,S3-32170139
TN,55.805378,-18.639605,67.91916,-19.754995,S1-223958930,S3-248758624
TN,-15.609188,26.398731,-11.67668,-4.2758636,S1-546995942,S2-200589616
TN,13.292381,50.041393,-65.82561,-7.115516,S1-45164450,S3-534814676
TP,55.05847,30.443653,9.873695,39.533928,S1-713936846,S3-75105358
TN,8.472048,41.940437,-66.60628,-5.993843,S1-700332418,S3-705696362
TN,49.399662,-31.16187,45.768623,12.147997,S1-552138356,S3-806743786
TN,-24.257893,1.0548043,-14.738055,-31.932943,S1-974881664,S2-480318425
TN,35.336536,-62.329685,91.037964,-2.079056,S1-401490279,S3-566778574
TN,-38.79774,-34.173096,-39.550694,-7.2855883,S1-833501710,S2-144591932
TN,-45.066654,19.03333,-16.790005,33.094776,S1-323483587,S3-711095820
TN,59.302067,-15.2078285,72.39538,-24.46578,S1-44456314,S2-484078674
TN,-1.8679601,-21.988567,17.72459,-53.60676,S1-138493412,S2-626526660
TN,19.835594,-50.25268,38.874767,2.5890007,S1-255473074,S2-483868380
TN,-63.753975,14.879227,-30.522089,50.88727,S1-366046886,S2-895423053
TN,-44.094685,19.75147,-15.883053,33.199173,S1-963392465,S3-543719073
TN,-19.48742,-17.258818,16.009207,-26.018208,S1-562042467,S2-743381688
TN,1.2587208,50.427483,-57.131104,-21.560808,S1-993166424,S2-637506705
TN,1.7268672,-43.04926,49.825806,-9.4288225,S1-548562679,S2-929542416
TN,29.890879,10.589536,15.279173,22.237555,S1-426324530,S2-508264825
TN,13.099611,36.734913,-69.69629,-20.528837,S1-670222748,S3-402998844
TN,-28.22082,5.982019,-13.882388,-44.61451,S1-957748393,S2-887559397
TN,46.984856,-11.794773,35.63383,-70.604034,S1-744063239,S2-194811726
TN,25.415339,-58.199112,59.328743,33.157433,S1-38669089,S3-519504987
TN,-11.0058365,1.3104258,-40.065193,10.5242405,S1-452751957,S3-77423781
TN,-50.615814,-1.1833099,-46.031002,-4.331234,S1-767943012,S3-441697809
TN,-1.5898231,16.555174,-21.59778,-30.275951,S1-326582562,S3-795517533
TN,-4.5308204,17.09942,-27.114674,-20.980326,S1-830511380,S3-931444939
TN,-0.7486688,-64.167694,48.87248,-32.81653,S1-560524440,S2-504657756
TN,-26.213718,63.704754,1.9488508,71.09697,S1-617078223,S2-183990215
TP,65.42839,28.7245,7.9424863,50.773563,S1-438696248,S3-525281801
TN,-6.59129,-27.412893,11.505552,-47.927994,S1-551236981,S2-895513866
FN,43.5122,7.5928054,11.23077,20.324392,S1-434802343,S3-736053634
TN,-34.169678,7.186072,-13.077176,-48.600174,S1-704249280,S3-616796257
TN,46.45312,1.6536268,39.842545,-58.12649,S1-193420105,S3-418312074
TN,-34.587734,46.1373,-20.240702,18.484247,S1-927085678,S3-234836003
TN,-58.211018,20.279453,-23.434576,47.23479,S1-930749448,S3-754905989
TN,-4.4886723,22.962454,-52.859413,10.289319,S1-879750683,S3-555914561
TN,-6.800038,39.58349,-2.1934109,0.7379328,S1-43999901,S2-657056045
TN,-16.158688,-57.87817,36.089283,-34.81403,S1-441096478,S2-195849373
TN,22.224346,-60.564972,80.186035,0.23897664,S1-670499498,S2-563072501
TN,-77.73696,20.693619,-48.21059,41.629395,S1-946638860,S2-854130504
TN,4.360546,-31.690144,23.176012,-44.632565,S1-493056917,S2-412874461
TN,-22.404135,-20.124659,11.220026,-34.599586,S1-830472356,S3-882247124
TN,-13.157877,-29.103943,7.107354,-45.33068,S1-88841482,S3-135037493
TN,-2.5041008,15.341174,-16.200441,-4.645271,S1-826106329,S3-793850814
TN,-41.908394,-32.836174,-44.6497,18.468098,S1-420299066,S3-791065780
TN,8.687149,52.044525,-70.01546,1.5691863,S1-820078575,S3-596169111
TN,-4.491335,31.339731,-38.236336,4.8443456,S1-252072491,S2-83229847
TN,-33.357487,-31.18719,-40.107285,10.338748,S1-704618714,S3-532128641
TN,33.648567,8.843987,17.561518,36.063515,S1-47192843,S3-879793370
TN,-51.871986,-28.42714,-15.888364,26.77783,S1-437842098,S2-478666299
TN,0.5484625,42.003746,-63.984734,-19.57671,S1-100138407,S2-302581615
TN,-0.6872461,-61.77218,47.400673,-35.382137,S1-202352402,S2-922037804
TN,3.8443058,-13.484786,15.606602,-10.24466,S1-809242025,S3-195737086
TN,12.56099,36.233494,-71.81202,-4.1916947,S1-959520588,S3-747895231
TN,-2.5122597,-65.041794,52.65887,-32.909237,S1-112719627,S2-471196729
TN,-18.699053,20.243366,-11.978657,6.3190527,S1-21687249,S2-922202473
TN,-20.249895,-42.60077,23.834518,-1.2955809,S1-984161770,S2-219007898
TP,66.80555,29.568995,9.138721,52.209988,S1-421378855,S2-464018100
TN,-13.330254,28.48622,-13.125087,5.5869346,S1-576763463,S2-5583048
TN,51.089157,-28.772013,44.83863,12.467518,S1-613598204,S2-181866112
TN,-30.541336,36.915726,-17.655527,7.3740015,S1-681315697,S3-620517859
TN,-7.892362,-0.43906093,-45.010628,-9.411618,S1-38355779,S3-869346049
TN,-26.658928,17.385767,-28.395027,15.002598,S1-629287769,S2-169446047
TN,-38.08469,-34.63904,-33.805862,-37.668716,S1-713936846,S2-753607999
TN,30.093582,-59.016903,57.569916,34.23841,S1-499958496,S3-246781205
TN,25.29202,-56.333195,77.53606,-6.0160937,S1-747220246,S3-593162125
TN,21.14781,42.968994,-21.411425,-48.823933,S1-2722034,S2-763448404
TN,-61.781708,8.361976,-34.439743,49.64111,S1-654158677,S2-149899427
TN,-53.313625,-3.6731312,-51.382603,-30.487785,S1-564618271,S3-490729597
TN,3.8100035,-15.440583,6.382954,-17.68762,S1-893492243,S2-446530625
TN,1.5526413,0.8416303,19.088434,-72.03909,S1-103684498,S2-254602970
TN,-41.519844,-36.11987,-34.872555,17.58448,S1-172673630,S2-537312548
TN,13.927767,46.885895,-66.972626,-1.2736222,S1-271057702,S2-142351956
TN,-64.43632,26.17776,-29.565775,46.120934,S1-517224042,S3-343981890
TN,45.358868,2.7297735,40.10553,-60.388058,S1-340873229,S3-53196853
TN,-24.579563,15.255791,-42.63373,14.992468,S1-822325192,S3-897755440
TN,22.548727,-62.511795,68.74071,37.03557,S1-74967670,S2-225964609
TN,-8.787645,-28.278076,8.847333,-43.446495,S1-795379225,S3-468381677
TN,7.5766754,40.44751,-65.360695,-9.04822,S1-894222803,S3-543836814
TN,-16.15551,-34.29283,14.153023,24.521252,S1-181849100,S3-320919292
TN,18.011465,-43.023605,29.64218,1.7402712,S1-135080007,S2-40287934
TN,-17.476873,31.253649,-39.21381,-7.911688,S1-801305182,S2-966846994
TP,63.133793,24.874802,20.499878,43.657127,S1-366956805,S3-144689245
TN,-20.616894,39.965878,-43.772224,-1.181108,S1-35918013,S3-374411484
TN,15.247558,-55.57183,39.125656,-3.2054596,S1-263740039,S3-13423711
TN,14.447402,-13.814442,24.705532,-0.7564022,S1-537209173,S3-50937967
TN,-79.61902,21.000807,-48.3244,42.476864,S1-751793464,S3-979938466
TP,55.55345,26.612871,13.563952,48.319675,S1-721018821,S3-277811699
TN,33.07003,-40.274464,72.55366,17.799389,S1-346720921,S3-487807841
TN,-9.556318,42.293987,-41.345646,-2.0743215,S1-800701631,S3-573802071
TN,-38.45759,20.163145,-4.62093,24.254068,S1-187817486,S2-70800450
TN,-2.6845975,31.616835,-49.785957,-2.1646466,S1-753229492,S2-79153152
TN,-10.73553,37.377796,-4.9451156,-4.3282676,S1-599292361,S3-131889212
TN,-22.537361,-40.249966,12.704676,-9.554554,S1-407978980,S3-583598779
TN,51.306084,-8.697669,43.43525,-59.49021,S1-394587787,S3-784358080
TN,1.157116,-11.736307,23.188944,3.148768,S1-535481817,S2-191142744
TN,-8.845238,17.391098,-18.47152,3.8043137,S1-362065817,S3-783132853
TN,17.654188,32.35935,17.220736,-73.61935,S1-220139861,S2-171642281
TN,-21.639795,-39.431984,10.964951,-0.9648399,S1-321503108,S3-311107377
TN,-28.142813,41.45297,-39.528652,-11.202863,S1-622705461,S3-726761163
TN,-65.34516,21.336819,-27.374395,49.48141,S1-613849127,S2-914593789
TN,-26.044252,-12.008935,-52.99263,38.0885,S1-912497043,S2-846344645
TN,-20.608902,-38.152214,11.83274,-7.018443,S1-640005886,S2-476134329
TN,-1.0924575,23.1515,-21.08496,0.91038346,S1-154394354,S3-651148458
TN,51.08389,7.76389,32.220455,-71.23156,S1-23570690,S2-89839638
TP,46.42885,37.68925,-5.002425,29.218798,S1-204500366,S3-124118810
TN,-24.761906,15.1280985,-25.067322,-16.492054,S1-853783396,S3-477704534
TN,-18.608862,7.286108,-24.39762,-41.328228,S1-873405086,S2-322550602
TN,-12.03474,27.44444,-43.487656,-4.7227683,S1-832447394,S3-409919560
TN,-12.804455,39.20815,-4.982164,-5.266567,S1-818749534,S3-930470779
TN,5.1756463,-45.697094,58.1046,2.560012,S1-996734709,S2-746043894
TN,-4.4338365,-22.652018,8.818294,-47.93907,S1-818832654,S2-64830033
TN,-32.082718,20.071909,-5.807888,21.637575,S1-728679172,S2-79359153
TN,11.528128,-11.8804245,24.260603,-2.3206408,S1-201253641,S2-592794596
TN,1.872789,30.706612,-5.582544,3.2748256,S1-375805138,S3-94904945
TN,-27.780436,-13.875886,-49.333725,30.849215,S1-60032368,S2-217739124
TN,-44.649364,19.085596,-9.951934,33.637203,S1-503520101,S2-733702925
TN,47.976307,-12.398458,37.051414,-69.576416,S1-156267284,S3-74491967
TN,46.578842,5.271951,40.266003,-58.273533,S1-387768804,S3-618966139
TN,-48.06292,-39.28922,-41.822186,10.889144,S1-3215828,S3-198122138
TN,19.979826,-20.574152,25.55507,0.054698814,S1-391950265,S3-702843265
TN,-7.896308,29.836884,-44.791042,-4.3735065,S1-944651022,S3-504423243
TN,25.891548,-59.032513,81.43279,-3.6652162,S1-489052119,S3-239024491
TN,-41.27416,19.266285,-10.5747175,31.763163,S1-660445275,S3-219663742
TN,24.667608,-51.013943,77.54886,-0.52852255,S1-925176133,S2-244263067
TN,-21.695871,-37.397236,14.365594,-2.448901,S1-938512993,S2-740503068
TN,20.804893,-70.07616,25.973146,13.283371,S1-37534983,S2-414432077
TN,-11.706473,11.952354,-28.723341,-23.037916,S1-605001158,S2-271031541
TN,8.909,-4.0956125,11.199956,-6.7668233,S1-924873865,S2-185733215
TN,18.092886,43.75335,-53.930935,-16.515795,S1-507831588,S3-322269414
TN,-62.989864,24.544123,-27.495071,53.667175,S1-410381092,S3-386423436
TN,-3.8771005,15.359026,-9.925657,-4.768154,S1-867249972,S3-139541886
TN,-11.8133335,25.592632,-47.365494,6.741491,S1-675093852,S3-700358635
TN,32.964848,-62.648766,83.03352,-4.689237,S1-7214853,S3-707247516
TN,-38.3595,48.77873,-15.034592,31.19836,S1-141773859,S3-103584772
TN,33.34051,-35.60596,39.778267,31.802956,S1-765676670,S2-385108474
TN,21.847342,43.931725,-21.287928,-49.799686,S1-626077806,S3-291494026
TN,3.7215543,44.51253,-54.77966,-17.582363,S1-722027510,S3-765903178
TN,-2.603225,-6.735083,19.995485,-72.92162,S1-989137742,S2-740575983
TN,-0.3985681,15.621176,-45.876507,-34.349613,S1-964440809,S3-182074097
TN,47.49816,2.9783103,39.76055,-60.11389,S1-516119982,S3-472302589
TN,8.536561,38.478836,-72.107506,-7.682394,S1-587252011,S3-358795066
TN,-1.174917,-29.643147,20.68986,-38.017212,S1-708475062,S2-135681761
TN,-53.122906,0.80284876,-8.714145,1.3070669,S1-375136964,S3-431438941
TN,4.4208636,44.360348,-65.64998,-2.8961565,S1-642829191,S2-974892271
TN,-4.7151523,-31.43428,21.98948,-36.27062,S1-746597572,S2-286276585
TN,8.7552,-53.237194,64.40919,-0.036512356,S1-113388986,S3-77591426
TN,-27.286188,40.320087,-39.545696,-20.793633,S1-720735482,S3-771928323
TN,-2.0167089,48.34208,-57.757378,-17.993204,S1-258295715,S2-363094850
TN,9.988996,41.976818,-23.731878,-47.179638,S1-296649103,S3-824261863
TN,-26.097294,5.9989038,-14.1998625,-46.377605,S1-634966194,S3-902292592
TN,-66.77658,30.217813,-32.774597,57.479717,S1-647255229,S3-91079819
TP,63.127342,25.580626,20.679937,46.42423,S1-286611377,S2-699752050
TN,-2.9920352,-29.13232,12.634301,-42.41991,S1-367791877,S3-31483800
TN,-44.40258,18.954517,-9.912953,33.91586,S1-970577809,S3-228024821
TN,-7.3320765,35.72656,-4.383587,1.5879707,S1-139497313,S3-916844484
TN,-8.505723,16.975653,-45.532955,9.587556,S1-16043472,S3-603522107
TN,-32.325264,43.625492,-48.11665,7.289899,S1-157924103,S3-34431161
TN,-5.4866962,39.23218,-4.5176525,-3.288368,S1-911134505,S3-278469790
TN,39.16903,-34.33687,38.30039,38.408554,S1-272419625,S3-834474619
TN,14.283036,22.496819,-43.911785,0.3737869,S1-409291893,S3-872678135
TN,-62.615612,15.742135,-43.31478,54.777336,S1-368452191,S2-969417336
TN,-43.13422,-36.93938,-47.438553,-41.90685,S1-192205861,S2-842142380
TN,-70.22944,31.082026,-34.468277,58.45736,S1-934307470,S2-940346992
TN,-14.563392,-32.33126,21.760014,-37.3332,S1-286601033,S2-361473140
TN,27.679956,-54.797985,60.28869,34.333046,S1-178147352,S3-988729262
TN,-12.44587,35.262287,-42.350456,-19.550371,S1-565856088,S3-55977147
TN,-34.64281,45.54291,-19.239845,20.513899,S1-515814430,S3-559107336
TN,22.798653,-26.774712,20.22655,-36.625298,S1-959915870,S2-143370357
TN,-79.72643,20.847155,-48.255226,42.510117,S1-377771681,S3-598663712
TN,-33.318844,20.91888,-19.984095,23.550867,S1-805024113,S2-307208306
TN,-61.527107,24.882578,-28.850891,46.583447,S1-910962930,S3-1817624
TN,-9.267027,1.8448606,-37.664196,10.527568,S1-715727860,S2-312082854
TN,-46.051422,19.95842,-14.021749,35.23116,S1-74986752,S3-210603179
FN,43.07805,24.086275,-9.624617,23.076775,S1-119314469,S2-205399609
TN,-31.616194,44.31339,-12.707623,-9.110637,S1-381827211,S3-620933545
TN,-42.637466,-41.23868,-50.7064,18.085814,S1-5764839,S3-225787083
TN,-58.195156,29.00826,-40.88371,54.401817,S1-462022347,S3-786050676
TN,-5.8116593,25.846869,-28.31487,-20.864029,S1-948478938,S3-517116841
TN,42.3422,-49.33828,26.237402,13.409443,S1-979529840,S3-794082970
TN,30.052492,-38.376972,74.704384,14.368079,S1-429023688,S3-968148556
TN,54.514545,-22.704687,44.255344,23.70332,S1-10636643,S3-682188711
TN,58.313885,-14.956404,69.21225,-21.559486,S1-59793869,S3-935487134
TP,66.70191,28.343025,8.393134,44.949738,S1-179239522,S3-64470621
TN,-25.19712,12.51475,-15.908286,10.6406765,S1-383351323,S3-524101332
TN,-10.356655,28.390238,-43.89259,13.94758,S1-276982338,S3-53573742
TN,-15.841554,-56.503895,35.544823,-35.09925,S1-886160560,S3-181191806
TP,67.336334,27.26523,9.204121,50.200012,S1-964688835,S3-789539384
TN,0.8203705,-64.87483,49.45666,-30.740269,S1-785835763,S3-698624980
TN,59.479397,-14.801161,72.46046,-22.028164,S1-47748466,S2-624990278
TN,-14.449358,38.96434,-10.399048,-3.2123399,S1-815210513,S2-51681244
TN,29.303467,17.71662,11.511064,28.770529,S1-146087218,S2-547574611
TN,-2.6473453,18.76894,-41.341244,14.471862,S1-428198545,S3-731329703
TN,22.432846,-6.1302505,29.488863,-14.004022,S1-287926018,S3-391417569
TN,0.9496111,46.62512,-63.499435,-4.00747,S1-938708130,S2-655094478
TN,22.844204,-65.637535,70.046936,30.235043,S1-324396614,S2-791605685
TN,-52.995308,-0.004007465,-8.69321,8.817845,S1-419219596,S2-513399310
TN,19.484722,-44.38618,47.09653,23.55719,S1-437833713,S2-147493729
TN,18.050426,-3.7414887,38.777813,-7.987191,S1-386058783,S2-362954668
TN,53.369865,-29.051548,60.601917,-5.2684474,S1-462597380,S3-230899832
TN,-2.351501,25.871195,-52.50077,18.595642,S1-735174337,S3-514946409
TN,-62.292072,17.924448,-23.777723,51.542557,S1-726331570,S2-485097628
TN,-46.52731,20.01658,-14.267991,36.628975,S1-837225147,S3-571024992
TN,-1.4305,31.410793,-1.1402777,0.21187012,S1-686419590,S2-312412468
TN,-17.051764,25.994476,-31.485668,-19.182117,S1-956382073,S2-841889087
TN,28.89712,-63.23806,91.13539,-1.0610887,S1-791639129,S3-903125200
TN,-5.701233,50.90371,-12.104195,20.649303,S1-240470360,S2-757411644
TN,-12.649961,39.183117,-5.553464,-5.4028287,S1-248245709,S3-465191849
TN,27.584259,-66.886604,90.67185,0.10255311,S1-786535568,S3-561971500
TN,4.9480815,-5.329246,11.665871,-0.072902195,S1-130936274,S3-972773599
TN,-51.96779,24.17276,-40.779457,55.72979,S1-716701114,S3-225524912
TP,52.015057,18.74902,16.188074,26.05204,S1-204870265,S2-731823015
TN,21.29501,41.54432,-24.807158,-48.013496,S1-210532132,S3-31662325
TN,-5.4874816,21.512943,-25.18623,-23.465715,S1-833243088,S3-288132017
TN,-34.171276,-17.220592,34.182487,63.03815,S1-954841810,S2-330622438
TN,21.91316,-6.5806675,23.183811,-21.48554,S1-994259405,S3-301881637
TN,-33.842392,36.909935,-39.184216,19.134443,S1-330287395,S2-350448042
TN,25.27962,-3.7105591,25.11636,-16.490225,S1-717217038,S3-706465212
TN,-11.823789,9.341869,-38.86009,14.479488,S1-871284075,S2-704731166
TN,14.358423,-47.639805,44.904015,6.546947,S1-980046749,S2-233585167
TN,31.451445,-35.67373,37.980663,31.75841,S1-453218760,S3-302751963
TN,15.36005,-55.241276,42.640522,-3.474655,S1-364295458,S3-424872028
TP,62.925594,20.66867,15.446375,41.433758,S1-586360458,S3-162447598
TN,-33.534523,43.700214,-33.20916,-18.616964,S1-189921129,S2-480781058
TN,0.20911466,-47.18937,50.705173,-10.756684,S1-741545086,S3-895888620
TN,24.984114,-69.43028,90.67252,4.655651,S1-278878056,S2-660217118
TN,-8.487343,0.8600891,-14.160799,6.734911,S1-834216475,S3-617329657
TN,-35.408016,-10.358733,-9.451554,-40.447033,S1-778531233,S3-442228162
TN,2.0227284,-4.1185074,17.316488,-3.8302357,S1-21253556,S2-909194238
TN,47.63943,-8.279325,44.11317,-62.2559,S1-182844450,S3-379001775
TN,21.177254,-2.7825992,28.75016,-18.683283,S1-47057068,S2-128910853
TN,-72.42722,9.709055,-28.377964,45.42763,S1-407848666,S3-957731782
TN,-1.7757946,19.681486,-17.066301,8.685545,S1-236384259,S3-159901320
TN,-3.2946048,43.721455,-54.88334,-17.924404,S1-227219358,S3-951118844
TN,22.775894,-65.34259,70.3983,30.332384,S1-349088281,S2-990033588
TN,-78.30095,23.523188,-46.00927,45.12898,S1-308557340,S2-477508686
TN,-0.47690928,51.017857,-52.860962,-28.008152,S1-794646846,S2-79993890
TN,-13.328532,16.152061,-26.095512,-21.02885,S1-191046892,S3-153178329
TN,-8.220623,44.667187,-1.1853167,4.4525056,S1-101712102,S2-61300151
TN,-47.958584,19.814697,-16.51755,32.54646,S1-318658445,S3-73156032
TN,-43.997257,-41.663437,-52.623672,13.633486,S1-956160965,S3-810077128
TN,-7.2858014,6.0380745,-13.3084545,5.407454,S1-259057334,S2-215422418
TN,1.0394489,31.449972,-45.898483,-31.618153,S1-224233088,S3-726960772
TN,17.618143,-2.8355048,27.685572,-18.583328,S1-443716831,S2-361206371
TN,-36.475674,46.598198,-27.570774,25.448763,S1-171443073,S3-998168757
TP,52.63019,35.767136,3.5301182,41.470924,S1-954113323,S3-333598879
TN,-20.261675,-17.009024,16.116833,-26.279413,S1-193167235,S2-899320848
TN,24.62512,-29.945179,64.77249,12.575167,S1-355641273,S3-962855941
TN,-51.298008,1.544994,-19.683876,-39.048363,S1-346718545,S2-412516672
TN,-65.21413,22.90994,-27.012836,47.07681,S1-385449610,S3-795109781
TN,24.073578,-46.645794,47.35572,21.045954,S1-895131966,S3-138585778
TN,-34.72486,-39.856747,-49.521645,-35.39885,S1-574710212,S2-801185582
TN,41.795708,4.0078955,19.348003,-71.67086,S1-873555896,S2-133549477
TN,-16.762138,-57.51881,34.74782,-35.24701,S1-15196495,S3-415524321
TN,5.282454,-8.5453005,14.93516,-9.873617,S1-986928758,S3-977116106
TN,-44.929047,19.318108,-10.986405,32.4818,S1-827393502,S2-780428109
TN,16.266691,38.799835,-63.325073,-21.13218,S1-619814235,S2-264194095
TN,-38.68167,-38.4676,-38.59127,21.790684,S1-899047632,S2-323466176
TN,-25.178621,65.24664,0.91575557,70.51838,S1-801734618,S3-664601179
TN,8.033948,-46.56694,58.121975,-1.3206254,S1-269087934,S3-326221838
TN,-45.17335,-23.353043,-19.55797,-44.40412,S1-439170388,S2-102773565
TN,-25.326906,20.160522,-17.216475,20.897596,S1-446562254,S3-827720320
TN,21.372564,43.05267,-27.488256,-45.936913,S1-542529967,S3-482567746
TN,-29.33204,26.37106,-20.640724,-12.741387,S1-774250718,S2-829888863
TN,4.468225,45.021282,-66.03861,-4.707481,S1-122070221,S3-924308988
TP,63.883526,21.537552,12.975989,52.51917,S1-441700087,S3-803527463
TN,-32.7033,21.24747,-6.597011,26.392298,S1-656186545,S2-697955468
TN,2.3369343,48.45213,-62.047802,-18.664547,S1-925177686,S3-994893517
TN,-35.939484,-15.1373625,-48.475636,41.496952,S1-570186155,S2-80223863
TN,-18.404095,16.784391,-28.325354,-29.815458,S1-439846483,S2-554909938
TN,-21.320171,-2.2174358,-30.002106,-40.81046,S1-736082454,S3-703473791
TN,17.548788,-49.214615,38.458637,2.2364888,S1-783202555,S2-968165980
TN,19.397127,40.844013,-67.52178,-19.650976,S1-427276738,S2-176727875
TN,-11.4893675,25.825235,-28.797197,-18.525677,S1-693152291,S3-787167654
TN,-58.621284,20.028175,-21.308764,48.419666,S1-485213127,S2-831999549
TN,-69.5074,11.426425,-43.666172,55.47962,S1-883252031,S2-187213440
TN,37.162617,-18.821373,26.065393,13.721774,S1-450732021,S2-670665138
TN,3.3206172,-53.199623,62.210434,1.1034378,S1-420253166,S3-569774624
TN,20.209791,-8.02907,19.931568,-18.638762,S1-954001478,S3-927597803
TN,17.54173,46.471462,-63.294445,1.2485284,S1-394844459,S2-204389299
TN,-38.10069,-38.412453,-38.97913,21.644917,S1-969875438,S2-381954548
TN,4.4806647,-44.768703,52.353508,-9.513904,S1-453471177,S3-499215467
TN,-25.920422,10.87462,-12.565544,-42.51921,S1-50197711,S2-967941676
TP,53.489582,35.613605,4.3939424,40.822533,S1-67973442,S3-357097810
TN,47.94867,-14.928702,37.3267,-70.93483,S1-208118051,S3-636305569
TN,-5.44131,-26.14228,9.568128,-48.231407,S1-655496536,S2-775795448
TN,10.348706,1.9045819,8.170147,28.767632,S1-356772749,S2-487553037
TP,52.497887,35.38457,2.5562756,34.787716,S1-301992499,S3-293519321
TN,-5.65621,19.608746,-44.67827,15.04167,S1-73628161,S3-909618358
TN,-34.318333,40.83986,-41.256187,14.514809,S1-28087862,S3-819305863
TN,1.8771878,-10.805332,15.430915,-10.755806,S1-958733842,S3-498455641
TP,64.35557,29.64786,9.136835,51.946987,S1-28761717,S3-562937320
TN,-0.23546006,29.607132,-43.917744,-7.010217,S1-7774355,S3-969389182
TN,11.762704,49.553135,-65.57751,-1.4564646,S1-266754389,S2-115024877
TN,58.625965,-24.387865,76.61977,-19.88958,S1-998104357,S2-883724414
TN,-16.882313,28.135073,-34.46751,5.3763194,S1-404933215,S2-289161222
TN,-8.741529,23.149895,-16.572632,4.6823316,S1-224487160,S3-886830130
TN,14.499317,-46.586926,49.006966,-6.438572,S1-329546733,S3-931197851
TN,3.3304052,13.640191,-49.16072,-35.835133,S1-849012047,S2-221512400
TN,-13.48246,30.904076,-8.776265,3.5724812,S1-16303124,S3-283209643
TN,-53.861965,0.1274667,-10.975177,3.100113,S1-860699876,S2-663351831
TN,-7.880045,-31.036983,4.528954,-37.03178,S1-812557508,S2-61860079
TP,54.91872,25.02456,11.380837,33.945942,S1-288271011,S2-686985899
TN,-3.5449374,-29.28759,3.0899615,-39.351837,S1-593881663,S2-261087656
TN,15.167522,-60.035583,39.0332,-2.437936,S1-28761717,S2-746640830
TP,62.385147,22.346346,16.930496,40.605816,S1-367491585,S3-409266221
TN,-49.4064,-34.221687,-21.27511,16.829145,S1-245424178,S3-101429002
TN,29.196972,-36.144444,72.40604,17.73654,S1-18952504,S3-819416211
TN,-59.405556,16.201921,-23.36002,48.93194,S1-397888228,S2-293805644
TN,-8.379263,33.05383,-43.43206,-3.70877,S1-459335494,S3-356491382
TN,-6.3051987,-23.740528,6.4442797,-46.9507,S1-261710090,S3-751423122
TP,43.1448,38.77201,3.0460765,26.041397,S1-515138236,S2-581434314
TP,51.703953,32.1369,4.546734,43.424316,S1-524642086,S2-496304500
TN,-33.037872,33.424427,-37.71061,14.874204,S1-699974183,S2-794269936
TN,43.142097,23.86332,-0.6287869,27.055508,S1-384050331,S2-780017393
TN,0.3970552,23.632185,-48.23172,-36.629696,S1-497217732,S3-650401195
TN,27.249334,17.943533,1.0421171,27.387756,S1-383251326,S3-313382319
TN,-53.910385,0.65402406,-7.3921027,8.993649,S1-741924233,S3-861348095
TN,-7.6942353,-18.02749,11.659676,-39.673985,S1-949652298,S3-543823851
TP,53.730152,30.40131,2.258345,39.466225,S1-713936846,S2-373560099
TN,2.465681,-3.8003418,5.415015,-22.990707,S1-478580870,S3-393689389
TN,-31.74242,3.7742329,-34.056614,-42.535477,S1-67937380,S3-865961595
TN,32.096634,11.385624,11.61152,24.941128,S1-882512638,S2-483192306
TN,0.022740215,-65.45989,49.79757,-31.90369,S1-916596153,S2-441983951
TN,-39.32049,-30.506937,-42.17365,7.449521,S1-60016767,S3-943498623
TN,29.543127,14.653694,8.496173,20.987722,S1-95147046,S2-575844774
TN,-0.019664302,-14.160542,7.0832753,-19.956875,S1-761246337,S3-243094966
TN,-45.573883,-25.401474,-32.43221,-44.101147,S1-62499663,S2-892629462
TN,28.6821,-27.899668,30.63283,26.763746,S1-669049356,S2-927093352
TN,55.670868,-21.17866,36.560787,30.01397,S1-143434436,S3-237653161
TN,-24.424871,-39.236263,11.13204,-8.66771,S1-461162376,S3-59308612
TN,1.818945,-46.0103,50.902615,-7.5147448,S1-861281954,S2-261582818
TN,-15.243818,13.461536,-33.412407,8.004053,S1-797678492,S2-633059351
TN,-13.785665,13.49335,-33.360844,16.624594,S1-863564545,S2-73638525
TN,44.103436,3.194259,36.543728,-56.123123,S1-183750674,S2-623108706
TN,-65.94856,18.80241,-27.349535,50.579163,S1-858279682,S2-452316621
TP,49.400215,24.835127,18.445084,39.788372,S1-783216628,S3-540963750
TP,53.18615,42.704964,4.9987965,66.17564,S1-594913003,S3-479181365
TN,-66.79689,24.236244,-35.755154,46.858555,S1-264774276,S3-279640817
TN,15.936061,33.58369,-67.15045,1.9445046,S1-681762606,S2-614903966
TN,26.977692,-5.4365764,27.786552,-19.433254,S1-222167154,S2-870859825
TN,12.027951,32.017387,-52.164516,-33.51529,S1-510477104,S3-57656066
TN,-49.306747,-28.462158,-31.517088,14.833971,S1-410542134,S2-707952477
TN,-33.896446,-7.718209,-29.827667,-51.298466,S1-952219288,S3-136777930
TN,42.27827,-13.744567,14.950538,27.225075,S1-641813245,S3-657021495
TN,54.38848,-24.172874,44.04642,21.116144,S1-170824171,S2-19277522
TN,0.8935922,-42.07132,49.62673,-9.922925,S1-221309492,S2-209081768
TN,17.250395,-4.341129,27.846092,-20.855173,S1-809416420,S2-395078323
TN,-15.801637,48.4709,-3.2370553,9.071958,S1-198940700,S3-52910285
TP,52.81227,34.007984,4.6555524,38.756634,S1-310820456,S3-332885226
TP,37.412235,-19.32625,25.198448,14.332436,S1-838276715,S3-82119323
TN,37.33703,-19.572289,26.17859,13.522086,S1-881960755,S3-154005379
TN,-6.165178,16.509336,-18.675552,3.765737,S1-425135010,S3-985191159
TN,7.1771493,24.382229,-20.712261,3.6618865,S1-219980912,S3-552558199
TN,-18.56114,-30.032473,5.369392,-46.919403,S1-816535279,S3-696811175
TN,26.356518,-4.299001,26.104689,-16.826305,S1-868411558,S3-785320144
TN,10.602543,54.813488,-24.401453,25.948734,S1-733621739,S2-753886301
TN,10.276217,-23.933603,39.38724,-6.646411,S1-548970963,S3-272513075
TN,-26.58196,40.24858,-39.483154,-20.8987,S1-467602349,S3-322260484
TN,27.761814,14.477343,9.463422,25.33059,S1-700683422,S2-712092944
TN,-19.081747,27.891169,-34.968403,23.681799,S1-190946187,S2-523790141
TN,-64.620125,24.76997,-17.726366,48.505016,S1-488661355,S3-469560153
TN,1.0527767,47.952576,-62.154087,-19.645077,S1-775368534,S3-656734934
TN,-22.472334,2.9502542,-13.485269,-33.764267,S1-428996548,S3-650553193
TN,-73.72897,12.115176,-27.088903,41.578293,S1-900849684,S2-136090398
TN,48.529346,6.008714,34.71562,-69.614174,S1-193257550,S3-405515938
TN,23.863096,-5.724253,25.50144,-15.94731,S1-46108793,S3-12232210
TN,15.824211,-4.645699,26.312498,-21.534088,S1-24560352,S2-100211689
TP,52.797752,44.0885,5.5993586,65.62376,S1-515206526,S3-839590151
TN,30.34604,-35.45945,71.43388,17.835247,S1-944333290,S3-155902070
TN,-6.1272573,40.3475,-3.9322898,1.3101943,S1-873835065,S3-685497381
TN,24.254896,-2.0758898,21.450094,-52.638565,S1-583585336,S3-607125707
TN,-51.261414,-32.56163,-22.035498,21.45699,S1-652811609,S2-422877298
TN,26.747295,-54.631958,80.36295,-4.7366967,S1-714049545,S3-452116620
TN,48.334625,-0.5330715,39.129433,-62.073956,S1-192480701,S3-751331956
TN,-20.71974,15.947869,-11.066311,5.1344314,S1-794988193,S2-741457366
TN,-13.505749,-7.9676723,-43.941196,-43.150978,S1-285589715,S3-140645697
TN,-57.048557,28.62307,-23.389477,45.409157,S1-33417777,S3-100768393
TN,-0.8669958,-62.853107,48.114178,-35.353615,S1-295718495,S3-279364346
TN,4.641335,-10.455861,11.919847,-5.926021,S1-751207949,S2-947783921
TN,43.464714,-13.629773,19.78173,35.84111,S1-719219726,S3-99061193
TN,3.2866857,33.608696,-56.10094,-21.12883,S1-729782615,S2-109634094
TN,-56.61524,-1.2707402,-50.723568,-19.462622,S1-918659593,S3-758323053
TN,-19.884813,-33.4402,8.078187,-41.595154,S1-110253489,S3-323059378
TN,28.772724,-10.882195,18.687487,-51.273525,S1-202352402,S2-584771553
TN,19.182272,-3.2400818,28.496574,-18.323956,S1-539223711,S2-115101506
TN,45.98777,2.143592,40.004047,-61.163754,S1-956685804,S3-9946062
FN,43.36586,23.147614,9.495316,23.351482,S1-443000687,S3-712265281
TN,4.6937857,40.329937,-62.942093,-5.1274967,S1-382792200,S2-616812407
TN,12.825694,-61.69968,37.25456,-2.7305665,S1-182228685,S3-488060305
TN,61.50403,-17.779955,77.725975,-19.879896,S1-374850565,S2-883422668
TN,-13.604469,13.272375,-37.22819,14.565523,S1-736471264,S2-832907165
TN,26.345488,-48.51546,46.205166,24.724344,S1-322822984,S3-45356630
TP,67.74653,25.869547,12.517757,51.133957,S1-928585449,S2-877340063
TN,-69.063576,10.182091,-24.783503,42.955803,S1-302310490,S3-344332826
TN,-33.28781,20.75971,-5.945291,22.532694,S1-148373622,S3-960173093
TN,-67.531906,29.877338,-31.843628,57.709084,S1-832117281,S3-113423493
TN,-20.888268,-36.396847,11.387821,-13.49727,S1-450043640,S3-577511008
TN,22.792704,-32.838634,66.22329,12.417861,S1-690165765,S3-857255964
TN,-9.311972,30.314024,-35.12554,-37.749493,S1-612826671,S3-844392706
TN,32.367237,-38.901184,75.47268,15.230653,S1-198186574,S2-693957635
TN,3.148907,23.386562,-15.348894,5.381738,S1-491940986,S3-649512566
TN,51.92361,5.293721,33.70294,-70.25989,S1-687990663,S2-352990120
TN,-48.318825,-0.6458626,-32.641228,-37.792763,S1-732150157,S2-123601162
TN,-44.45809,-28.150892,-45.075905,-4.601985,S1-874331202,S3-628543942
TN,2.6217573,20.982716,-15.961698,10.598169,S1-1654318,S3-960684356
TN,-7.7964187,32.04418,-49.32599,3.6584501,S1-171595596,S3-269829903
TN,15.471553,-9.285256,11.669112,-18.60201,S1-633360179,S2-47952492
TN,31.971922,15.583038,17.99056,26.789091,S1-951313030,S2-411277587
TN,-45.165066,-29.649254,-24.590418,-13.209998,S1-924663561,S2-164664819
TN,-49.62815,-0.08863048,-31.308842,-37.22732,S1-992593746,S2-160629557
TN,7.004473,-47.111153,57.21142,1.491656,S1-246770607,S2-737764135
TN,28.603449,-12.730391,33.964397,61.20442,S1-987459207,S3-772893574
TN,-71.83396,14.185947,-36.725418,43.55455,S1-420324963,S2-381190442
TN,-2.370461,49.66649,-58.9132,-13.245615,S1-33310739,S3-843980267
TN,-46.930336,-34.784344,-47.662254,13.625331,S1-465208246,S3-676385832
TN,-78.360275,22.756622,-46.3272,44.1517,S1-765492889,S3-252392473
TN,-64.421036,34.56159,-21.752033,54.475624,S1-927930672,S3-554965579
TN,-10.355477,38.47767,-5.1638503,-3.6396542,S1-788680844,S3-989227420
TN,-8.249513,33.13781,-16.08852,4.3695107,S1-657100130,S3-895463715
TN,-61.935116,23.342514,-26.434675,54.022556,S1-947147312,S3-559621982
TN,14.389427,40.904583,17.405811,-73.131454,S1-13964764,S2-701243612
TN,-51.525566,22.751436,-19.71686,42.726204,S1-805390459,S3-828809114
TN,-33.33176,-11.2594385,-14.072874,-14.670551,S1-447464267,S2-936299633
TN,-58.90724,24.127542,-15.603317,51.606297,S1-781466805,S3-856610469
TN,-39.418354,47.51537,-16.69874,32.207077,S1-434802343,S3-238489463
TN,46.229958,0.8502109,39.923454,-58.36068,S1-107355305,S3-591436610
TN,21.524237,45.489918,-20.112791,-48.733913,S1-477172646,S2-994934823
TN,-1.2741151,43.636604,-54.11413,-19.840202,S1-869398771,S3-727094958
TN,-22.222837,24.4657,-19.212936,-36.12693,S1-671062797,S2-644846586
TN,-7.4596243,31.49977,-51.29798,9.840778,S1-832881906,S3-596304511
TN,-73.21929,12.1548195,-36.87941,45.829926,S1-215326992,S2-943951588
TN,-17.570133,23.858282,-12.663461,0.8640919,S1-275457164,S2-698770637
TN,-66.698685,25.542446,-29.306448,-4.217292,S1-565895559,S3-637950612
TP,42.74549,34.466946,3.4328017,27.84622,S1-427388134,S3-591365052
TN,-61.813683,8.681184,-38.45135,47.043663,S1-457304597,S3-821774888
TN,-12.669359,46.041603,-4.103495,4.4044957,S1-659324057,S3-662010784
TN,-10.542341,14.481483,17.556879,-73.86033,S1-908988532,S3-398411158
TN,29.78396,-50.79976,49.17607,26.128313,S1-626339138,S3-849747212
TN,5.471302,-46.47096,54.472076,6.6911783,S1-413923899,S3-801610435
TN,19.996084,42.547985,-26.8989,-47.52972,S1-339138204,S2-86806533
TN,-31.653793,-7.647288,-56.828938,39.02851,S1-72275481,S2-5456162
TN,17.793476,-17.684599,24.458748,-3.669514,S1-173955356,S3-902481536
TN,-31.554342,3.151789,-32.79141,-43.235107,S1-449554171,S3-291827638
TN,11.087695,49.452724,-58.046993,-18.125444,S1-530368894,S2-128931760
TN,6.41859,-7.392624,16.440105,-7.477911,S1-486312955,S2-733743255
TN,-8.44045,9.9843,-39.503315,21.674889,S1-453083931,S2-538026791
TN,-63.98798,19.62192,-28.427225,51.285328,S1-473860754,S2-420303031
TN,1.5880084,-64.311646,51.22281,-30.453558,S1-829053955,S2-706340255
TN,20.01714,-0.20145999,32.267548,-14.738815,S1-737321895,S2-389041386
TN,-32.113613,23.026827,-14.837807,11.555698,S1-778647572,S3-201315035
TN,-6.232078,-17.431658,8.212228,-39.34541,S1-296169853,S3-639195273
TN,-26.119053,2.257267,-13.17823,-35.541973,S1-74260499,S2-499410324
TN,-60.589405,24.540184,-26.85753,52.82336,S1-723932983,S3-595905991
TN,-1.8778946,16.375618,-48.33311,15.22152,S1-220295768,S3-435258402
TN,-7.269524,9.435432,-37.18818,22.615282,S1-74701668,S2-42046640
TN,-19.277424,-39.223354,12.058422,0.09789096,S1-381450453,S3-280325757
TN,29.328276,-27.796707,30.229837,28.036566,S1-150518926,S2-815481472
TN,7.463116,7.2594867,2.232751,-22.238327,S1-20571605,S3-464044098
TN,6.26689,21.244612,-39.256306,-18.757986,S1-468813016,S2-758464756
TP,44.799763,32.297577,-0.59720016,35.44785,S1-315260427,S2-665192575
TN,30.278664,12.420994,10.895923,26.502321,S1-502145428,S3-950693673
TN,-45.414196,-35.327515,-30.314379,-23.281263,S1-695561236,S2-471226342
TN,29.471212,-61.180496,80.12131,-3.2769575,S1-808766718,S3-250723763
TN,-40.95832,16.250565,-9.7404785,32.954872,S1-257174175,S2-731890195
TN,16.985579,-1.0432719,31.985668,-14.991637,S1-57545365,S2-371878813
TN,30.818556,-39.27221,72.596436,17.845514,S1-521739379,S3-218377386
TN,-12.231063,-32.675858,13.527619,-43.346527,S1-919457037,S3-170158443
TP,47.15058,11.787279,22.242676,-73.24064,S1-421373251,S3-165895400
TN,53.510555,4.5802717,34.470352,-70.473366,S1-390132711,S3-615541366
TN,-34.549088,41.40881,-20.526505,-18.46817,S1-40801552,S3-470023964
TN,-58.747013,25.211985,-25.53755,43.929775,S1-730329564,S3-840279128
TP,51.972195,40.76847,4.2258115,67.0986,S1-696913336,S2-440135509
TN,-44.833443,-24.298298,-24.27316,-42.00513,S1-50141123,S2-518417327
TN,-20.023773,33.263603,-35.51862,-7.7640142,S1-997838917,S2-176364438
TP,57.256268,37.179066,5.573125,32.819073,S1-527960699,S2-159335610
TN,-69.212006,28.710873,-36.6021,53.645473,S1-486345026,S2-579607815
TP,53.568905,27.60874,4.5414987,43.43025,S1-906044945,S2-977088156
TN,-24.79553,25.655226,-17.390453,8.161902,S1-934907989,S3-919941692
TN,-1.5493448,-23.770699,6.8437843,-49.21159,S1-939215294,S2-883422946
TN,-26.169046,15.9895315,-28.322746,13.356403,S1-473894946,S3-652777563
TN,-1.5716999,-25.669731,17.452808,-44.73262,S1-281494326,S2-786738916
TN,-38.51353,-32.95533,-34.684486,-20.735058,S1-617678730,S2-580671099
TN,45.279083,1.4663174,38.057716,-58.189598,S1-413848191,S2-303462148
TN,-24.471273,-16.906479,11.019126,-18.154846,S1-73753878,S2-810509251
TN,-20.134521,22.843117,-36.867073,21.907906,S1-3190646,S2-82741990
TN,-12.489885,-31.115074,9.549712,-43.466694,S1-627975149,S3-726428219
TN,13.507965,44.39804,-65.76259,0.7691035,S1-370217201,S2-611491407
TN,-1.365781,-50.269596,51.102783,-8.332574,S1-294288301,S3-582996426
TN,-19.773123,1.0763159,-14.678407,-31.809954,S1-612159269,S2-228111802
TN,-7.2630744,7.477804,-37.648155,20.572504,S1-177810515,S2-579225825
TN,11.308536,-42.165157,44.787846,8.445419,S1-417000769,S2-739953039
TN,25.003782,-55.424133,61.645287,31.945389,S1-997041307,S3-434980544
TN,-58.068188,18.80689,-18.624348,39.631207,S1-361324244,S2-463378083
TN,-0.31592205,-61.187645,47.841393,-35.211994,S1-926585790,S3-60359328
TN,0.5412718,-23.750603,20.830294,-48.746906,S1-301241732,S3-84579418
TN,-46.453793,-21.620052,-20.049774,-38.86246,S1-829058868,S2-700522207
TN,-47.352135,19.372837,-14.959067,34.689472,S1-76762676,S2-610541110
TN,-51.844723,-30.682285,-23.333078,22.479494,S1-174265515,S2-462275711
TN,17.30045,36.998352,-62.619347,-23.043943,S1-982289025,S2-413053949
TN,12.499677,42.672062,-67.219055,2.2944887,S1-656003264,S2-68600671
TN,-2.8789296,33.51241,-1.3108405,1.5573967,S1-710799546,S2-101000763
TP,52.863537,34.329056,1.0224413,37.402596,S1-168385582,S3-705782462
TN,-16.009533,24.776854,-11.458061,-4.2328315,S1-291549635,S2-410439853
TN,-6.798659,12.426796,-37.619713,11.018384,S1-584517363,S2-215698298
TN,46.466835,1.9587876,37.481308,-54.92109,S1-416680436,S3-10058976
TN,13.953033,36.713573,-70.63111,-6.1093106,S1-431307012,S3-124526748
TP,51.18017,40.46748,3.8614383,67.609,S1-227248288,S2-821905652
TN,58.072968,-21.247328,77.18268,-17.234308,S1-522786284,S3-61342264
TN,-38.89818,20.857536,-4.366273,28.309612,S1-933641105,S3-790378628
TN,-66.95292,23.803045,-34.740925,47.57123,S1-526210984,S3-768903644
TN,57.718742,-19.428514,69.31041,-17.514488,S1-740908700,S3-466454875
TN,2.2708035,-68.41919,48.673275,-25.335314,S1-873835065,S3-29263490
TN,1.7089523,-11.427157,12.597745,0.11091173,S1-580834823,S3-886240364
TN,34.431404,14.79611,16.70957,29.545471,S1-878957582,S2-125375569
TN,21.770273,42.228333,-24.239662,-47.948536,S1-518113319,S3-295493813
TN,-23.495832,30.369228,-39.50011,1.0951147,S1-544197890,S3-86208311
TN,-13.905782,17.303661,-41.72828,10.150572,S1-557813152,S3-959385593
TN,51.277138,-9.030471,43.51011,-59.524887,S1-133425994,S3-197579225
TN,-1.1800393,-13.3881445,10.2685585,-11.033805,S1-588023960,S3-326550837
TN,-5.8832707,17.225471,-16.986591,4.0295615,S1-776104183,S3-334300505
TN,28.476713,-55.328407,79.85652,-5.59146,S1-985969144,S3-836120093
TN,-12.780906,9.750377,-37.598717,12.891234,S1-727746,S2-186164990
TN,-2.9912055,-32.46653,18.802961,-48.725838,S1-247885325,S2-39012193
TN,26.98804,-28.335264,30.879143,25.961103,S1-4544463,S2-591406473
TN,-8.265444,0.2963333,-14.122417,6.69717,S1-835187292,S3-960157060
TN,-5.9404335,53.35221,-25.047674,-8.419161,S1-4158772,S2-698943683
TN,45.94336,1.14817,40.73283,-57.714664,S1-30673350,S3-297548351
TN,46.90709,-24.399017,67.91171,11.226442,S1-92192279,S3-182838810
TN,-55.076046,-0.49841243,-64.26879,-8.728133,S1-254207570,S3-560098622
TN,11.73079,-31.76197,42.817394,7.868538,S1-313096240,S2-275672665
TN,55.15034,-29.123894,61.510586,-5.4481587,S1-295718495,S3-478287177
TN,30.535433,-27.53583,32.334095,24.335686,S1-135901272,S2-202947687
TN,8.860758,-7.5467305,7.6815505,-19.83223,S1-761705823,S3-833173882
TN,-31.569654,16.91905,-5.867927,22.550098,S1-735075139,S3-1025076
TN,6.2996283,-29.609875,22.090658,-44.02697,S1-994802311,S3-328047607
TP,53.225277,30.586657,2.3704782,39.661915,S1-136672095,S3-473132276
TN,-28.73828,-16.212729,-55.8619,34.372097,S1-245388657,S3-107134453
TN,48.673897,-10.327851,36.89697,-68.83495,S1-843502819,S2-891057230
TN,-6.8874884,45.838524,-4.3313117,-6.257186,S1-62218700,S2-480539507
TN,27.255003,-57.843674,83.0146,-7.0240927,S1-932754768,S3-679218544
TN,47.63169,5.376474,37.32602,-60.328484,S1-509911439,S2-283815879
TN,-2.6118882,44.592747,-56.752567,-17.619562,S1-797792375,S2-843727413
TN,22.024288,44.624744,-20.85639,-49.056137,S1-586584048,S2-242079846
TN,-7.537698,22.30632,-45.854362,14.302276,S1-620084002,S3-269687277
TN,12.311358,26.136332,-13.8004675,-7.9650407,S1-685757106,S2-253335769
TN,-69.75437,25.042206,-35.381832,58.784687,S1-456191610,S2-687281215
TP,55.037437,30.16674,7.073814,49.634716,S1-167124520,S3-823174425
TP,56.15981,32.369724,11.8186455,49.334373,S1-323211010,S2-328102232
TN,-16.319166,-56.354294,35.78924,-35.148003,S1-718271096,S2-152460452
TN,-19.415754,27.761604,-37.189274,0.068072,S1-936181279,S2-675482637
TN,23.165613,45.978683,-20.23569,-49.71223,S1-580486328,S3-330232491
TN,-20.429829,-21.123886,11.016798,-33.55731,S1-778845192,S3-125314235
TN,23.38854,-64.66504,69.5668,30.080889,S1-552455798,S2-806017188
TN,9.543458,38.9361,-66.0657,-7.338485,S1-415475041,S3-200782937
TN,-2.31615,22.483562,-53.433575,11.676816,S1-253446300,S3-996139051
TN,30.267542,-63.613617,68.328926,27.42957,S1-61646976,S3-566800836
TN,-20.451288,19.197405,-13.478362,-5.309699,S1-267907831,S2-392065126
TN,-39.306343,-31.519825,-37.848072,6.1917324,S1-395089623,S2-454880351
TP,54.282288,33.255955,13.184103,45.264297,S1-269670578,S3-217238906
TN,12.29904,54.432102,-65.43353,-18.720867,S1-89095477,S2-409960748
TN,15.48197,-40.47691,45.75354,8.211039,S1-860707864,S3-525504299
TP,55.165237,28.855925,15.104231,36.43007,S1-916584590,S3-112390436
TN,-10.126879,27.085382,-38.076477,-19.543318,S1-154003425,S3-215065931
TP,68.66796,27.171541,10.575538,52.807568,S1-123438884,S2-666214741
TN,27.865135,-1.094534,26.082664,-17.104939,S1-495771061,S3-761359183
TN,45.956264,6.2774115,39.692963,-59.851383,S1-708943236,S3-105391603
TN,-35.353725,-9.013605,-7.7178164,-39.945362,S1-411222010,S2-415843579
TN,5.901588,32.41953,-50.280537,-31.645058,S1-410653655,S3-616100237
TN,0.7138455,48.671104,-54.10297,-20.05503,S1-373283461,S3-214803346
TN,-15.818296,-56.441902,35.978676,-34.585476,S1-82263376,S3-110367433
TN,39.889248,-34.074604,37.615177,38.047226,S1-719222310,S2-896279598
TN,-16.176489,-58.411915,36.12456,-35.570206,S1-92407977,S3-821897223
TN,3.8297644,15.295852,-47.149426,-32.335514,S1-566653587,S3-169445982
TN,25.880177,-2.9833279,30.372677,-17.1263,S1-21253556,S2-52951539
TN,-12.9880905,-32.33915,15.342583,-44.891994,S1-672764890,S2-649279330
TN,-40.980537,-28.780743,-45.892143,-4.1256666,S1-698377693,S3-864670753
TP,64.388725,24.182316,20.211468,41.56128,S1-595934955,S3-322564978
TN,-2.3842611,18.149448,-48.778053,11.389251,S1-574941859,S3-108416941
TN,32.105843,-58.525124,57.99312,33.65428,S1-850571297,S3-13451160
TN,-10.294377,37.650227,-5.3008757,2.2722142,S1-560934116,S3-530781903
TN,-22.357107,32.44809,-32.893692,24.745222,S1-227521577,S2-245424553
TN,-0.6821465,-61.86123,47.54401,-35.140804,S1-703819189,S3-754065139
TN,-57.18538,27.976694,-41.177406,54.708614,S1-483303224,S3-571315391
TN,-60.717213,23.186607,-24.55021,41.742817,S1-880312665,S3-178003737
TN,50.892784,-16.96736,38.36192,28.146816,S1-696671009,S2-322432948
TN,17.297392,43.98744,-65.22185,-22.734287,S1-956646366,S3-248808667
TN,60.126854,-17.81814,71.57872,-23.885607,S1-542211297,S2-400849281
TP,59.182835,19.444126,16.060785,39.74138,S1-841443115,S3-745813751
TN,31.561443,11.359224,16.253061,29.583784,S1-887716537,S3-890523878
TN,27.826416,-11.56611,16.66264,-54.04422,S1-160368931,S2-42756210
TN,-16.006443,24.897217,-11.310725,-4.110234,S1-19578633,S2-268670559
TN,-78.24413,22.951387,-46.022213,45.103207,S1-638986362,S2-9826865
TN,-49.276905,-3.2554712,-33.274803,-37.74613,S1-176439971,S2-165672733
TN,-32.385937,-12.26137,-52.061085,33.668983,S1-741508901,S3-755212677
TN,26.011242,-5.4307957,27.655561,-19.075615,S1-910626364,S2-275001008
TN,44.643864,1.9546082,38.215134,-58.135437,S1-55262380,S2-788494975
TN,58.086685,-19.16753,68.66482,-20.227438,S1-939053625,S3-61002882
TN,1.0422144,-22.306694,20.512905,-53.801388,S1-729313713,S3-148389649
TN,1.4114653,-28.586487,21.735283,-39.154503,S1-11996870,S3-174915288
TN,-12.370995,33.132526,-9.963835,-5.17744,S1-244961428,S3-125772292
TN,-47.80534,-23.488335,-16.662867,-41.591244,S1-89674698,S3-303338512
TN,-3.5166152,-28.195232,6.156084,-38.321823,S1-571255622,S3-312845684
TN,-49.087914,-21.410994,-32.380272,-42.47141,S1-461299187,S2-138606699
TN,-3.8561974,-28.481955,5.9933276,-38.467567,S1-526519055,S3-324186435
TP,65.1054,20.191929,16.20956,42.751503,S1-872627858,S3-391366347
TN,10.417423,-32.34961,21.469364,-34.64733,S1-628719926,S3-16694272
TN,-29.700874,-11.179217,-53.03778,33.802696,S1-806144936,S3-761984742
TN,19.990347,-46.80707,47.115833,21.51969,S1-411009266,S3-492289416
TN,-64.14356,34.540436,-31.333609,47.92364,S1-203602357,S3-547787504
TN,10.891196,-32.74477,20.370672,-34.67916,S1-827621001,S2-587039649
TN,34.192276,-30.988724,39.51612,36.379517,S1-576749418,S2-298045730
TN,-22.711546,-1.4890183,-29.620888,-41.740704,S1-890158752,S3-656186908
TN,6.5008755,49.664124,-59.90594,-11.420439,S1-506497133,S3-160241361
TN,7.364198,44.817566,-55.786613,-9.17773,S1-115791215,S2-927287472
TN,-12.94378,-33.25822,19.695131,-38.170605,S1-658717589,S3-577801493
TN,-70.12147,8.107581,-20.951899,46.109386,S1-201738602,S2-424927741
TN,56.85973,-17.856022,66.78915,-18.576735,S1-838752550,S3-733783811
TN,-31.730366,-7.727051,-29.392202,-53.15794,S1-806388316,S2-55900210
TN,-13.7884245,-30.947496,9.057305,-44.561333,S1-228802653,S3-627900712
TN,-53.8773,-31.7025,-10.772172,26.47261,S1-997533608,S2-2182197
TN,-56.63539,20.878056,-21.490334,49.24249,S1-856028356,S2-285742907
TN,15.602403,-16.222704,22.602083,-0.6370378,S1-434924839,S2-788884386
TN,-4.5312066,15.823759,-14.750051,8.720634,S1-265297911,S3-730589245
TN,-23.076372,13.660041,-26.141472,-19.468315,S1-528276319,S3-868244034
TN,5.30899,32.797203,-50.740288,-32.553284,S1-426331328,S2-618279429
TN,-30.823326,-7.4173546,-57.26239,36.15898,S1-983881661,S3-611359279
TN,45.62377,-22.611969,74.32579,11.9422455,S1-171345052,S3-428012372
TN,0.013343937,44.116188,-54.601295,-12.815782,S1-712324284,S2-610549087
TN,13.21283,49.147663,-64.82677,-1.2585464,S1-492311530,S2-613548954
TN,12.4181595,50.909683,-64.08062,-18.056578,S1-626318645,S3-731452727
TN,5.521742,17.351738,-38.93707,-18.215816,S1-575721588,S2-11919970
TN,-17.1023,18.247795,-47.936016,10.626481,S1-603951861,S3-292954870
TN,-35.28069,-9.428278,-31.043156,-51.986225,S1-379781236,S2-258520725
TN,-67.501816,19.02818,-36.079193,45.075966,S1-665871186,S2-462486581
TN,25.5156,-28.3756,31.139673,26.082798,S1-4810447,S2-204158709
TN,19.638212,-2.6040049,28.245558,-20.928143,S1-675093852,S2-433237069
TN,24.617165,-30.277489,64.71377,13.306315,S1-379222912,S2-228244876
TN,51.105133,-8.259932,44.12404,-59.223595,S1-133425994,S2-234100352
TN,-3.8895786,12.5025015,-26.327888,-34.153484,S1-864926066,S2-295196374
TP,52.11825,29.42763,1.6662713,36.957115,S1-784793515,S2-274171385
TN,-45.0625,14.037539,-12.556356,32.2367,S1-228273471,S2-959186775
TN,6.1750135,-17.811626,16.71034,-12.990406,S1-905331803,S3-153880811
TN,-0.46745855,-21.197662,19.837843,-53.735737,S1-220436471,S3-193062858
TN,10.548199,-45.287514,58.146725,-0.46020538,S1-408654110,S3-62655436
TN,24.218813,-51.98717,66.93646,34.110157,S1-457201350,S2-732015520
TN,49.527946,-8.60578,44.835037,-60.043797,S1-729463636,S2-735105759
TN,-9.287105,10.020634,-40.30814,23.426786,S1-999023834,S2-940398097
TN,-31.052021,-11.159163,-57.218582,32.60369,S1-726196888,S3-519768049
TN,-12.78403,36.802494,-5.538694,-4.4683332,S1-373228491,S3-903998155
TN,10.392926,32.367958,-72.13984,-6.897693,S1-749142802,S3-942404391
TN,-25.03756,65.23266,1.7775968,69.85662,S1-706055327,S3-473686101
TN,-34.664623,45.271713,-35.687298,9.565853,S1-96241441,S3-594120125
TN,-24.661911,20.693184,-29.89417,18.725426,S1-291466972,S2-266643176
TN,14.235234,33.598385,-68.15885,5.4291625,S1-621064399,S3-905280522
TN,-31.017632,39.86864,-25.31476,-20.799479,S1-342405858,S3-691302799
TN,-36.3623,-3.61119,-13.272069,26.87442,S1-917553022,S2-859787669
TN,-44.31588,-32.732723,-34.330765,7.7346706,S1-59844097,S2-866191886
TN,23.141045,-62.705498,68.34081,37.158215,S1-825826813,S2-292032418
TN,-5.572347,7.5171027,-18.39667,-0.26752087,S1-64251560,S2-507161499
TN,-53.30759,-2.5655034,-70.62042,-19.93626,S1-812785170,S3-941114637
TN,-25.145277,17.01476,-14.615134,-36.738346,S1-267640399,S2-719433122
TN,-20.529844,11.727136,-25.435076,-17.622387,S1-483150919,S3-46627027
TN,61.053726,-20.126802,74.08161,-23.870764,S1-327500635,S2-782446410
TN,-3.030455,40.933475,-58.4193,-11.039791,S1-642426590,S3-271827879
TN,3.8393464,-15.519792,6.229905,-17.733252,S1-438080898,S2-498759058
TN,-32.740685,-17.151165,-55.44895,33.91034,S1-724990132,S3-966908425
TN,-37.074276,-34.79933,-37.82801,6.1625752,S1-280260348,S2-23399005
TN,-63.209953,19.658978,-23.862316,50.276474,S1-164732687,S2-562269928
TN,35.322823,-29.632376,33.77732,32.632442,S1-617240558,S2-554947235
TN,-43.055683,18.091341,-14.912942,34.945713,S1-801707365,S2-15282043
TN,-64.35668,12.860257,15.181467,5.1676927,S1-780215855,S3-527183014
TN,2.0569549,-63.250237,49.45746,-30.688673,S1-253161445,S3-488960293
TN,7.715295,43.618626,-65.52158,-3.080444,S1-412681993,S2-861426933
TN,58.954857,-20.72827,70.206116,-17.624868,S1-609569034,S3-347086507
TN,-22.224922,-20.045198,11.26098,-34.45926,S1-737511154,S3-970310336
TN,5.071054,-16.980371,15.744046,-14.640717,S1-626435490,S3-71255478
TP,48.23467,27.86074,13.997105,29.545546,S1-47033932,S3-890400303
TN,-29.350313,-12.670688,-54.370693,35.07322,S1-528290005,S3-297113920
TN,-40.417652,24.670424,3.5038483,69.4796,S1-904419374,S2-584569341
TN,-42.141888,-31.580124,-53.76907,8.082166,S1-214606961,S3-618230149
TN,-51.197937,-0.074519016,-32.285225,-39.194164,S1-654158677,S3-743664452
TN,34.9341,-37.82473,50.28799,27.754187,S1-834665050,S3-617936075
TN,-30.244427,-31.187859,-30.21029,-38.721363,S1-564659114,S2-58485363
TN,21.285185,41.909042,-25.918043,-48.08634,S1-156783140,S2-274117276
TN,13.758552,-19.18303,19.289848,-6.1580143,S1-438696248,S3-779139770
TN,-4.404308,30.449877,-37.80428,23.986938,S1-441071258,S2-441290533
TN,20.438868,-16.273777,-10.209835,17.46638,S1-22787965,S3-639399432
TN,-36.810738,-26.465502,-30.708841,-16.97279,S1-127109428,S3-783411866
TN,17.464174,-6.6941323,19.588654,-19.9605,S1-70951571,S3-402927431
TN,-4.796195,-26.787277,12.05349,-47.897892,S1-993370153,S2-591431715
TP,44.67087,31.190033,6.0071173,30.343279,S1-250461094,S2-739824914
TN,28.979755,12.964935,10.572199,26.218616,S1-522281807,S2-89447364
TN,2.2220106,-64.50873,49.2586,-27.854252,S1-927913283,S3-433505888
TP,55.264915,30.04826,6.9861035,49.45431,S1-600264719,S2-256646266
TN,7.776952,-11.394134,13.590871,-9.7032995,S1-658599513,S3-585358531
TN,45.572044,4.564732,35.96934,-55.337387,S1-340873229,S2-568319618
TN,-32.98084,-17.259182,-54.557026,30.493717,S1-357652809,S3-252878618
TN,-54.892067,-1.1092833,-64.255775,-10.541441,S1-299688708,S3-779551014
TP,45.313965,38.012196,-0.12674795,27.655937,S1-84030087,S3-897274354
TN,26.205593,-66.04127,89.62307,4.397722,S1-107766881,S2-633070310
TN,-6.806101,22.8073,-16.739538,6.712078,S1-547083537,S3-300155336
TN,23.440586,-27.361433,19.712551,-34.835526,S1-572781474,S2-113090333
TN,-4.0910373,43.293877,-55.928135,-13.074343,S1-797710305,S2-477258679
TN,19.714033,1.2042217,24.696047,-13.386599,S1-328493240,S2-254093256
TN,-4.4003224,41.99495,-57.870728,-11.266095,S1-161593589,S3-527987140
TN,-79.309166,20.167439,-40.502884,45.00564,S1-917503713,S2-472993098
TP,64.30278,29.62422,8.52476,51.148067,S1-338990831,S3-915457038
TN,15.003895,48.930252,-66.47322,-17.50841,S1-371865453,S3-782396311
TN,-48.717075,-32.26821,-41.92156,15.84019,S1-274293766,S3-139993046
TN,7.0539417,35.114365,-62.425316,-20.009169,S1-347059070,S3-480470218
TN,-41.697636,-29.052816,-33.008514,24.6398,S1-999691417,S2-417631449
TN,-2.8257694,-25.378538,7.9531674,-49.090755,S1-893747542,S2-329933690
TP,63.789745,20.168728,16.27071,44.95404,S1-834053037,S2-588252883
TN,27.637363,-27.99346,31.093718,26.162361,S1-179310349,S2-424245805
TN,-54.757675,23.041422,-40.379524,53.507233,S1-522433809,S3-232077034
TN,-19.766567,17.252758,-26.422516,-15.451854,S1-159220371,S2-448497944
TN,29.76005,-59.378895,57.581596,31.551365,S1-803123838,S3-32679267
TP,66.157646,28.989506,8.9839945,50.164967,S1-693376497,S3-765654856
TN,-20.988724,0.5717624,-15.572362,-33.74533,S1-163957192,S3-609416617
TN,2.183961,-63.00948,50.46348,-31.91067,S1-243825897,S2-631491805
TN,46.123714,-25.694178,66.90404,9.991211,S1-417544028,S3-730892705
TN,44.893646,10.966021,12.688647,2.571056,S1-617678730,S3-12279031
TP,63.475357,26.02703,20.32673,45.4194,S1-869088035,S2-392440502
TN,17.156355,1.076652,30.64086,-13.90125,S1-896847663,S3-608963707
TN,50.097267,-9.703365,44.12261,-59.229805,S1-345689282,S2-742727360
TN,0.2612871,-65.575226,49.56284,-30.70808,S1-167429704,S3-964084393
TN,-32.629807,37.42394,-33.33495,21.464952,S1-402527844,S2-775948849
TN,-63.737328,15.961166,-21.702188,52.79223,S1-584436694,S2-94982266
TN,60.246113,-20.314081,77.942566,-17.567484,S1-724029879,S3-480174224
TN,3.07002,-12.576789,2.4505267,-21.323492,S1-620431041,S3-371240559
TN,43.795822,-0.42094505,38.036137,-62.110535,S1-389689330,S2-373169287
TN,-35.906303,-31.484987,-37.977623,-3.0344236,S1-824611416,S2-960172310
TN,24.05018,-48.391373,49.606167,23.931364,S1-792753689,S2-94556632
TN,-15.813301,-57.067215,36.058258,-34.53888,S1-638986362,S3-441155288
TN,21.178564,-67.72706,69.68804,30.9672,S1-89848115,S2-783686437
TP,47.950096,36.331894,5.831728,37.51549,S1-563386227,S2-558600643
TN,0.7374288,-65.59363,48.95815,-30.825108,S1-82369915,S3-411893105
TN,29.962643,-0.85874623,20.779432,-71.59035,S1-817562588,S2-502167847
TN,6.4957905,-28.900322,21.047768,-45.26131,S1-914195301,S3-48450656
TN,23.397596,-50.78361,86.44574,3.079314,S1-417276579,S2-616504271
TN,1.2442427,27.318672,-20.115942,1.0489888,S1-26658140,S3-526649752
TN,-22.058624,-2.6391666,-27.695807,-43.076935,S1-531537085,S3-982573527
TN,-14.869301,-28.645164,11.025508,-50.937103,S1-728484517,S2-699479091
TN,-46.15488,13.395861,-17.728447,38.215946,S1-479078014,S2-170191905
TP,60.72822,22.380674,20.309788,41.127453,S1-868897518,S3-944916853
TN,18.646006,-44.590485,46.965813,19.601727,S1-262945198,S2-66064003
TN,-68.759415,11.807623,-25.36583,41.468735,S1-603664100,S2-949846481
TN,50.946686,-8.770863,44.23794,-59.131504,S1-982312919,S2-279033994
TN,-32.616695,-11.851972,-51.05453,34.51681,S1-750589302,S3-719783682
TN,51.205658,-29.264563,57.384216,-4.851308,S1-533582990,S2-299879205
TN,13.470796,-59.327938,34.77238,-3.7085555,S1-927869220,S3-719111981
TN,32.340332,-43.790207,72.588806,19.088526,S1-187141020,S3-129766012
TN,-79.3532,20.793926,-47.04877,42.049355,S1-954491843,S2-338206671
TN,6.3307295,-44.193275,51.03403,-7.640965,S1-474896292,S2-409192682
TN,-35.657593,46.993137,-18.106459,24.695364,S1-61385509,S3-146158595
TN,33.61328,8.736463,18.827665,33.415424,S1-754598583,S3-24217724
TN,-33.41716,38.848274,-38.89955,15.222159,S1-99842290,S2-481501276
TN,-42.920895,-28.55854,-40.59096,-1.1063501,S1-859659744,S3-745693057
TN,-0.3966142,40.806366,-59.578472,-9.867098,S1-562182839,S3-674651747
TN,-41.639942,18.953009,-10.608857,33.13658,S1-735075139,S3-84208391
TP,66.747826,22.016012,13.421519,44.6244,S1-854474566,S3-209697062
TN,-29.121576,-13.195336,-53.27001,38.48819,S1-72669414,S3-788000743
TN,8.204023,-13.593254,5.4345913,-18.487679,S1-627231411,S2-798516488
TN,54.73428,-19.658348,72.474724,-21.87253,S1-491559724,S2-453218133
TN,32.175953,0.69351083,19.117884,-70.75235,S1-252962231,S3-173509093
TN,11.444558,-14.363302,19.248955,-6.271892,S1-653451913,S3-781915728
TN,-65.62439,19.707655,-24.457985,51.26471,S1-739123582,S2-478621409
TN,37.062283,-35.24213,39.233368,37.581768,S1-997041307,S3-540566609
TN,34.3749,-29.868654,39.752647,36.31327,S1-515060291,S2-233877772
TN,-9.026832,-26.780079,8.298048,-44.007214,S1-577835052,S3-44581307
TN,5.0838027,-11.644152,11.027748,-1.2235969,S1-578122506,S3-397157592
TN,-1.8832681,-27.540905,10.128491,-43.820305,S1-392474893,S3-105264588
TP,68.21173,24.200884,15.23482,48.45996,S1-817555065,S2-776293970
TN,-48.578964,1.1000855,-33.3592,3.0006297,S1-550107287,S2-216476758
TN,1.7810919,-64.73821,50.273335,-29.857498,S1-57998541,S3-199811938
TN,5.6570153,-6.2544255,12.034129,-7.183681,S1-331232670,S2-374024201
TN,56.828873,-24.192474,77.072914,-19.757875,S1-784518939,S2-128488248
TN,12.894786,-43.728394,44.53607,9.735444,S1-852396133,S2-606250820
TN,33.532833,-28.273987,36.532013,21.413591,S1-203669575,S2-140260927
TN,-32.53918,-13.728018,-49.459644,33.23578,S1-132438332,S2-552727828
TN,39.319096,-33.93671,37.772186,37.83638,S1-405955910,S2-956308687
TN,16.338684,42.359432,-65.25462,-21.29113,S1-137217199,S2-426055951
TN,21.797913,-47.17152,48.35901,24.184925,S1-906919819,S3-720326154
TN,1.9840558,-6.1436553,1.5753937,-20.028023,S1-24002161,S2-362089911
TP,47.189377,37.193558,0.7377985,27.451246,S1-779872174,S3-374965999
TN,4.869314,-14.943655,16.041323,-8.667136,S1-63759691,S2-903153831
TN,12.406373,-13.0440645,15.303526,-5.734222,S1-950660517,S2-91997964
TN,24.141958,-59.81782,65.419785,36.760998,S1-801771729,S2-15447817
TN,30.076523,-59.22981,79.8206,-4.3781614,S1-34111406,S3-714827418
TN,34.032173,-29.38421,38.729584,33.59248,S1-36413067,S2-139046362
TN,-35.27409,-9.436338,-10.492505,-32.311604,S1-758870057,S3-86430724
TN,10.66168,36.90439,-70.47689,2.6404617,S1-369246506,S3-527521252
TN,-53.653,-1.4521986,-54.459915,-29.852991,S1-299688708,S2-202172603
TN,-58.4862,28.692944,-27.791153,46.333916,S1-235981096,S3-713694115
TN,-9.480688,22.187817,-48.989986,9.634633,S1-66566256,S3-430818683
TN,-69.90738,26.724747,-33.83798,57.512264,S1-218131034,S2-396411548
TN,-54.833927,-4.387197,-59.526653,-20.406614,S1-161245165,S2-223690443
TN,-79.79649,20.802588,-44.014267,43.463577,S1-516066262,S3-547587915
TN,-40.4374,-40.231754,-40.30439,23.323626,S1-224919443,S2-616627719
TN,-38.941216,43.83641,-15.502291,-45.342033,S1-319219841,S3-29211712
TN,-41.19722,20.953821,-11.153532,34.601036,S1-479661237,S3-87953634
TN,16.304085,13.97645,33.54861,62.199814,S1-78439759,S3-586387459
TN,-70.44661,27.403694,-31.879255,60.454025,S1-656383329,S2-776358836
TN,-30.32217,-13.356871,-50.39878,31.498549,S1-984668061,S2-776384208
TP,66.29979,28.39589,7.9709907,50.62271,S1-673331208,S3-107737292
TN,-12.96429,9.048546,-21.637875,4.902236,S1-252679641,S2-691486971
TN,8.327228,-46.803684,57.54609,1.5748298,S1-846500153,S2-146851905
TN,-53.89495,-1.6655774,-62.516273,-8.740472,S1-186844558,S3-631190532
TN,16.324564,-9.408214,8.6171665,-19.416471,S1-148327591,S3-763858957
TN,-34.44818,45.938442,-20.059486,18.440054,S1-297232750,S3-744429230
TN,3.4757853,-61.907555,51.39006,-30.10864,S1-806356800,S2-144741973
TN,-72.305374,12.829874,-34.87068,44.818676,S1-333614099,S2-800498603
TN,53.639572,-17.018938,43.960453,24.678377,S1-800353685,S2-652052922
TN,-68.697945,28.250109,-35.267994,54.296288,S1-333112284,S2-137655515
TN,15.432361,39.589035,-63.409424,-21.505219,S1-331628336,S3-579035173
TN,-14.282319,-5.2215114,-44.052998,-41.166878,S1-214652347,S2-632846387
TN,32.735584,-54.0243,57.83225,33.47007,S1-975249200,S3-620104061
TP,43.894993,33.741817,6.0265837,29.037369,S1-813610541,S2-273311956
TN,17.927866,-51.614742,77.51588,-5.9855266,S1-15736757,S3-198235110
TN,-79.55543,20.940199,-44.079376,43.717487,S1-107222020,S2-481405009
TN,14.260516,22.227156,-15.813851,20.574854,S1-328560452,S2-516227769
TN,11.156175,34.21494,-51.785458,-31.691917,S1-845370789,S3-886972393
TN,-24.259563,13.098609,-19.075027,5.1807785,S1-168385582,S3-306072748
TN,-21.368284,-42.162243,25.361923,-2.2900755,S1-273636735,S2-696321365
TN,-48.36824,21.876053,-18.364504,41.69475,S1-784212089,S3-14577473
TN,-40.07307,44.399906,-13.877016,-45.07953,S1-698426395,S2-841221800
TN,1.1243614,-22.398413,19.594305,-54.377945,S1-213438658,S3-879131149
TN,-53.11626,-29.399164,-41.909706,-1.7810992,S1-725740014,S3-544211351
TN,11.782282,46.21506,-61.54505,-0.11951227,S1-940614964,S2-376094951
TN,-70.401886,8.146723,-22.554482,45.758884,S1-681258106,S3-405283440
TN,-20.592691,16.372637,-10.877157,8.425235,S1-228428993,S2-164593671
TN,-36.789864,-4.2081347,-9.046079,-45.65447,S1-211346135,S3-718770201
TN,-38.89879,49.587772,-10.25613,29.483904,S1-251949372,S3-546551006
TN,-21.832329,6.8731675,-16.448362,-44.211052,S1-329823880,S3-450617777
TN,27.675407,-26.700722,32.04366,27.3692,S1-358055976,S2-809906414
TN,-0.083176464,-44.958454,53.79186,-11.315052,S1-474726276,S3-868689773
TN,19.56066,-46.450592,46.706245,21.577868,S1-972880484,S3-452808953
TN,-46.712776,-29.39484,-21.159882,-14.124507,S1-705872643,S2-202408747
TN,62.54548,-16.782825,75.48142,-24.303116,S1-360475344,S2-128140277
TN,3.257445,26.531036,-4.8881392,4.085669,S1-169406894,S3-588639585
TN,35.669975,-61.779232,89.88137,-2.4033434,S1-338061909,S3-28330383
TN,-62.763676,18.258375,-26.735817,50.34683,S1-877083622,S2-113479601
TN,2.2135973,-54.794018,62.471085,-0.8094217,S1-730462366,S3-802424017
TN,-21.596205,-1.3498281,-24.361431,-38.99801,S1-997649035,S2-414302949
TN,28.300037,-58.70221,80.98516,-6.4596024,S1-145690074,S3-708008690
TN,14.909418,37.931484,-70.22873,-7.5516214,S1-346159233,S3-36542905
TN,17.045568,41.92624,-64.61895,-18.138527,S1-173454066,S3-315131861
TN,-51.015163,-4.571189,-41.734188,4.3679857,S1-95459763,S3-827375939
TN,9.327161,42.228535,-63.558247,-2.5295193,S1-23274092,S2-263077055
TN,28.280918,-64.575264,68.16909,26.947514,S1-930395393,S3-653938467
TN,-29.68496,23.93626,-16.789541,22.616478,S1-146480862,S3-88816459
TN,-53.457607,-33.47034,-20.696102,-14.954684,S1-705872643,S3-94112011
TN,-28.979221,9.280881,-12.454075,-46.834423,S1-704822735,S3-280430608
TN,-61.050774,25.047943,-42.808723,55.8406,S1-89735721,S3-436121424
TN,8.155811,42.829216,-67.31634,-17.015158,S1-215230402,S3-100638139
TN,24.196346,-31.232466,64.7026,12.588943,S1-297011330,S3-908096919
TP,68.24839,28.934946,10.658915,50.500233,S1-460684566,S2-42771066
TN,6.739844,39.886997,-63.990902,-6.4979224,S1-122812540,S3-305854408
TN,1.9404333,44.963375,-59.85449,-11.818053,S1-618647696,S3-190134913
TN,-10.215165,28.310125,-47.29079,5.329038,S1-364363030,S3-610808065
TN,-69.70903,29.479687,-34.9463,55.856888,S1-508538710,S2-342270601
TP,62.3656,21.705208,17.060888,45.450798,S1-157623956,S2-475542753
TN,3.302996,-12.607441,6.0033274,-20.076027,S1-333030598,S3-90285024
TN,27.811752,15.761045,15.15195,30.225708,S1-364740171,S3-178194417
TN,20.294407,42.670242,-26.225527,-47.308624,S1-280255545,S2-852981273
TN,-37.629154,-31.100388,-41.609337,-17.037285,S1-942092417,S3-721595605
TN,5.574721,16.249168,-48.389717,-30.693588,S1-102426882,S3-753803793
TP,61.304935,24.935625,20.802032,44.96492,S1-435796976,S2-417075386
TN,51.13466,4.9686007,34.938587,-73.07937,S1-651036926,S3-361666291
TP,47.99976,25.577435,10.234956,24.33482,S1-278179764,S3-318333885
TN,-44.918613,-27.748993,-42.780464,14.934172,S1-378559995,S3-302237086
TN,-7.969455,6.7561336,-12.185874,4.816783,S1-790577420,S2-982689894
TN,21.972902,-26.933702,17.312025,-39.086727,S1-238049345,S2-660856013
TN,25.095627,-2.4196384,24.015438,-16.653048,S1-320289009,S3-157753331
TP,57.21275,25.418158,16.488348,41.03503,S1-147195286,S3-78025340
TN,-1.9942553,20.99173,-47.029003,9.497405,S1-915238035,S3-959003828
TN,-5.342637,-28.56001,11.368843,-48.66792,S1-771841164,S2-844671571
TN,6.2750034,-5.31866,15.866816,-6.150538,S1-567876922,S2-668103334
TP,40.105938,33.552692,-0.7638546,34.889996,S1-765886671,S2-554129675
TN,-0.43069878,-61.22986,47.768818,-35.23186,S1-66634686,S3-517769773
TN,5.152566,-11.9152155,10.763012,-1.6578159,S1-585832378,S3-207399586
TN,-10.986439,34.513035,-45.51155,-6.497725,S1-508305575,S3-790286721
TN,-54.922764,29.715273,-20.9972,51.593163,S1-308513794,S2-884534033
TN,28.16802,-5.9550095,28.716867,-15.288111,S1-766640012,S3-311531170
TN,1.7288692,-53.23068,61.39522,1.1384633,S1-139890151,S3-227050370
TN,27.985575,-4.5887628,29.340424,-14.554961,S1-412681993,S3-279213676
TN,7.4513083,17.672878,-29.025932,-36.481785,S1-67322891,S3-99203615
TP,-35.571663,49.570896,2.4885633,69.4875,S1-443556354,S3-614026103
TN,59.845753,-15.606415,71.9469,-24.455149,S1-464134245,S2-942363565
TN,13.704408,-42.086403,43.815662,10.575537,S1-338561466,S2-810311473
TN,3.7155206,-9.243627,10.955168,-12.087434,S1-177843682,S3-155571142
TN,-29.116945,-14.528723,-55.30612,35.102253,S1-937880221,S3-399725720
TN,-7.2105255,15.642362,-41.55702,9.123965,S1-936617385,S3-482975685
TN,7.359524,-45.281235,54.298412,3.2276342,S1-153755890,S2-515652341
TN,9.8561945,-39.735554,36.669586,17.194769,S1-366908894,S3-580671612
TN,-60.782455,15.063987,-16.264168,36.116207,S1-875560222,S2-167754246
TN,-67.4838,31.400013,-31.624212,57.679184,S1-351843850,S3-749397231
TN,-39.512104,-30.597176,-47.23244,5.1919026,S1-453067364,S3-877062045
TN,-22.97928,-38.97664,49.013153,-11.813798,S1-674707237,S3-908083276
TN,-19.860516,13.9868765,-24.090267,-17.079138,S1-909154891,S3-422453123
TN,-31.495457,-8.478304,-57.792213,36.007908,S1-528018058,S2-549487574
TN,-18.799866,-39.415478,14.953812,-11.033993,S1-972059180,S3-6906769
TN,-32.57785,43.702084,-32.30259,-15.830984,S1-534939518,S3-630352503
TN,16.81632,-33.11494,21.600983,-8.301924,S1-160069201,S2-547794933
TN,-21.24421,-2.0810413,-29.306618,-39.711395,S1-687684157,S3-80869603
TN,-4.6665244,-21.536291,4.9944897,-39.2526,S1-959228690,S3-633276839
TN,17.836185,13.621612,33.28972,61.34576,S1-219664953,S2-521820907
TN,-4.057856,35.439365,-41.21077,-7.64553,S1-145690074,S2-771887813
TN,3.253859,-61.92356,51.023743,-29.719845,S1-900713334,S3-543452375
TN,63.276367,-18.169868,66.93262,-19.371601,S1-211859587,S3-26241857
TN,27.479498,-58.714775,81.24263,-4.3983994,S1-315619244,S3-831471377
TN,20.636953,-7.6684866,20.239054,-17.708738,S1-550903248,S3-840060956
TN,-5.3728395,43.696846,-5.2159734,-4.1782093,S1-296766586,S3-878236120
TN,-2.1438076,23.862959,-21.703466,-31.6811,S1-961688877,S3-164613535
TN,-62.357605,25.096548,-24.99841,55.441494,S1-341430425,S3-726873506
TN,3.0487673,1.0942472,21.304226,-73.72708,S1-161750867,S3-699887183
TN,-18.205957,17.887947,-12.074186,4.4318323,S1-930163633,S2-636707643
TN,-1.5779415,-20.874907,18.755857,-54.95463,S1-260096296,S3-783492841
TN,20.216154,-39.150738,26.984058,4.5329895,S1-245945754,S2-127268462
TN,29.985542,-57.491302,58.016697,34.653637,S1-924326625,S3-881831641
TN,12.188137,39.67841,-68.07463,-7.033176,S1-112745158,S3-441468094
TN,-3.0785947,-29.98447,14.78158,-44.629383,S1-885609801,S2-690161978
TN,-8.958101,21.646261,-47.830738,9.426096,S1-690854294,S3-377771094
TN,12.278772,52.148563,-26.323833,-5.9656024,S1-446414482,S3-298532507
TN,-46.41983,-32.091064,-30.673605,-23.904783,S1-181814892,S2-655182265
TN,48.72278,3.0522895,25.57452,13.01981,S1-888734684,S3-53348623
TN,-42.181183,-35.506107,-34.464767,18.45485,S1-271309714,S2-197278351
TN,-2.3185058,45.129013,-56.897602,-17.458593,S1-32298276,S2-504772194
TN,-5.045045,50.353127,-53.43268,-18.375305,S1-842173882,S3-211339250
TN,6.723542,-51.96607,62.776974,1.7367734,S1-614682928,S2-197270914
TN,-33.281765,25.168716,-14.464558,13.418988,S1-499192060,S3-509108037
TP,68.409935,24.133396,16.159986,47.561073,S1-28197056,S2-479813399
TN,-21.757864,-18.686508,14.870886,-26.264156,S1-598854449,S2-281638478
TN,-40.943005,-32.661476,-44.90283,19.37966,S1-237218395,S3-956666374
TN,-24.044416,-17.969772,12.318656,-25.724976,S1-408278067,S3-222029147
TN,12.664822,-9.946034,15.096249,-47.18774,S1-351529383,S2-705283748
TP,67.535126,26.39818,12.028577,50.281506,S1-435875312,S2-361507997
TN,-12.554763,34.26082,-44.26959,-5.279976,S1-851328372,S3-202580577
TN,4.2316813,-9.79524,2.1275353,-19.92648,S1-975909913,S2-56311285
TN,60.510204,-21.367804,70.52436,-18.152374,S1-267643938,S3-525450130
TN,15.455049,-9.254607,9.652806,-19.93303,S1-640707496,S3-294139310
TN,-40.089836,-30.799059,-28.973131,-20.503828,S1-117910496,S3-535878398
TN,14.83607,-15.406267,26.663641,-2.2208982,S1-618206949,S3-277003388
TP,59.3981,24.793707,15.89073,41.919704,S1-28189918,S2-577134296
TN,47.96566,7.4166975,30.948486,-71.95245,S1-61362135,S3-746051232
TN,-67.00829,25.90776,-6.011178,5.6434646,S1-207982151,S3-889039740
TP,45.36501,30.013365,6.537841,29.728844,S1-668296967,S3-341894969
TN,-0.88702893,-47.983536,49.918774,-9.792879,S1-706590132,S2-258048295
TN,0.10571429,26.110321,-23.417236,-31.399046,S1-56221603,S3-195206296
TN,-35.82086,-25.858477,-34.9077,-40.71195,S1-603016584,S2-679252946
TN,-57.401814,28.014702,-33.6145,45.93834,S1-408860126,S3-125528982
TN,23.807016,-29.434637,68.32502,15.944558,S1-196317582,S2-832727274
TN,-31.251041,45.6076,-43.762405,-5.6253934,S1-127229722,S3-467910716
TN,25.877142,-59.828804,89.75541,-1.4967712,S1-659233224,S3-211257318
TN,28.99526,-58.856075,80.826096,-4.7413874,S1-891798313,S3-925666014
TN,-23.600727,64.18707,33.924507,59.284733,S1-351635000,S2-384888315
TN,-62.65046,19.892052,-25.454592,41.656197,S1-502450293,S2-294698289
TN,-22.434887,-37.554424,11.685737,-10.107801,S1-331232670,S3-519922470
TN,33.29035,-35.952873,41.972286,35.313858,S1-898451104,S2-102396558
TN,24.751928,41.48266,-28.70963,-46.8878,S1-340203943,S2-47968739
FN,-41.338203,46.004047,-18.252218,26.414219,S1-853144940,S3-410500214
TN,7.7849984,45.986744,-61.627094,-2.8760052,S1-954001478,S2-214512285
TN,-42.635124,-33.10895,-48.684525,6.4680843,S1-370153240,S3-990957207
TN,-25.860826,64.34015,0.8141377,71.346466,S1-15461848,S2-353413688
FP,50.37479,8.1068325,33.76261,-72.30577,S1-176995309,S2-437932970
TN,0.3572587,-65.23137,49.619858,-32.265984,S1-360855469,S2-835013811
TN,-22.549114,28.348677,-6.830125,-6.9545264,S1-171178907,S3-129216549
TN,4.4309454,-5.458479,18.087566,-12.2458515,S1-623578072,S2-453396123
TN,10.25322,54.513058,-64.22104,2.764956,S1-190362482,S2-162523419
TN,2.1897643,45.80332,-52.907444,-8.039984,S1-787996660,S2-71257142
TN,-62.541203,16.890224,-22.32232,50.619366,S1-318854367,S2-796234812
TP,38.81474,32.18317,1.1696861,31.863123,S1-407617611,S3-980184516
TN,-6.372966,19.185066,-17.888948,4.216469,S1-596498774,S3-580300761
TN,-40.386097,20.191532,-8.999305,33.740982,S1-798165419,S3-292837416
TN,-0.78897613,-66.34934,47.392387,-30.856327,S1-5997666,S3-983596883
TN,-29.897932,46.91953,-15.040714,17.929478,S1-38871916,S3-10920356
TN,31.292706,-38.110752,72.51597,17.856264,S1-404491881,S3-489632820
TN,-61.894432,23.084757,-26.050318,54.232887,S1-927930672,S3-853845633
TN,-31.386333,9.956514,-31.988832,-42.7734,S1-194349062,S3-110251255
TN,-35.976135,-32.250885,-38.241226,-3.0483134,S1-435620184,S2-979567959
TN,-7.521707,-21.032957,9.158409,-51.37591,S1-189255437,S2-763920796
TN,14.687927,-42.639015,44.73117,7.2879896,S1-293175994,S2-177256442
TN,-3.0319686,43.29017,-58.56978,-10.784687,S1-310236294,S3-862848296
TN,-22.451658,-1.9425439,-29.695965,-40.708897,S1-691796100,S3-668824962
TN,-4.6869135,22.45216,-52.458546,11.232197,S1-295186032,S3-55504598
TN,1.3523955,1.1614006,22.809011,-71.987076,S1-856668917,S3-376486220
TN,-15.799054,-56.765953,36.015,-34.60135,S1-723400816,S3-370675322
TN,-61.519505,8.762525,-28.33029,44.858494,S1-603890468,S3-452153938
TN,46.95616,5.183929,36.00558,-54.986633,S1-860277417,S2-32063348
TN,-3.886374,12.496153,-27.113098,-34.10473,S1-496216618,S2-448648639
TN,-18.78597,42.96659,-35.14167,-3.2831216,S1-993515072,S3-414541489
TN,21.20094,-0.64791983,24.870886,-17.720392,S1-943172260,S3-604302735
TN,10.319226,-17.704891,18.329168,-2.6158893,S1-397842657,S3-713794719
TN,-26.67425,64.24959,2.064229,71.560745,S1-112549177,S2-533790328
TN,25.686451,-26.18057,29.888771,24.702175,S1-735675281,S3-384020869
TN,51.090916,-8.124836,44.756714,-60.068836,S1-938073521,S2-5167465
TN,46.04385,3.357579,37.354053,-60.176125,S1-701468075,S2-265706759
TN,-53.86345,-1.8450004,-35.176575,-35.455147,S1-201710784,S3-128311677
TN,2.9722211,-10.424986,4.4470835,-18.737915,S1-723854717,S2-167135988
TN,-59.254993,21.980762,-23.92858,46.147137,S1-223343103,S3-822829456
TN,29.555994,-27.632446,33.256798,24.939884,S1-420475251,S2-373052936
TP,62.985134,29.40647,14.132218,50.910866,S1-762920339,S2-393539638
TN,37.018982,-30.515408,38.223705,36.417637,S1-364771152,S3-4675439
TN,-50.07576,-3.3769932,-41.74134,2.6110544,S1-154242331,S2-549310531
TN,8.83583,-19.964506,10.088653,-20.544191,S1-139338401,S3-222380616
TN,-52.413326,-4.456496,-45.94991,10.240179,S1-992229596,S3-924198054
TN,46.635586,-23.935547,68.34633,11.9124565,S1-618084674,S3-742329221
TN,-7.3881288,-28.783161,11.207367,-46.90971,S1-834099820,S2-74358786
TN,-29.92999,25.46219,-31.901638,19.029827,S1-580258883,S2-397196446
TP,43.927288,37.819122,-1.1834722,29.68145,S1-185135393,S2-133831275
TN,4.7980385,32.143635,-56.005997,-21.569065,S1-231610697,S2-67603876
TN,1.9040343,-67.18989,50.80866,-31.388548,S1-636764646,S2-989266673
TN,7.875438,-52.50341,63.853127,1.3555775,S1-575969358,S2-982600163
TN,-17.503206,31.268332,-37.816296,-8.117764,S1-702329472,S2-54024190
TN,-8.602901,33.816853,-44.080143,-3.9110165,S1-873780440,S3-497093855
TN,-7.305497,28.435083,-41.164246,5.0431914,S1-629133288,S3-275616395
TN,-60.478115,18.494535,-22.27733,49.2715,S1-884743006,S2-756130251
TN,-22.703136,0.43579313,-21.898483,-40.444733,S1-191713911,S3-543402424
TN,34.917114,13.374023,18.41323,30.649872,S1-905106256,S2-468085964
TN,-15.432698,48.25245,-3.2422292,8.970421,S1-763258463,S3-972205506
TN,-42.813087,-37.810226,-27.006899,-33.75629,S1-83236558,S2-255199094
TN,-70.5377,10.209247,-22.76055,54.24064,S1-803555394,S3-793709074
TN,23.310953,-17.678331,28.181604,-4.9828753,S1-386342225,S2-432999063
TN,-41.118202,24.66344,2.927108,69.882385,S1-998972946,S3-528598627
TN,-11.291148,36.401207,-39.51787,-16.174892,S1-122736273,S2-438878112
TP,67.28561,31.246119,10.8789425,52.063564,S1-458486322,S2-965762934
TN,-1.4043279,27.455496,-48.825413,5.411136,S1-530526337,S3-135803279
TN,24.317389,-68.23637,89.84091,5.0449047,S1-798165419,S2-65801248
TN,-5.050646,32.20872,-53.485638,18.64734,S1-629028266,S3-996923157
TN,20.100597,-1.4031068,27.091707,-19.718393,S1-618206949,S2-546125203
TN,33.18594,-65.51668,79.9681,1.3621533,S1-437107764,S2-428326051
TN,22.766888,42.56451,-17.110874,-49.35724,S1-836462103,S3-108625231
TN,13.548262,38.63862,-66.83924,-17.09996,S1-821902585,S3-444888505
TN,-16.678375,32.785328,-37.739,-2.5426664,S1-707171485,S2-908234517
TN,-49.982597,-23.812256,-14.0869465,-41.641476,S1-928961288,S2-156717312
TN,22.598373,-11.386692,28.559721,-3.919017,S1-646009799,S3-229870936
TN,-65.299126,28.915018,-32.325157,59.075527,S1-852244607,S3-454896674
TN,2.4128447,-7.198133,3.868506,-19.106518,S1-683640385,S2-727954132
TN,-72.99189,10.982241,-35.466816,46.98239,S1-783975172,S3-403119559
TN,-12.209207,31.82528,-41.116066,-18.480574,S1-787804501,S3-598836699
TN,-23.173166,10.58364,-45.332314,6.5570893,S1-148285364,S3-412473991
TN,54.294544,-14.401372,72.57061,11.967916,S1-606129990,S3-971653547
TN,30.346916,-63.926033,67.83582,27.911346,S1-124991677,S3-276200481
TN,19.673273,-30.915537,16.485529,-42.458454,S1-734044329,S2-204122954
TN,27.075008,-5.2610593,30.494188,-15.571085,S1-388046364,S2-205935551
TN,-57.349518,16.572622,-28.45208,50.05906,S1-973164782,S2-669888514
TN,5.7366505,45.499332,-60.868244,-0.8069852,S1-806511725,S2-315395210
TN,-40.07345,-26.30811,-35.343975,48.11389,S1-677803877,S3-178698310
TN,24.622696,-58.58014,61.812077,36.823666,S1-16864188,S3-566667648
TN,1.9487635,-39.279533,47.456528,-12.870736,S1-668191791,S3-909394402
TN,32.90023,-33.191418,39.87551,36.235184,S1-58951994,S2-202865650
TN,-44.98928,18.288378,-17.970846,36.35703,S1-357026227,S2-532100499
TN,-10.283166,38.66757,-2.9981623,-4.2154984,S1-213356169,S2-468277107
TN,23.96966,-33.8944,75.56524,12.862067,S1-840562646,S3-826237382
TP,67.3755,26.037727,10.003541,43.719826,S1-449741260,S3-925846880
TN,45.9816,-0.67251354,40.096245,-60.435146,S1-733307442,S3-807761586
TN,-6.476336,32.074684,-4.8086314,0.41363218,S1-882512638,S3-973513018
TN,-30.423502,24.081219,-8.634638,-37.079178,S1-216151442,S3-219185816
TP,50.582184,29.4648,18.369785,39.47293,S1-51538041,S3-560171496
TN,0.62348115,-65.23781,49.453465,-31.005308,S1-806622791,S3-548311512
TP,44.696865,32.480984,-0.50071687,35.644157,S1-563326139,S3-352758621
TN,-22.135178,-20.532825,49.363026,-16.92211,S1-626680493,S2-925331519
TN,-4.375186,29.500013,-3.7707758,5.222178,S1-36484245,S2-3402984
TN,-69.32904,8.593298,-23.326948,50.10391,S1-340797557,S2-386268378
TN,30.671473,10.7439375,14.549401,23.856798,S1-666628102,S2-575986243
TN,-2.9203372,25.851303,-43.52114,6.172232,S1-539223711,S3-328237413
TN,-4.239239,-28.959843,10.679063,-47.045742,S1-458339441,S2-173149688
TN,1.1522893,30.887081,-4.869892,5.206561,S1-923944687,S3-279350539
TN,-11.666653,1.316328,-16.34578,-48.77571,S1-304818265,S3-395857004
TN,7.890029,-54.082325,63.606716,0.18540238,S1-13653091,S3-745839528
TP,48.375782,11.917181,32.26502,32.826115,S1-916281423,S3-666407687
TP,53.535145,35.391434,3.8521729,41.53156,S1-573234985,S3-384004916
TN,20.620903,-7.252755,23.753206,-22.051247,S1-45519373,S2-31829551
TN,-2.3076646,-29.628212,15.457678,-45.08937,S1-266459586,S2-328382969
TN,0.03634333,29.371712,-5.2302585,-3.1879075,S1-704314376,S3-165422417
TN,-7.566982,22.45081,-44.851315,10.314962,S1-76142855,S3-844138822
TN,-50.850018,-34.844383,-21.63779,23.116789,S1-112544526,S2-618465998
TN,-32.937332,45.576153,-14.842669,18.677511,S1-227676129,S3-151753314
TN,-7.882888,-30.769445,9.993902,-40.477974,S1-222750144,S3-254777537
TN,-15.10021,12.698667,-31.685984,-21.197542,S1-17735445,S2-160964143
TN,45.413696,-0.26473153,37.728394,-59.519848,S1-638540039,S2-49646389
TN,19.182535,-13.603353,24.68596,-11.104214,S1-913500799,S3-918221057
TN,-41.85896,-30.372404,-31.862864,-18.894035,S1-289390218,S2-868320298
TN,-26.885452,63.960327,2.2798104,70.36136,S1-336226224,S2-255827838
TN,-37.42583,-29.040024,-33.219604,-40.389008,S1-222185090,S3-465342678
TN,-13.229235,-5.0692306,-45.808815,-40.42823,S1-267975136,S2-114418695
TN,-14.05524,-30.500444,9.739547,-48.14997,S1-130055155,S2-659108092
TN,-21.15461,-32.492146,34.09694,60.74085,S1-255417032,S2-910588883
TN,-20.253271,32.236225,-35.593212,-1.691449,S1-574630107,S2-421326623
TN,-10.384611,31.126795,-47.272133,-5.456893,S1-265600464,S3-554646144
TN,-18.871517,36.065517,-39.24877,-6.181801,S1-741666452,S2-333202188
TN,4.0321417,12.855616,-46.79797,-34.25095,S1-601450328,S2-702537799
TN,-3.520317,41.69885,-55.747814,-12.978205,S1-246178097,S2-310915956
TN,-4.6178794,17.337648,-26.679775,-23.047,S1-150022873,S3-405054015
TN,-16.201115,13.778865,-34.234924,17.338043,S1-590279684,S2-78627744
TN,-37.4232,-2.406689,-13.30379,23.836166,S1-576417488,S2-491375259
TN,-47.315628,-23.469938,-21.450907,-40.458687,S1-915664087,S3-685747340
TN,9.770809,44.679203,-60.544838,0.3283797,S1-745469886,S2-331624661
TN,-8.890758,1.4893255,-38.28513,8.126406,S1-963752732,S2-183721255
TN,-42.362637,-41.594246,-50.01402,16.617046,S1-440853081,S3-327476533
TN,5.439561,-11.888392,14.164895,-0.8556321,S1-822840444,S2-687838026
TN,28.749475,-57.209156,66.700424,27.341002,S1-678360681,S3-844242931
TN,-25.991669,38.603275,-54.197315,7.712303,S1-852696040,S3-478508269
TN,-6.0525894,-32.134914,11.92742,-49.474472,S1-781779044,S2-804062513
TN,-28.9052,24.89012,-31.710165,9.699086,S1-17939765,S2-828937682
TN,20.778831,-58.935997,70.16994,29.831078,S1-687335586,S2-962665858
TN,-65.862045,18.88901,-27.73333,50.920578,S1-731659730,S2-893150075
TN,-48.3294,-4.7674327,-47.19674,-30.549683,S1-751412868,S3-57325769
TN,4.768083,40.182735,-63.820045,-7.770837,S1-742413558,S3-962527594
TN,-0.9293056,34.534622,-29.99434,-4.6742663,S1-624629685,S2-203001661
TN,35.425747,-33.237206,39.777905,37.33778,S1-65574393,S3-664957964
TN,15.741901,48.583065,-48.9803,-13.51257,S1-357643999,S3-394755173
TN,-25.965092,64.744156,-0.1116716,71.78618,S1-876855357,S3-735741565
TN,-9.263274,1.4809382,-41.350887,9.648175,S1-470352137,S3-765807547
TN,12.702593,-42.676773,43.82394,10.933823,S1-426331328,S2-472998215
TN,-46.328968,-33.180813,-29.847406,-21.994112,S1-291630643,S2-35652948
TN,-69.38082,10.312239,-24.653387,42.19325,S1-289796303,S3-843255089
TN,-35.74996,46.636696,-18.204823,-36.133892,S1-74547297,S2-615719958
TN,-60.785217,18.081697,-22.213263,49.224854,S1-489823763,S2-526237949
TN,-0.7086856,26.723574,-52.407578,17.328484,S1-202740649,S3-443139666
TN,1.1664041,20.6836,-45.98456,-36.412174,S1-695739732,S3-392873628
TN,-5.7341576,-29.37049,5.3441277,-37.439053,S1-147629450,S2-467933862
TN,17.777924,-51.894966,39.437874,1.551114,S1-599641466,S3-494009780
TN,30.170998,-60.070255,56.88874,35.88045,S1-698697293,S3-784093317
TN,-2.6002457,-28.618904,12.842518,-42.638344,S1-936181279,S3-631934715
TN,-42.20762,-35.471645,-34.272816,20.101849,S1-384047466,S2-824439144
TN,19.868992,-65.677216,86.7524,0.5154406,S1-11123546,S2-719240775
TP,69.56761,27.215212,8.476262,43.998093,S1-977913104,S3-76514147
TN,-66.05605,32.26385,-30.392977,58.704594,S1-255857362,S3-171131891
TN,19.533728,-43.808964,47.341904,18.27594,S1-13722634,S3-112192695
TN,-62.834637,18.41239,-24.971071,49.150455,S1-207224070,S2-111530035
TP,51.002335,32.95548,0.034262024,38.415787,S1-916613221,S3-755897064
TN,58.024376,-15.956598,68.94461,-21.928572,S1-444854787,S3-801677730
TN,-66.5625,31.48387,-30.660564,58.37759,S1-365164882,S3-606703511
TN,58.915237,-18.906923,67.24483,-19.042583,S1-709448507,S3-480281605
TN,1.4246092,17.213749,-27.045311,-21.664778,S1-226452676,S3-208826424
TN,49.87768,-12.056483,38.149635,27.511568,S1-663292052,S2-839532074
TN,-14.014207,35.94044,-45.551792,-6.749913,S1-268269864,S3-916964721
TN,27.3459,-27.706915,30.682034,27.837738,S1-516680392,S2-212219685
TN,52.28845,-24.67838,44.041992,21.976437,S1-73891890,S2-253402941
TN,-25.881916,20.1522,-20.475143,18.763262,S1-682120375,S3-282332129
TN,18.070303,13.5968075,33.664127,60.50461,S1-233088417,S2-691727843
TN,-0.37644824,-13.460187,12.042986,-9.215403,S1-908988532,S3-140853320
TN,-70.217026,8.891726,-20.557907,50.214798,S1-888753298,S3-478132277
TN,-9.415868,0.9801008,-31.245687,-18.243555,S1-205460224,S3-209100147
TN,29.315784,-1.5674825,21.353745,-71.62674,S1-140903380,S3-440957991
TN,2.241818,-68.331535,48.70429,-25.349241,S1-515482216,S2-948401123
TN,-46.79901,-33.172073,-28.849483,-11.462227,S1-884692331,S2-270851578
TN,-9.355383,38.13643,-5.389463,1.3496119,S1-652686045,S3-368850951
TN,-39.380024,-37.72794,-35.94183,17.57005,S1-331494122,S2-782797229
TN,9.096974,-7.524024,13.802756,-7.1947045,S1-306884068,S2-164732836
TN,-62.582027,30.024244,-34.340157,59.752853,S1-752217878,S3-91478097
TN,-27.626333,5.5406895,-13.763945,-44.000507,S1-506796680,S2-610299347
TN,-2.667084,-31.85629,20.585297,-48.964043,S1-40226986,S3-146375691
TN,-19.101208,-29.772434,9.079862,-52.06807,S1-601500272,S2-107002912
TN,44.806908,-13.457959,16.260101,49.148724,S1-56071180,S3-440782990
TN,-18.959461,-40.869205,16.772898,-2.1967275,S1-302764381,S2-391803373
TN,28.46909,-71.309746,88.69752,1.1744424,S1-133576208,S3-469092246
TN,-31.398325,9.808491,-14.510772,-40.22774,S1-355263032,S2-700608641
TN,27.169611,-5.6649237,27.452023,-6.234829,S1-799775613,S2-251290549
TN,5.5560355,-10.887746,11.955364,0.04409062,S1-374479814,S3-405688821
TN,-52.979786,-28.21101,-13.387019,23.964338,S1-13889422,S2-468984694
TN,-25.150202,13.641644,-22.82546,-17.026566,S1-106521425,S3-85011190
TN,-14.969708,9.102752,-38.207245,15.41162,S1-394976741,S2-288827538
TP,68.43171,24.509958,14.736986,50.69522,S1-448383234,S2-855147771
TN,8.724282,41.776882,-72.93538,-6.420322,S1-185490953,S3-659157797
TN,22.831488,-64.452446,70.17293,30.08884,S1-627281581,S2-775362407
TN,10.453769,39.84158,-69.378914,-8.045571,S1-561491038,S3-280739403
TN,-53.610374,-36.332993,-37.6643,-1.3895739,S1-77953360,S2-506887028
TN,7.24589,11.864267,-10.173045,-13.106463,S1-696230220,S2-182531419
TN,-51.193012,-2.0072231,-42.09924,-5.6579432,S1-906994512,S3-301009710
TN,58.06408,-18.939663,67.784645,-18.034693,S1-850662318,S3-602616417
TN,14.501351,5.2568226,30.236631,-21.025904,S1-552182575,S2-109721071
TN,16.421682,38.78481,-63.316414,-19.822617,S1-189921129,S2-620032854
TN,16.975132,45.67306,-67.19791,4.828263,S1-801450137,S2-465877612
TP,52.797806,44.10507,5.2971478,65.78707,S1-357870551,S3-83161399
TN,58.061836,-17.475475,74.70771,11.805358,S1-686846380,S2-859671583
TN,-36.194706,21.071243,-5.317576,27.013653,S1-890155448,S2-571450329
TN,-10.151796,15.7842455,-45.74863,8.54585,S1-775112309,S3-325284587
TN,-10.849965,36.37273,-3.1519473,-2.3406098,S1-815059721,S2-621055797
TN,-31.50752,44.07417,-37.05877,-4.8935328,S1-223418838,S2-937676054
TN,-67.878494,28.76636,-31.064102,54.935535,S1-676341264,S3-127200378
TN,-9.623982,37.78579,-5.636972,1.281347,S1-290365127,S3-837822203
TP,67.25143,22.789299,13.233481,43.393406,S1-518801460,S3-314818515
TN,10.921868,48.80628,-63.82922,-19.107443,S1-68451459,S2-313936274
TN,28.288956,-70.25414,91.10069,0.353389,S1-381064593,S3-622195437
TN,-15.430008,30.406809,-40.909866,-18.315428,S1-806622791,S3-991674600
TN,25.09045,2.5434568,30.27818,-16.91782,S1-378661079,S2-654684212
TN,-12.455341,-31.712708,13.47821,-43.450623,S1-576715139,S3-631362081
TN,-34.29969,-16.549583,-50.95482,34.743755,S1-941725622,S2-196710564
TP,53.140404,42.942078,5.115142,65.10335,S1-103378867,S2-575052583
TN,-0.3919078,49.23811,-55.125996,-20.878384,S1-416556182,S2-578186216
TN,-27.69512,34.927643,-53.204933,7.8196707,S1-712493131,S3-466178629
TN,31.301058,-55.812492,81.60753,-6.8637676,S1-156807659,S3-70221668
TN,56.640175,-16.348953,73.2538,-24.858324,S1-654997596,S2-986783285
TN,10.704033,46.728733,-62.723934,-16.46309,S1-805024113,S2-490714029
TN,-71.85648,14.221073,-36.47097,43.829548,S1-193204297,S2-449935776
TN,-41.52521,-37.944893,-33.11725,19.683071,S1-649962691,S2-696406420
TN,-0.13732503,44.41851,-58.019207,-19.657211,S1-100097858,S2-95034290
TN,15.666522,39.23766,-70.121,-20.036116,S1-334130086,S2-612016345
TN,-1.0818989,-29.006552,15.431239,-41.948975,S1-192955138,S3-253420347
TN,-44.37412,-30.861952,-29.604208,-13.130937,S1-515808808,S2-178925326
TN,12.051049,38.937332,-68.67171,-6.6830206,S1-208320190,S3-724099853
TN,-63.636524,23.02048,-35.400936,47.189445,S1-798165419,S3-731258780
TN,26.772713,-28.607677,30.669422,26.023067,S1-237623359,S2-382781082
TN,-33.3286,-17.123991,-52.3545,30.365307,S1-423617779,S2-333248887
TN,14.002006,47.190212,-67.31209,-1.31062,S1-300184316,S2-631125020
TN,-26.994892,36.390984,-55.452305,30.415148,S1-219392910,S3-249212162
TN,8.398563,-14.723683,18.44283,-10.588058,S1-35075418,S2-295677215
TN,-37.971123,42.721344,-18.044235,-43.890457,S1-442870019,S3-185180796
TN,26.557436,-8.003295,27.908209,-13.595862,S1-728209765,S3-687314529
TN,8.575564,42.135098,-68.29167,-4.8200574,S1-805452240,S3-560232238
TN,-23.481474,-35.821747,13.864932,-13.000653,S1-925184960,S3-995886172
TN,-73.05597,11.460763,-37.249992,46.65749,S1-203669575,S2-574734403
TN,-58.83753,30.32833,-30.827948,45.713406,S1-8802014,S2-492698345
TP,63.182884,25.163685,20.611847,43.83818,S1-458645736,S3-478050910
TN,-19.566021,-39.393772,14.559653,-10.962183,S1-243505368,S3-100958697
TN,-53.42324,-29.393204,-20.74895,21.724794,S1-262177858,S2-623073890
TN,23.21802,-60.392277,67.725365,36.437057,S1-500972888,S2-429816486
TN,52.710403,2.2863252,37.54591,-53.987637,S1-301555525,S3-373106961
TN,13.421924,38.50825,-65.82456,-14.422982,S1-716244380,S3-84722641
TN,-0.21605003,-43.7306,51.356174,-12.994906,S1-117169200,S3-345515828
TN,23.011759,-31.60903,64.964966,11.988005,S1-829734,S3-999362435
TN,-20.793684,23.836979,-31.167383,16.396269,S1-415911519,S2-578010752
TN,56.675014,-24.338009,76.489555,-19.91247,S1-106934667,S2-821489525
TN,33.08063,0.5349947,19.66814,-69.6642,S1-890281503,S2-994188931
TN,24.684082,-8.957475,27.035704,-5.343209,S1-529365056,S3-797560340
TP,56.36933,23.480597,18.58222,39.92824,S1-742856356,S3-126773528
TN,-27.264051,3.6866138,-13.405854,-36.13927,S1-224453645,S2-267587864
TN,-12.428332,39.321136,-3.8338795,-5.96445,S1-437322513,S2-862044678
TN,-20.639458,19.814949,-10.324632,8.075223,S1-120443806,S2-863932574
TN,-17.201574,15.679312,-12.364194,-5.6100087,S1-49394711,S2-160314979
TN,3.357403,44.54279,-54.925972,-17.710196,S1-273830734,S3-15896802
TN,-27.573187,63.16334,2.5729556,70.16781,S1-785844617,S3-730323796
TN,-28.119234,27.298058,-11.528593,1.553491,S1-86788433,S2-74438361
TN,48.45143,-15.068548,37.67333,-69.85222,S1-979683446,S2-218488597
TN,-21.47548,-2.1502628,-12.991747,-30.333385,S1-520178199,S3-364299610
TN,56.96673,-25.85919,73.31648,-18.432934,S1-993166424,S3-952754101
TN,45.029816,1.1846102,38.235954,-57.943787,S1-300047326,S2-417832777
TN,39.205376,2.927956,21.379358,-70.229195,S1-453642500,S2-6207574
TN,-3.9321337,18.334194,-46.16897,15.041306,S1-927886661,S3-456610130
TN,-8.401806,22.93239,-53.724426,9.690621,S1-588636904,S3-911799225
TN,35.590366,-61.883812,67.494934,27.957262,S1-514881169,S3-327045258
TN,18.164167,-0.09877021,30.84282,-13.814257,S1-889090706,S3-527336074
TN,5.9801636,37.25562,-69.33974,-1.2115283,S1-418298195,S2-198698322
TN,5.806912,42.805843,-10.151809,24.346535,S1-913582839,S2-563524635
TN,-0.54435474,-64.717766,50.02494,-31.910511,S1-84445754,S2-578546203
TN,-12.076673,17.727057,-16.381552,-3.7299647,S1-191046892,S3-431911529
TN,-51.583286,24.732986,-42.2919,54.043663,S1-173589834,S2-646610247
TN,-35.861557,45.83756,-19.671335,18.31171,S1-145473260,S3-222417765
TN,53.355,-30.914444,53.397217,-9.03394,S1-245781270,S3-733640748
TN,48.48334,-24.162088,61.838894,-5.3632207,S1-139497313,S3-721227351
TN,-10.194347,11.03941,-34.55182,19.49193,S1-229523736,S2-363700890
TN,21.045347,-61.560333,86.74414,0.23759606,S1-255275589,S2-659182200
TN,31.2916,-53.92959,60.52374,34.108536,S1-461003462,S3-84812044
TN,-32.580925,21.271189,-16.853111,25.92738,S1-598105837,S2-877908816
TN,7.400948,39.087437,-67.594284,-10.387042,S1-530526337,S3-383909059
TN,-59.800373,19.929697,-22.546663,45.48875,S1-302434344,S3-144428784
TN,12.3937,34.00575,-26.54036,-49.074448,S1-490414569,S2-723861605
TP,60.07382,19.158175,17.448368,32.93762,S1-434802343,S3-792857074
TN,0.5307613,-27.016182,22.975338,-38.392765,S1-835196593,S3-213803179
TN,-21.07152,3.0519006,-24.717556,-42.775517,S1-915601394,S2-729939349
TN,-7.845013,35.8397,-6.6370754,1.879437,S1-113429618,S3-874316584
TN,22.148088,-4.161135,25.00891,-21.942663,S1-849555733,S3-107288650
TP,67.33258,22.457829,13.131139,43.29173,S1-937176163,S3-730125309
TN,-46.450394,-36.862633,-46.947704,12.848898,S1-736296955,S3-444658881
TN,-20.727095,38.764122,-49.031696,-31.651838,S1-783235058,S2-325246438
TN,16.46605,14.494081,34.37396,62.85772,S1-405954140,S3-179871641
TN,-53.77067,2.7694607,-35.119534,49.657547,S1-128005044,S2-65167877
TN,23.00306,-62.557606,80.34302,0.5976668,S1-751423759,S2-299890816
TN,-24.335451,3.3743873,-18.321384,-39.733875,S1-788341949,S2-300534134
TN,6.727036,-4.1243525,12.750686,2.3452926,S1-260341167,S3-823881544
TN,34.708275,-55.011383,81.73216,1.5596068,S1-968089658,S2-578908608
TN,18.373314,13.388734,33.394295,60.54353,S1-903231901,S3-748240156
TN,-0.73561347,-61.827194,47.456306,-35.339317,S1-188740767,S2-86119481
TN,21.40422,-5.20281,27.870771,-19.928818,S1-770703087,S2-715923981
TN,52.062805,-23.636831,36.405933,29.418583,S1-710325637,S2-565958990
TN,5.592596,37.868244,-62.647568,-1.6784542,S1-799672591,S2-816510744
TN,26.596,-58.59327,58.771126,33.732082,S1-104719434,S3-890801856
TN,31.17533,-57.64386,59.38422,35.58143,S1-641424117,S3-130660046
TN,48.67846,-11.828353,36.434387,-69.78843,S1-563103329,S3-911487806
TN,31.818058,16.78989,4.581192,34.6012,S1-790032069,S3-289330939
TN,-61.170055,24.127012,-16.903002,51.426853,S1-233331364,S3-971789219
TN,-11.544412,35.33557,-41.185917,-17.776491,S1-295972491,S3-883878024
TN,-45.704834,-33.816063,-30.015223,-22.505299,S1-19019208,S2-666832889
TN,21.977488,41.856853,-23.652924,-49.61693,S1-897572959,S3-238209275
TN,29.246046,-53.484173,77.91023,-5.3599334,S1-861855100,S3-773096088
TN,-2.5427687,27.10126,-15.334898,4.7639437,S1-639880465,S3-684832738
TN,-18.475624,-41.321545,12.143332,-1.5913492,S1-721776593,S3-640268944
TN,33.004555,-53.947803,80.52635,1.3189709,S1-782077401,S2-725596648
TN,-70.747025,32.209515,-40.350296,56.670094,S1-421211766,S3-353573073
TN,-33.762184,41.13782,-46.059464,16.984432,S1-35857818,S3-227893080
TN,-22.050472,21.7546,-24.088726,20.956985,S1-785728003,S2-998553761
TN,26.735262,-67.36059,90.06174,4.3466573,S1-866342760,S2-123989405
TN,-40.542015,-28.720362,-39.2182,-16.774158,S1-989061306,S2-196652748
TN,63.904472,-23.521473,48.27382,-26.187521,S1-489811124,S3-96024430
TN,-35.900963,42.85271,-26.40583,-16.967243,S1-753133292,S3-742005337
TN,-5.886241,25.269987,-15.27939,4.553322,S1-169630342,S3-294826682
TN,24.730139,-63.650665,67.68747,36.20257,S1-405447240,S2-399133547
TN,-63.446335,34.519287,-33.528156,47.53941,S1-762680907,S3-227733044
TN,12.316575,-8.041713,12.856111,-5.3464665,S1-710639791,S2-398025550
TN,27.028076,-51.278038,66.69406,27.45249,S1-217683494,S3-575821255
TN,-57.820103,19.08226,-18.822006,27.303658,S1-58749506,S3-949148892
TN,13.763196,41.058994,-67.194984,-15.93214,S1-528801490,S3-260532139
TN,-20.761187,-2.4929495,-30.161465,-39.438812,S1-131466314,S2-557033046
TN,10.778738,40.800995,-62.90079,-2.7743635,S1-983445720,S2-64591320
TN,-35.32632,20.860466,-4.867463,23.437895,S1-625777368,S2-610282754
TN,-1.6410382,-28.876831,15.057687,-45.586033,S1-668375242,S2-55556465
TN,-48.566235,-30.080717,-31.67337,14.459351,S1-400997226,S2-734816527
TN,34.9445,9.182931,21.627844,32.221493,S1-400088563,S3-208547436
TN,-16.128881,-6.652519,-23.64904,-38.483418,S1-77023569,S2-188612010
TN,2.4879923,-47.65655,60.203526,4.393663,S1-647373289,S2-403512402
TN,-43.92507,-37.116318,-34.012817,18.435747,S1-801416544,S2-767584091
TN,60.65385,-18.32704,73.90177,-24.96532,S1-783040210,S2-838830895
TN,16.885605,38.80575,-57.24735,-20.172405,S1-426199432,S2-616776395
TN,-69.55055,26.178988,-33.894947,54.344757,S1-573281153,S2-369079307
TN,-21.587116,10.938274,-29.57515,12.364731,S1-532781980,S3-477428645
TN,-24.998547,11.991407,-17.46786,-7.626074,S1-696809950,S3-854145062
TN,-72.77378,10.991365,-33.86334,47.41854,S1-927066681,S3-960039809
TN,-30.371183,-31.102097,-43.542267,-40.95336,S1-105525963,S2-709970882
TP,46.435787,24.343763,12.839474,32.12226,S1-115783405,S3-309810415
TN,-6.809491,1.9369571,19.348406,-5.1686616,S1-969597847,S3-558534125
TN,-10.995907,39.934616,-4.8808208,-4.650127,S1-938193292,S3-222265158
TN,-3.4915957,-24.595295,8.155173,-47.733433,S1-172193824,S2-969638705
TN,-27.940697,25.345892,-33.296772,20.330408,S1-35075418,S2-552395062
TN,51.395386,4.5278225,34.639145,-69.861855,S1-858121196,S3-834280328
TP,51.053284,34.676777,12.201026,41.646797,S1-472088153,S2-987157974
TN,-13.354025,11.332365,-33.473164,19.28383,S1-470849696,S2-764647728
TN,-6.815001,43.5986,-0.8827365,4.8544526,S1-44891563,S2-355365590
TP,-36.02689,51.600857,-9.725601,29.288666,S1-532997706,S3-882427438
TN,30.12896,15.068472,10.132371,22.19217,S1-529509168,S2-67669171
TN,-25.911312,11.093293,-14.966553,-6.5264006,S1-279374132,S2-369986661
TN,2.418503,-16.890396,19.280935,-8.13041,S1-319585272,S3-459953816
TN,-22.13882,-20.165749,11.124654,-33.938946,S1-248788737,S2-379466599
TP,57.149647,37.060574,10.307967,31.414618,S1-789814576,S2-603853022
TN,-37.346622,-9.093553,-8.905845,-40.374245,S1-760864431,S2-390421386
TN,18.587812,-30.101389,16.634205,-41.152073,S1-498584804,S2-695804853
TN,54.1814,-23.013102,44.06238,20.660137,S1-171120484,S3-711747241
TN,-55.580864,17.221725,-36.918045,42.32949,S1-687474209,S2-835083333
TN,-77.69363,20.995054,-49.65924,41.6062,S1-811058662,S2-68974966
TN,14.661836,-59.43953,37.869434,-3.065312,S1-505289725,S3-442978317
TN,-33.51664,-18.002586,-52.545902,34.30176,S1-415999700,S3-683995532
TP,-36.853848,51.237026,-8.836596,30.406282,S1-59545265,S2-715995823
TN,15.667065,-5.722145,28.855543,-5.4145293,S1-642815175,S2-815882070
TN,33.017307,-31.044626,35.88166,34.022552,S1-893250042,S2-359333786
TN,1.7309511,38.86757,-57.8939,-12.195957,S1-967384221,S3-36687148
TN,-21.062222,22.149065,-10.24935,8.206417,S1-287090906,S2-494738306
TN,46.46287,-25.48037,67.213974,10.213349,S1-469783307,S2-316538650
TN,19.109104,-13.747863,23.913063,-11.823621,S1-584499464,S3-742206204
TP,49.720238,30.093487,4.1419406,38.692604,S1-750206927,S2-183003309
TN,48.64647,-11.5485525,36.47508,-69.61997,S1-437322513,S3-505719619
TN,-24.852568,1.123619,-11.8425255,-35.342926,S1-862467832,S3-26255229
TN,-5.9913673,-22.877218,7.336647,-45.678783,S1-743479790,S3-269338666
TN,-36.58387,-26.357815,-44.865353,-9.127819,S1-359110373,S3-988182698
TN,63.659054,-22.15818,66.64241,-16.370838,S1-340177946,S3-496360010
TN,44.95582,8.935622,23.917124,-72.41675,S1-524485125,S3-721458040
TN,1.972962,-40.332897,47.37891,-13.416221,S1-569653095,S3-462774519
TN,-14.991242,-7.647412,-45.725193,-42.309017,S1-139200795,S3-423944859
TN,-62.91915,25.182606,-26.11173,55.96292,S1-819529423,S3-989522409
TN,13.037469,51.720806,-64.30171,-14.839953,S1-614482217,S3-208599464
TN,2.412766,-47.958748,60.57809,4.8717947,S1-990124809,S3-557141685
TN,-23.514238,-17.633728,13.556324,-27.227064,S1-10868493,S3-97558282
TP,49.75063,30.431044,6.6788487,38.806725,S1-672623623,S2-37716760
TN,-52.257866,-5.3406925,-32.211708,-37.512367,S1-347544985,S2-471444287
TN,-10.012117,23.13276,-22.000044,-17.240465,S1-894641036,S3-302982613
TN,-12.70529,25.36299,-31.169765,-17.46397,S1-253045301,S3-445155116
TN,48.24956,-12.308993,36.508724,-69.93851,S1-740727163,S2-520117517
TN,-9.274381,38.14257,-1.8864161,1.1491301,S1-483437312,S2-399201069
TP,65.36287,25.865578,8.73332,44.187534,S1-55351976,S3-634179912
TN,21.966444,47.375286,-19.797766,-48.477196,S1-834010875,S2-572033079
TN,-34.2605,-9.555789,-28.789005,-53.103607,S1-353103345,S2-571559365
TN,34.2684,14.982944,14.089266,32.979496,S1-942665680,S3-599056610
TN,18.603268,-56.718887,42.131516,-2.361876,S1-63170737,S2-72655428
TN,52.112827,-30.836527,60.727856,-5.2419853,S1-816640234,S3-678888568
TN,7.781638,-43.18435,56.68968,1.7023642,S1-330683138,S2-9222245
TN,-54.945316,28.717678,-43.57242,55.131042,S1-158253470,S2-267411216
TN,59.90612,-17.454361,73.946724,-24.53509,S1-898991863,S2-916832163
TN,-35.2437,45.359753,-18.840244,22.572393,S1-610775694,S2-989476191
TN,6.964166,24.226484,-21.41842,-32.274853,S1-643351383,S3-84287695
TN,26.513195,-66.19738,89.19737,4.0314045,S1-574630107,S2-137550822
TN,-68.04679,16.840252,-31.653257,50.20845,S1-123228944,S2-367445558
TP,48.70753,31.536852,1.5835769,37.92744,S1-149938192,S2-786335644
TN,18.004923,-7.761536,23.978601,-20.42297,S1-856088737,S3-321312074
TN,-4.9980516,39.70335,-49.58898,-30.319157,S1-985912645,S3-252960551
TN,31.85336,-54.52832,60.25411,33.718925,S1-756893598,S3-644500227
TN,-23.921467,30.199474,-41.396618,0.6251627,S1-589889167,S3-235250134
TP,53.599037,29.520924,12.47424,53.019943,S1-553140387,S2-851644928
TN,-7.454667,13.573431,-31.965849,18.822533,S1-921424078,S2-935472180
TN,-6.6683908,21.16011,-52.143013,12.03752,S1-338636606,S3-749281534
TN,-14.98701,10.15347,-19.346167,-5.059394,S1-371604623,S2-498503829
TN,-66.470955,29.697195,-32.80298,58.65034,S1-433152411,S3-381123741
TN,-6.825069,-28.056662,10.634653,-47.413307,S1-949180755,S2-882937743
TN,1.5418823,-52.1848,61.40972,1.0799674,S1-100649536,S3-871142454
TN,14.254717,-42.43382,44.70157,7.247444,S1-960919106,S2-274078227
TP,47.183716,22.159723,15.00961,22.012276,S1-220520312,S3-926226435
TN,14.463796,-46.66078,44.98242,7.9844713,S1-67360868,S3-784172561
TN,-26.844362,40.06371,-26.669096,-38.679245,S1-917365910,S3-744897508
TP,60.828823,24.150396,20.668657,42.368595,S1-198175644,S3-852406303
TN,29.310955,-9.474094,20.49203,-52.569397,S1-479145445,S3-915478195
TN,37.174812,-28.975893,38.363125,35.8006,S1-725690240,S2-929891494
TN,-44.22837,-39.56925,-46.647587,11.780484,S1-651216491,S3-464141092
TN,20.213545,-43.90692,47.32022,18.605526,S1-63170737,S2-794301416
TN,12.035757,37.858383,-67.75975,4.902297,S1-18402511,S3-307475923
TN,-6.03014,-28.439943,7.7252264,-44.109707,S1-608093196,S3-565899204
TN,-48.500614,-29.960814,-24.913223,-15.311384,S1-965561950,S2-282972169
TN,-45.55835,20.389957,-14.617825,33.760956,S1-968816067,S2-55998181
TN,-49.974327,22.40948,-13.684625,51.56624,S1-722082525,S3-886484155
TN,18.672436,-1.0211816,25.14705,-19.110561,S1-265517361,S3-335472100
TN,-56.32041,22.22783,-22.881546,45.7916,S1-729313713,S3-554658558
TN,27.199923,17.759426,0.24817085,27.7842,S1-199392850,S2-244040051
TN,-30.269882,15.606015,-14.179865,-46.57831,S1-613343562,S3-344085090
TN,-63.021427,9.991184,-27.507023,45.693703,S1-349570734,S3-595156868
TN,24.327894,43.368053,-30.588121,-45.61185,S1-917155003,S2-16284894
TN,58.4549,-21.20905,77.25945,-17.309635,S1-168598138,S3-436020217
TN,-22.544872,15.3578205,-12.836187,-9.115823,S1-930813457,S3-806711328
TN,-6.243973,-24.218601,-26.011597,-36.369106,S1-241740329,S3-946350457
TP,57.902763,38.39915,4.033433,28.933739,S1-552316245,S3-304693555
TN,-27.955212,3.200539,-16.39741,-40.25599,S1-344345049,S2-862447607
TN,-23.895695,19.431118,-31.460978,15.2836485,S1-910768806,S2-339573842
TN,27.378622,-62.020245,79.66105,-4.8517394,S1-243825897,S3-220613564
TN,-31.309608,-7.286116,-56.686893,36.502327,S1-372022580,S3-790168503
TN,-62.05364,9.069414,-33.40933,49.636517,S1-228739993,S3-377630086
TN,-10.642899,16.39724,-25.080631,-20.240993,S1-976644384,S3-536179430
TP,67.243805,27.254913,9.868149,46.070564,S1-192240280,S3-612147550
TN,47.925526,-12.98368,37.189327,-69.76182,S1-686050065,S3-166654622
TN,-40.935516,-27.061226,-39.588833,-15.389018,S1-922274043,S2-236912976
TN,50.19389,-9.642719,44.4164,-58.9442,S1-793156559,S2-517739542
TN,-38.709385,-29.268574,-43.579803,-4.211675,S1-958521799,S3-287509938
TP,68.00183,27.034264,10.489902,50.68818,S1-996662110,S2-673598925
TN,-19.589108,19.059649,-16.383875,-0.29230064,S1-113087040,S2-134476379
TN,-6.2366867,21.604967,-19.883024,3.6401587,S1-147754328,S3-663821676
TN,0.2343925,-51.712833,58.895298,-1.2884994,S1-764771696,S3-213211278
TP,43.261433,34.24744,3.7646353,27.972359,S1-493123748,S3-126393065
TN,-28.44594,36.51472,-49.341026,19.566744,S1-774592552,S3-479790153
TN,-26.285572,41.109154,-33.10835,-32.56877,S1-897814865,S2-138573587
TN,61.19516,-24.421131,71.151596,-16.666203,S1-986809492,S3-689209689
TN,-32.475876,42.189907,-38.722557,-5.4045744,S1-262038700,S2-393426869
TN,-5.501892,33.117817,-47.258163,-1.8807143,S1-908060707,S3-361483891
TN,8.292057,54.71512,-59.259106,1.881892,S1-831317617,S3-158946690
TN,-69.10959,19.403008,-16.214382,46.442623,S1-583585336,S2-974580458
TN,-34.195156,-7.1618752,-30.805157,-50.808178,S1-495869976,S2-746386650
TN,-23.935263,29.821062,-18.35627,22.180214,S1-871937131,S3-455549544
TN,52.402996,-29.211117,58.78133,-4.728904,S1-170824171,S3-653943836
TN,28.443245,-4.5792637,25.53698,-16.019693,S1-981036223,S3-322291409
TN,-33.69885,41.32724,-43.03399,10.001781,S1-881601072,S3-127182763
TN,50.257706,5.799631,33.865334,-68.90823,S1-33624028,S2-327608727
TN,13.397188,39.94199,-67.607185,-7.265212,S1-363326940,S3-169504761
TN,58.27999,-23.199732,74.50054,-23.766653,S1-650435675,S2-287570568
TN,47.040707,4.607078,39.32689,-60.27696,S1-471898844,S3-752174977
TN,23.088047,-45.453392,47.64781,22.164808,S1-670168143,S2-508402056
TN,-25.422626,4.7596474,-16.85656,-45.08669,S1-231064232,S3-849906439
TP,39.401833,33.972305,-2.0651717,34.56643,S1-98329831,S2-350194345
TN,-42.08671,-33.761597,-30.85986,-14.61416,S1-159719244,S3-831309608
TN,29.296934,-47.947132,48.584045,25.670736,S1-446175871,S3-476640390
TN,15.402597,43.33802,-64.15351,-21.206177,S1-387715445,S2-911504236
TN,-24.830784,17.250038,-23.965578,16.941294,S1-485577645,S3-240146440
TN,-21.299568,-42.734333,24.752533,-0.93711877,S1-424825330,S3-175565110
TN,-31.022112,-8.984199,-50.727856,-19.353739,S1-857545584,S2-408028268
TN,-58.641594,20.458355,-22.635918,46.58145,S1-496845402,S3-312165746
TN,-1.7165686,-6.9304204,21.288527,-72.50281,S1-771828876,S2-268216657
TN,-39.083115,-31.937294,-46.761425,18.472582,S1-238725002,S3-703181652
TN,45.293518,-1.2467083,21.487284,-69.92836,S1-801927589,S3-32363588
TP,43.554714,30.883642,4.0706615,30.707237,S1-35693116,S2-678534376
TN,-13.507439,13.923961,-33.0813,16.459518,S1-116237196,S2-232167217
TN,60.603043,-24.830452,76.83028,-17.074156,S1-632043327,S3-34959415
TN,-16.800217,14.422893,-11.065308,4.329981,S1-221704633,S2-516072266
TP,62.56583,25.919357,20.703556,46.820545,S1-777893476,S2-56521797
TN,6.5655713,30.804464,-52.601757,-31.784168,S1-739417622,S2-902628655
TP,39.802357,33.227497,-0.51190156,34.015804,S1-974476678,S2-671491609
TN,42.999535,-9.775211,32.134315,-61.943954,S1-787996660,S2-688393977
TN,22.192553,-31.318428,66.013336,13.104174,S1-2813428,S3-986150384
TN,32.69258,-52.1972,57.128796,30.514105,S1-678811076,S3-795312700
TN,4.273932,16.009483,-50.094353,-33.185406,S1-856117001,S3-893964665
TN,0.97759634,12.953365,-50.512447,-35.17814,S1-993657282,S2-756660950
TN,3.3183692,-44.093452,48.288654,-8.979609,S1-552695655,S2-778260282
TN,48.88499,0.3871764,36.040745,-62.006485,S1-977151213,S2-82026944
TN,32.101055,-57.398636,57.15395,30.819036,S1-854083419,S3-528085094
TP,62.580658,23.349403,20.126028,40.97101,S1-122812540,S3-706144929
TN,16.314054,13.963659,33.594685,62.392136,S1-133217604,S3-761736299
TN,-34.16014,-16.842857,-51.858833,33.794796,S1-711412360,S3-658685524
TN,-43.307053,-30.845924,-30.822546,-14.179833,S1-727541852,S3-720991829
TN,37.995533,-19.093946,25.556805,14.199188,S1-98512688,S2-843144499
TN,34.430553,-34.27053,35.64428,34.750603,S1-54339000,S2-335596020
TN,46.623928,6.708529,37.30416,-54.65908,S1-25342121,S3-794092924
TN,4.1714773,43.172493,-59.52891,-4.0229306,S1-471921079,S2-57431779
TN,11.249282,-10.417944,12.123617,-1.6761014,S1-358918765,S3-474898285
TN,30.862064,-27.128248,30.58318,28.126827,S1-265706093,S2-353817699
TN,42.927315,9.620714,21.665413,-73.04626,S1-248093994,S2-529600157
TP,52.411537,35.508644,4.0321116,34.67588,S1-566626749,S3-592214430
TN,-44.59701,16.75756,-13.463867,28.98904,S1-58967572,S3-27016132
TN,-46.151695,-34.909744,-46.87731,12.987922,S1-286641577,S3-61217940
TN,26.42168,-61.739742,80.51279,-5.719533,S1-949070240,S3-919242353
TN,-22.35401,0.2945698,-26.991016,-40.02366,S1-550913389,S3-941303809
TN,-12.44636,12.637333,-13.654249,-5.779894,S1-887872269,S2-194476663
TN,27.513533,-52.909992,81.57314,0.32618743,S1-841033280,S2-481883554
TN,-13.522303,19.316326,-16.27578,6.5207605,S1-651637708,S3-299871990
TN,-41.172745,24.37459,3.1917856,69.48467,S1-330903997,S3-311915447
TN,-48.556236,-22.516397,-17.226658,-39.05618,S1-401894521,S2-500660734
TN,-20.957764,-3.4516509,-25.424871,-35.159214,S1-805190250,S2-263780554
TN,-41.31773,-25.489597,-30.436995,-40.39194,S1-579659299,S3-536516404
TN,7.2606726,-11.796884,13.93848,-9.918223,S1-91855229,S3-329543469
TN,51.688786,-25.094927,42.8361,22.166718,S1-413375820,S2-598642946
TN,47.29869,4.1186376,36.25855,-59.821663,S1-847720823,S2-841823367
TP,-36.28932,51.19067,-8.90009,29.167982,S1-737246554,S3-673142465
TN,54.969223,-28.811056,61.78505,-5.5870333,S1-344027043,S3-330494429
TN,35.54424,-30.635061,35.240887,34.145493,S1-319282340,S3-975457797
TN,-40.49161,18.492695,-9.61945,33.820194,S1-784720991,S3-148638593
TN,30.199596,-10.024759,20.374207,-52.269665,S1-253351982,S3-53235922
TN,30.316265,-39.06766,74.98509,14.139679,S1-275487948,S3-706100826
TN,-39.353416,-40.29977,-40.036976,21.631254,S1-388518252,S2-726040122
TN,-6.9239173,-32.56075,11.36874,-50.769577,S1-924101177,S2-90106753
TN,-66.07123,22.19028,-31.938864,47.23145,S1-810689588,S3-983695784
TN,27.350098,-27.89934,32.170578,26.020847,S1-345689282,S2-482830722
TN,1.8465608,53.743607,-30.745613,-45.438927,S1-577638347,S2-954443635
TN,-21.706015,1.2114574,-23.238993,-37.62648,S1-280136382,S3-513980959
TN,-50.449036,-1.85927,-40.38881,-5.4519057,S1-158364454,S2-776112922
TN,24.329119,-66.35511,70.56728,30.120237,S1-911301119,S2-644223658
TN,-11.618174,43.860844,-0.89395654,1.8589594,S1-455977155,S2-433485597
TN,-28.609913,9.889225,-23.767681,-18.548994,S1-76300074,S3-37272593
TN,-48.68328,-2.0119376,-38.355213,-7.0623384,S1-402713985,S2-699015347
TN,-19.593893,-40.01899,12.428827,0.6508542,S1-11916820,S3-895393712
TN,-66.45182,22.723545,-29.154242,52.208477,S1-149718077,S3-696955261
TN,26.280672,-38.927834,73.18919,17.526947,S1-922189089,S2-575547548
TN,-38.52706,41.339806,-26.058262,-37.95217,S1-286096096,S3-402402513
TN,30.675768,-11.915357,19.94181,-50.326828,S1-123119398,S3-693245035
TN,0.009461413,-45.3789,51.835655,-11.879792,S1-126267472,S3-237947404
TN,50.182728,3.3405213,33.480022,-68.345985,S1-614682928,S2-410112935
TN,34.132507,14.958274,21.003206,30.613956,S1-326286993,S2-495636187
TN,-78.791534,21.956396,-49.331364,42.509506,S1-886160560,S3-856720321
TN,24.16926,41.88357,-26.537645,-46.72851,S1-319581930,S3-145915286
TN,-26.588717,-12.116361,-53.168785,36.598476,S1-613430718,S2-50071026
TN,-48.28697,-24.288021,-15.478274,-41.06375,S1-285045173,S2-250725156
TN,-3.3253558,-29.51696,13.52728,-43.40022,S1-985314838,S3-993652488
TN,-71.26137,8.49873,-42.54858,55.849003,S1-345156876,S3-50425066
TN,-70.122246,31.310226,-19.237167,36.222317,S1-599631137,S2-238743021
TN,-62.96441,30.658463,-35.71033,58.913303,S1-321654490,S3-483275475
TN,13.912632,42.939316,-68.48101,-17.973623,S1-41358045,S2-666889342
TP,46.02257,25.320267,4.920072,36.991096,S1-183921879,S3-213462588
TN,50.74993,-28.331055,44.83464,12.410597,S1-452117860,S2-585489181
TN,-17.544613,31.189308,-38.314983,-7.7568364,S1-833582967,S2-719793590
TN,1.461095,-9.501717,2.1957111,-20.056082,S1-66885619,S2-294314599
TN,9.934392,-23.956648,39.255695,-4.9271636,S1-677638041,S3-319644678
TN,29.098587,-50.990276,42.777122,-4.573587,S1-364295458,S3-625056567
TN,24.12106,-2.9626017,21.217031,-16.953297,S1-132142099,S3-551454274
TN,-14.99472,-28.663546,10.43639,-51.596687,S1-858110554,S2-998142844
TN,-15.777145,15.393473,-13.401202,2.7366135,S1-918422673,S2-509002886
TN,-2.2533457,-30.01314,13.467533,-43.421444,S1-280946770,S3-515191752
TN,53.409027,-29.701227,58.739582,-4.59647,S1-709356694,S3-927018357
TN,-8.791445,-28.985811,8.761319,-43.385426,S1-553753323,S3-306326270
TN,48.825603,3.7011285,39.14886,-62.094322,S1-272152275,S3-480427396
TN,-10.521651,6.2781205,-36.048717,14.906302,S1-541666627,S2-396471928
TN,-46.346195,-22.269562,-20.433043,-37.99833,S1-627919278,S2-967469440
TN,-40.465336,19.12592,-9.850771,31.860622,S1-388801660,S3-93523989
TN,-60.697342,17.616959,-23.096952,48.864536,S1-314206529,S2-381043096
TN,-49.80017,-33.769367,-22.067486,21.38334,S1-48196190,S2-976747831
TN,9.482432,45.628845,-61.159016,-4.623391,S1-972210348,S2-489331129
TN,-24.507347,-17.142036,13.456666,-28.007463,S1-803106774,S2-262391601
TN,-67.78038,18.416832,-36.265762,44.70072,S1-242257418,S2-235132696
TN,-24.05633,5.7617397,-17.025093,-39.349537,S1-174362747,S2-493207734
TN,-0.71586853,22.462654,-16.226345,3.9193707,S1-586504980,S3-677179075
TN,-53.08866,0.12543923,-0.6478185,6.7659755,S1-168143660,S2-245468936
TN,-64.548,30.141104,-40.297825,56.165527,S1-755507041,S2-730139492
TN,65.7336,-20.626503,41.268723,-7.3063765,S1-188601464,S2-849805630
TN,10.673736,-29.68144,20.42041,-39.28244,S1-790066097,S2-5894391
TN,25.79183,-55.631485,61.427555,31.343002,S1-418823633,S3-348772066
TN,7.954208,-43.497364,59.192844,3.0086908,S1-526606022,S2-9437027
TN,47.24382,-14.420776,37.221714,28.652687,S1-528448226,S2-394706721
TN,1.6861093,-53.59477,60.351414,1.9863886,S1-2095293,S2-956608568
TN,-48.466724,20.149841,-20.572624,49.532623,S1-851731783,S2-734958527
TN,2.4956448,41.85793,-59.65155,-9.720905,S1-721419684,S3-362245198
TN,-15.7590065,-55.96775,35.43158,-35.167473,S1-197413219,S3-271415319
TN,32.33464,-52.914898,89.39361,-2.2123475,S1-49198071,S3-385306063
TN,-8.57394,-28.233707,4.6966195,-37.932873,S1-58616075,S2-95125641
TP,50.235577,30.138706,5.410548,38.72251,S1-780107965,S2-199474840
TN,-32.030403,46.60349,-38.61127,-4.453691,S1-418777220,S2-959996304
TN,14.053642,44.719234,-65.020996,-0.21427737,S1-187554366,S2-349237973
TN,-21.997084,19.594666,-32.283707,15.302139,S1-808661978,S2-954089100
TN,0.915264,19.389748,-50.11303,10.023515,S1-166105670,S3-209054133
TN,-53.67755,-0.29331514,-62.370255,-7.5995398,S1-567383063,S2-600542948
TN,-52.770306,-28.62067,-13.356218,24.117546,S1-153020486,S2-43331452
TN,1.1987373,-9.166861,3.526342,-19.445803,S1-382392085,S2-62743199
TN,-66.707886,23.77167,-34.702496,46.35423,S1-44781472,S3-212852403
TN,-2.4557776,-27.826754,11.32183,-46.792946,S1-876771133,S2-256008524
TN,-28.053415,-10.372355,-32.09709,-5.8226323,S1-731413058,S2-560990168
TP,67.633644,21.922487,13.3978815,42.93087,S1-724400769,S3-785848525
TN,-16.126316,15.185331,-13.02091,3.7533371,S1-490414569,S2-473866644
TN,-59.299484,21.317621,-22.92138,46.9163,S1-661275650,S3-397526153
TN,-23.430166,-35.768097,12.297001,-12.942275,S1-74628191,S3-647524801
TN,18.793001,-7.531689,22.613031,-19.2674,S1-474006063,S2-4520542
TN,-69.5793,26.476063,-34.123028,57.538445,S1-330513184,S2-558594038
TN,22.86785,-32.001408,66.861916,12.939959,S1-457304597,S3-104997889
TN,-44.078365,-23.849842,-19.11286,-45.188526,S1-204608860,S3-325470517
TN,20.477896,-10.035588,25.224648,-6.111384,S1-746368794,S3-230418195
TN,-12.382022,13.408755,-14.468992,-4.7704854,S1-566783321,S2-675102717
TN,4.730754,-13.192613,19.046339,-11.281998,S1-437725771,S2-676035860
TN,-0.6714731,-64.093666,48.296627,-32.333763,S1-602491523,S3-647166488
TN,33.08689,13.374665,16.282944,26.01445,S1-404803689,S2-856250401
TN,-8.810112,7.4395647,-14.673041,1.1305943,S1-611912108,S2-666721267
TP,39.785976,32.15781,1.7289302,31.640411,S1-113547115,S2-315326988
TN,60.712357,-22.110222,69.66684,-17.661558,S1-126596155,S3-320655750
TN,-9.601077,-26.062433,4.4125414,-37.262234,S1-533127129,S2-613108093
TN,-7.0551705,-21.04185,7.964119,-51.464718,S1-379539255,S2-318898250
TN,-60.777668,25.69193,-24.891157,47.668835,S1-33731800,S3-125745065
TN,4.7225842,-10.114595,14.15875,-1.539268,S1-839447844,S2-79238519
TN,-0.01969021,-64.93176,49.479767,-31.174114,S1-925622547,S3-917745872
TN,-7.9419518,11.837252,-35.443474,19.951487,S1-414399739,S2-99620973
TN,-13.241835,40.734524,0.02024111,1.7550622,S1-103304719,S2-724835750
TN,18.931383,-45.6445,46.441895,21.688955,S1-423431791,S3-480472627
TN,-28.056547,-30.663492,-45.3352,-43.559486,S1-256195195,S2-574625459
TN,-21.53211,-40.01391,14.797184,-1.1010695,S1-561052094,S2-184183848
TN,14.297797,-13.993903,24.191332,2.7621996,S1-871849716,S2-34708340
TP,50.564095,32.946712,4.581289,36.571674,S1-56026684,S3-18220575
TN,56.05098,-24.71195,75.704895,-19.72489,S1-716363350,S2-543246954
TN,9.779528,-32.597233,24.021864,-38.052444,S1-45883579,S3-878825970
TN,19.775337,-19.891056,27.115902,3.1234965,S1-966978783,S2-757298852
TN,12.454733,34.58628,-26.583214,-49.647324,S1-835385093,S2-105189135
TN,-27.874298,18.274462,-30.415295,6.9362016,S1-712493131,S2-11691857
TN,16.169405,-0.4983581,22.016436,-20.04653,S1-871589180,S2-897382974
TN,-77.711525,21.931107,-43.970215,43.638126,S1-770721379,S3-664249474
TN,1.0020765,48.800617,-55.092342,-10.844889,S1-926788399,S2-12588283
TN,-21.518644,17.77585,-43.642544,7.341235,S1-626507359,S3-283646175
TP,60.24115,19.081833,15.640012,53.3342,S1-973234055,S3-545497498
TN,3.7823389,-18.164152,2.3595486,-16.116442,S1-864175440,S2-333205148
TN,8.126173,-45.183407,58.636677,1.4996172,S1-646959524,S2-182090229
TN,21.549015,0.16909313,30.846455,-17.911148,S1-622641987,S2-602101637
TN,-31.374294,5.640516,-33.329056,-42.084957,S1-357951709,S3-414756777
TN,34.21253,-59.179855,60.68179,36.68832,S1-644533286,S3-235606592
TN,1.8299168,-22.462986,20.292904,-52.294373,S1-218030275,S3-262860286
TN,-19.913788,23.078884,-12.961358,1.7208617,S1-4782077,S2-152861819
TN,-5.04547,32.166504,-17.049494,-30.158348,S1-392899620,S2-944768997
TN,31.763554,-56.617294,57.755688,35.21574,S1-5413263,S3-116906267
TP,65.83703,22.514977,15.477374,44.376892,S1-917049487,S2-89468206
TN,-28.428751,28.590166,-50.48039,23.760735,S1-250315599,S3-468743138
TN,30.254099,-27.438227,30.508469,28.180584,S1-263711700,S2-759482759
TN,-35.40673,-16.418404,-10.771291,-40.766922,S1-16390941,S2-251372371
TN,-4.1344485,21.936722,-53.24878,10.297368,S1-228339228,S3-899473594
TP,52.08918,19.743328,21.390339,33.170963,S1-676752608,S2-82772836
TP,64.70418,21.445843,14.437486,48.1981,S1-792395507,S2-588098132
TN,-65.47374,24.100595,-28.42581,52.20737,S1-420521161,S3-439150342
TN,-17.537498,33.33185,-39.680107,-15.270284,S1-387768804,S2-3934378
TN,38.989758,2.8789313,20.535912,-70.275314,S1-143434436,S2-662814637
TN,20.396088,-4.271421,28.552244,-5.1010885,S1-26643484,S2-79949943
TP,61.834736,29.85895,17.55688,46.59091,S1-982156004,S2-652270381
TN,30.859442,-10.042853,20.187267,-52.0082,S1-378802290,S3-640608286
TN,-25.127052,39.822628,-39.768406,-4.495587,S1-66634686,S2-38086070
TN,-34.96738,-40.79363,-46.565483,-42.213512,S1-398553117,S3-89053887
TN,-18.45383,-38.028957,21.50117,-74.537636,S1-355228489,S2-757470067
TN,-33.08461,33.385384,-37.3498,15.130291,S1-928651517,S2-413578337
TP,51.155743,30.373013,14.177621,51.21887,S1-947958829,S2-200844775
TN,-17.128624,-30.628424,6.931894,-49.18969,S1-56345662,S2-109936121
TN,25.50104,-4.5628486,25.505428,-21.766882,S1-634802275,S3-321300550
TN,26.334122,-70.92708,91.569664,3.5857408,S1-599244719,S2-726767876
TN,-34.32922,-31.750822,-42.253998,-5.405111,S1-459373055,S3-250302573
TN,-7.1268473,9.128774,-35.805252,15.942304,S1-467419737,S2-344427074
TN,19.434387,-29.90269,16.739311,-40.042347,S1-521389663,S2-290980942
TP,56.463863,30.14053,10.126456,39.277042,S1-833958657,S3-132828438
TN,0.797002,-54.20735,26.11999,13.512974,S1-61467532,S2-511580388
TN,-49.54848,-1.310723,-45.84651,1.5987829,S1-992593746,S3-389890474
TN,-1.9265013,-19.918938,18.122963,-55.86083,S1-966698203,S3-965116729
TN,1.3403139,29.66553,-37.22211,-21.942308,S1-252988565,S3-175302627
TN,48.16818,6.8176055,36.97628,-60.4385,S1-405995080,S2-556334678
TN,-5.7618537,16.477354,-17.347559,2.5908666,S1-537487624,S3-965218813
TN,-49.61919,-29.749912,-29.650734,12.40915,S1-104242912,S3-502438586
TN,-47.28209,-30.72768,-26.674717,-34.023827,S1-263187241,S2-548109300
TN,-16.153532,29.46123,-33.569107,-19.489088,S1-270627800,S2-640644980
TN,10.700583,51.30169,-10.869447,23.13133,S1-654645778,S2-696039663
TN,55.638523,-29.763098,60.816498,-6.9263163,S1-793077468,S2-288573028
TP,66.518326,24.410032,11.7056055,45.10796,S1-503202317,S3-532229390
TN,-3.5126436,-24.50827,5.475685,-45.062187,S1-482901082,S3-147268883
TN,50.70654,-8.186346,74.16985,10.75163,S1-469783307,S2-868378840
TN,14.496188,22.199862,-18.136616,-32.844975,S1-555841067,S3-625373961
TN,16.761862,-52.799847,38.781197,-2.7284467,S1-993483093,S2-110228119
TN,-77.88101,22.990236,-46.297485,44.225418,S1-302585776,S3-798411015
TN,15.035452,-20.710318,19.34781,-34.846592,S1-48825926,S2-944702892
TN,-36.641155,43.759624,-39.730114,0.8724122,S1-704178544,S3-681582937
TN,1.6660278,-54.525234,61.37552,-0.5308695,S1-895778054,S3-674239687
TN,-36.34881,-33.44743,-41.09094,-7.8710318,S1-426373345,S2-884966055
TN,-17.81462,29.404957,-11.310796,3.5318897,S1-813775745,S2-885785592
TN,12.654258,-42.04736,43.10182,11.65849,S1-171373913,S2-269771886
TP,54.579052,31.114546,10.479945,38.071625,S1-107355305,S3-384661703
TN,4.438941,-4.4536133,2.1213784,-19.751808,S1-486639394,S2-754043683
TN,23.85515,-10.041596,34.75196,60.71653,S1-181789864,S3-133456712
TN,-50.65994,-26.030048,-16.999716,-42.909767,S1-446713153,S3-8636553
TN,2.774765,46.443707,-57.026127,-19.20035,S1-54929148,S2-727061499
TN,30.444672,-5.8102612,37.094078,-7.3151603,S1-365967259,S3-964644554
TN,-53.820774,-3.158551,-69.24675,-12.131388,S1-952551484,S3-830565433
TN,-14.462093,10.623225,-32.91407,17.586967,S1-630824908,S2-809180788
TN,14.188342,41.696552,-67.99093,-20.267431,S1-197837383,S2-514636287
TN,-41.319866,-42.774193,-43.859844,-2.494278,S1-307448125,S3-188410016
TN,60.587906,-21.552309,69.44254,-18.40243,S1-504478435,S3-717753650
TN,0.56543136,-10.083989,3.035827,-21.594786,S1-969679518,S3-373593369
TP,49.8049,26.533598,13.860075,30.279947,S1-613666554,S2-960583908
TN,52.270046,-29.870466,58.732018,-4.7246256,S1-754458384,S3-309839237
TN,-0.9854564,-6.8845096,21.043785,-72.62709,S1-669562813,S2-695072613
TN,-6.8952656,20.761145,-49.534805,12.981007,S1-774191606,S3-794927668
TN,-30.67011,39.67626,-48.27835,10.734884,S1-938294080,S3-544047856
TN,-23.217659,-0.7460365,-19.427227,-38.098755,S1-732903527,S2-633363425
TN,29.17394,-58.661987,58.931053,32.85831,S1-58509288,S3-529872808
TN,6.673158,-41.532433,47.61896,-8.160047,S1-161822872,S2-956164254
TN,21.544374,-60.298985,68.053085,36.495964,S1-731929713,S2-257644343
TN,10.824623,52.83585,-63.187675,-16.561134,S1-195145636,S2-935770571
TN,29.124025,-5.6682544,26.53215,-15.82122,S1-103378867,S3-275751097
TN,-17.171934,35.610638,-36.418644,-1.4616619,S1-877395477,S2-866886512
TN,0.96599025,37.126034,-53.303284,-10.830005,S1-958673133,S2-627048107
TN,-2.7824414,19.712194,-53.252224,15.505803,S1-590768319,S3-159274496
TN,6.0712833,-48.243134,59.9727,-0.99446934,S1-995220280,S3-326055686
TN,32.787388,14.711909,17.777824,27.972252,S1-121411330,S3-475909900
TN,-39.985126,41.88351,-20.511435,-37.618755,S1-494387353,S2-223704229
TN,-14.093913,38.173927,-7.016375,-7.0944114,S1-419663822,S3-183046573
TN,33.07927,-33.48832,39.97956,36.20575,S1-238204133,S2-17620774
TN,1.1025019,-31.254585,15.069788,-46.910133,S1-343969971,S2-436827424
TN,-10.467275,19.66065,-45.396236,4.2563534,S1-756888374,S3-296769018
TN,30.863047,-39.843872,75.16669,14.213976,S1-971015559,S3-906530971
TN,-1.2894974,45.38865,-57.13517,-18.848682,S1-73703822,S2-226953686
TN,-42.33789,-28.50289,-37.557278,-15.70862,S1-821015670,S2-717390110
TN,49.596054,-18.524296,39.043213,29.01958,S1-108211580,S2-969694515
TN,26.982115,-13.644184,24.16346,-38.455715,S1-880192492,S3-301916059
TN,-38.94687,45.128098,-14.6521,-44.97198,S1-287797988,S2-468159669
TN,22.144321,-47.927986,87.75854,-1.426222,S1-605693123,S3-396567133
FN,27.801321,11.127204,-14.269897,-24.313795,S1-309711010,S2-241832386
TN,6.6791987,48.156437,-60.206955,-13.004934,S1-54129337,S3-407348765
TN,-30.694069,25.74203,-41.859657,20.659487,S1-443987342,S2-921210935
TN,25.438282,-50.590782,34.29812,59.51829,S1-617183607,S2-823947010
TN,-31.235748,43.938213,-37.11556,-4.8757224,S1-384200442,S2-372144570
TN,32.50564,-35.081882,39.885616,37.26196,S1-838764650,S3-795796873
TN,5.9372616,-19.122868,10.413946,-20.29377,S1-392503705,S3-675316372
TN,-35.862682,50.88729,-8.409707,28.136507,S1-691065310,S2-386226633
TN,-52.454826,-0.5131528,-5.9821634,0.9293721,S1-877928142,S3-807205145
TN,-2.2313166,21.7766,-50.66802,11.213205,S1-510456214,S3-646151657
TN,48.0153,-13.8856325,37.41555,-71.008255,S1-889364716,S2-151849568
TN,-20.300291,-40.353374,12.785898,-9.7388115,S1-517209790,S3-55983559
TN,-0.2383776,-47.508682,51.752827,-9.874169,S1-96038071,S3-834899033
TN,1.349416,-23.756142,20.027239,-49.9416,S1-367121454,S3-466444453
TN,-3.3944979,28.505274,-55.967876,15.878272,S1-101956289,S3-680921669
TN,27.508389,-12.508595,17.25226,-52.72661,S1-668424613,S2-189303892
TN,48.386795,-10.317382,43.58668,-61.310497,S1-339610260,S2-273439137
TN,-14.53324,26.769009,-22.14808,-16.343206,S1-401262139,S3-56383859
TP,63.51343,21.596912,17.11576,45.190212,S1-112846587,S2-244130180
TN,29.48179,-9.895533,17.475824,-52.70733,S1-414852564,S2-208966064
TP,52.13872,22.521372,11.381701,26.407974,S1-340873229,S3-959314175
TN,-51.448315,-5.438103,-34.307793,-17.051716,S1-810179436,S2-834540304
TN,-30.19268,43.009594,-43.173653,3.3144512,S1-896796983,S3-812366611
TN,-48.158173,-33.491367,34.467113,62.164757,S1-799408773,S3-109961512
TN,25.827406,-70.83335,89.519325,3.831195,S1-954234236,S2-837190965
TN,22.958513,-7.544559,24.438202,-17.81684,S1-13508144,S3-464720207
TN,23.6672,-30.89993,65.44267,12.571163,S1-624946184,S3-221686396
TN,-14.217716,14.438976,-28.670336,-24.332333,S1-578258600,S2-66403031
TN,-24.616114,18.227625,-11.77856,-44.8711,S1-899724972,S3-282345866
TP,40.44717,31.009924,3.896669,23.581846,S1-23398471,S3-12488772
TN,9.777294,45.400345,-62.49018,-0.62226003,S1-833795220,S2-977267218
TN,-47.943626,-24.998177,-15.730252,-39.782074,S1-156703930,S2-795560906
TN,5.7869716,0.59369606,9.4829855,-11.094587,S1-271887067,S3-123963503
TN,2.2633395,-61.21855,51.80389,-30.743933,S1-114910897,S2-495045621
TN,-11.199585,-35.173878,20.74284,-37.85595,S1-219336858,S2-556248978
TN,26.31822,-2.1973755,29.194193,-19.026974,S1-85634861,S2-978580361
